null,mode,stage,wave,enemy_type,count,formation_type,hp_multiplier,attack_multiplier,sub_wave
null,Normal,1,1,ZombieMan,5,SCATTER,0.58,0.58,1
null,Normal,1,1,ZombieMan,7,SCATTER,0.58,0.58,2
null,Normal,1,2,ZombieMan,6,SCATTER,0.84,0.84,1
null,Normal,1,2,ZombieMan,8,SCATTER,0.84,0.84,2
null,Normal,1,3,ZombieMan,6,SCATTER,1.09,1.09,1
null,Normal,1,3,ZombieMan,9,SCATTER,1.09,1.09,2
null,Normal,1,4,ZombieMan,6,SCATTER,1.35,1.35,1
null,Normal,1,4,ZombieMan,9,SCATTER,1.35,1.35,2
null,Normal,1,4,DefTankZombie,1,LINE_CENTER,1.35,1.35,1
null,Normal,1,4,DefTankZombie,1,LINE_CENTER,1.35,1.35,2
null,Normal,1,5,ZombieMan,5,SCATTER,1.6,1.6,1
null,Normal,1,5,ZombieMan,8,SCATTER,1.6,1.6,2
null,Normal,1,5,DefTankZombie,1,LINE_CENTER,1.6,1.6,1
null,Normal,1,5,DefTankZombie,1,LINE_CENTER,1.6,1.6,2
null,Normal,1,5,ZombieBoss,1,LINE_LEFT,1.6,1.6,2
null,Normal,1,6,ZombieMan,7,SCATTER,1.86,1.86,1
null,Normal,1,6,ZombieMan,11,SCATTER,1.86,1.86,2
null,Normal,1,6,DefTankZombie,1,LINE_CENTER,1.86,1.86,1
null,Normal,1,6,DefTankZombie,1,LINE_CENTER,1.86,1.86,2
null,Normal,1,7,ZombieMan,7,SCATTER,2.12,2.12,1
null,Normal,1,7,ZombieMan,11,SCATTER,2.12,2.12,2
null,Normal,1,7,DefTankZombie,1,LINE_CENTER,2.12,2.12,1
null,Normal,1,7,DefTankZombie,2,LINE_CENTER,2.12,2.12,2
null,Normal,1,8,ZombieMan,8,SCATTER,2.37,2.37,1
null,Normal,1,8,ZombieMan,12,SCATTER,2.37,2.37,2
null,Normal,1,8,DefTankZombie,1,LINE_CENTER,2.37,2.37,1
null,Normal,1,8,DefTankZombie,2,LINE_CENTER,2.37,2.37,2
null,Normal,1,9,ZombieMan,8,SCATTER,2.62,2.62,1
null,Normal,1,9,ZombieMan,12,SCATTER,2.62,2.62,2
null,Normal,1,9,DefTankZombie,2,LINE_CENTER,2.62,2.62,1
null,Normal,1,9,DefTankZombie,2,LINE_CENTER,2.62,2.62,2
null,Normal,1,10,ZombieMan,7,SCATTER,2.88,2.88,1
null,Normal,1,10,ZombieMan,10,SCATTER,2.88,2.88,2
null,Normal,1,10,DefTankZombie,2,LINE_CENTER,2.88,2.88,1
null,Normal,1,10,DefTankZombie,2,LINE_CENTER,2.88,2.88,2
null,Normal,1,10,ZombieBoss,1,LINE_LEFT,2.88,2.88,2
null,Normal,2,1,ZombieMan,5,SCATTER,0.68,0.68,1
null,Normal,2,1,ZombieMan,7,SCATTER,0.68,0.68,2
null,Normal,2,2,ZombieMan,6,SCATTER,1.0,1.0,1
null,Normal,2,2,ZombieMan,8,SCATTER,1.0,1.0,2
null,Normal,2,3,ZombieMan,6,SCATTER,1.32,1.32,1
null,Normal,2,3,ZombieMan,9,SCATTER,1.32,1.32,2
null,Normal,2,4,ZombieMan,6,SCATTER,1.65,1.65,1
null,Normal,2,4,ZombieMan,9,SCATTER,1.65,1.65,2
null,Normal,2,4,ZzangDoleZombie,1,LINE_LEFT,1.65,1.65,1
null,Normal,2,4,ZzangDoleZombie,1,LINE_LEFT,1.65,1.65,2
null,Normal,2,5,ZombieMan,5,SCATTER,1.98,1.98,1
null,Normal,2,5,ZombieMan,8,SCATTER,1.98,1.98,2
null,Normal,2,5,ZzangDoleZombie,1,LINE_LEFT,1.98,1.98,1
null,Normal,2,5,ZzangDoleZombie,1,LINE_LEFT,1.98,1.98,2
null,Normal,2,5,ZombieBoss,1,LINE_LEFT,1.98,1.98,2
null,Normal,2,6,ZombieMan,7,SCATTER,2.3,2.3,1
null,Normal,2,6,ZombieMan,11,SCATTER,2.3,2.3,2
null,Normal,2,6,ZzangDoleZombie,1,LINE_LEFT,2.3,2.3,1
null,Normal,2,6,ZzangDoleZombie,1,LINE_LEFT,2.3,2.3,2
null,Normal,2,7,ZombieMan,8,SCATTER,2.62,2.62,1
null,Normal,2,7,ZombieMan,11,SCATTER,2.62,2.62,2
null,Normal,2,7,ZzangDoleZombie,1,LINE_LEFT,2.62,2.62,1
null,Normal,2,7,ZzangDoleZombie,2,LINE_LEFT,2.62,2.62,2
null,Normal,2,8,ZombieMan,8,SCATTER,2.95,2.95,1
null,Normal,2,8,ZombieMan,12,SCATTER,2.95,2.95,2
null,Normal,2,8,ZzangDoleZombie,1,LINE_LEFT,2.95,2.95,1
null,Normal,2,8,ZzangDoleZombie,2,LINE_LEFT,2.95,2.95,2
null,Normal,2,9,ZombieMan,7,SCATTER,3.27,3.27,1
null,Normal,2,9,ZombieMan,11,SCATTER,3.27,3.27,2
null,Normal,2,9,ZzangDoleZombie,2,LINE_LEFT,3.27,3.27,1
null,Normal,2,9,ZzangDoleZombie,2,LINE_LEFT,3.27,3.27,2
null,Normal,2,9,RushZombie,1,SCATTER,3.27,3.27,1
null,Normal,2,9,RushZombie,1,SCATTER,3.27,3.27,2
null,Normal,2,10,ZombieMan,6,SCATTER,3.6,3.6,1
null,Normal,2,10,ZombieMan,9,SCATTER,3.6,3.6,2
null,Normal,2,10,ZzangDoleZombie,2,LINE_LEFT,3.6,3.6,1
null,Normal,2,10,ZzangDoleZombie,2,LINE_LEFT,3.6,3.6,2
null,Normal,2,10,RushZombie,1,SCATTER,3.6,3.6,1
null,Normal,2,10,RushZombie,1,SCATTER,3.6,3.6,2
null,Normal,2,10,ZzangDoleZombieBoss,1,LINE_LEFT,3.6,3.6,2
null,Normal,3,1,ZombieMan,5,SCATTER,0.85,0.85,1
null,Normal,3,1,ZombieMan,7,SCATTER,0.85,0.85,2
null,Normal,3,2,ZombieMan,6,SCATTER,1.18,1.18,1
null,Normal,3,2,ZombieMan,8,SCATTER,1.18,1.18,2
null,Normal,3,3,ZombieMan,6,SCATTER,1.51,1.51,1
null,Normal,3,3,ZombieMan,9,SCATTER,1.51,1.51,2
null,Normal,3,4,ZombieMan,6,SCATTER,1.85,1.85,1
null,Normal,3,4,ZombieMan,9,SCATTER,1.85,1.85,2
null,Normal,3,4,ZzangDoleZombie,1,LINE_LEFT,1.85,1.85,1
null,Normal,3,4,ZzangDoleZombie,1,LINE_LEFT,1.85,1.85,2
null,Normal,3,5,ZombieMan,5,SCATTER,2.18,2.18,1
null,Normal,3,5,ZombieMan,8,SCATTER,2.18,2.18,2
null,Normal,3,5,ZzangDoleZombie,1,LINE_LEFT,2.18,2.18,1
null,Normal,3,5,ZzangDoleZombie,1,LINE_LEFT,2.18,2.18,2
null,Normal,3,5,ZzangDoleZombieBoss,1,LINE_LEFT,2.18,2.18,2
null,Normal,3,6,ZombieMan,7,SCATTER,2.51,2.51,1
null,Normal,3,6,ZombieMan,11,SCATTER,2.51,2.51,2
null,Normal,3,6,ZzangDoleZombie,1,LINE_LEFT,2.51,2.51,1
null,Normal,3,6,ZzangDoleZombie,1,LINE_LEFT,2.51,2.51,2
null,Normal,3,7,ZombieMan,8,SCATTER,2.84,2.84,1
null,Normal,3,7,ZombieMan,11,SCATTER,2.84,2.84,2
null,Normal,3,7,ZzangDoleZombie,1,LINE_LEFT,2.84,2.84,1
null,Normal,3,7,ZzangDoleZombie,2,LINE_LEFT,2.84,2.84,2
null,Normal,3,8,ZombieMan,8,SCATTER,3.17,3.17,1
null,Normal,3,8,ZombieMan,12,SCATTER,3.17,3.17,2
null,Normal,3,8,ZzangDoleZombie,1,LINE_LEFT,3.17,3.17,1
null,Normal,3,8,ZzangDoleZombie,2,LINE_LEFT,3.17,3.17,2
null,Normal,3,9,ZombieMan,7,SCATTER,3.51,3.51,1
null,Normal,3,9,ZombieMan,11,SCATTER,3.51,3.51,2
null,Normal,3,9,ZzangDoleZombie,2,LINE_LEFT,3.51,3.51,1
null,Normal,3,9,ZzangDoleZombie,2,LINE_LEFT,3.51,3.51,2
null,Normal,3,9,PushZombie,1,LINE_RIGHT,3.51,3.51,1
null,Normal,3,9,PushZombie,1,LINE_RIGHT,3.51,3.51,2
null,Normal,3,10,ZombieMan,6,SCATTER,3.84,3.84,1
null,Normal,3,10,ZombieMan,8,SCATTER,3.84,3.84,2
null,Normal,3,10,ZzangDoleZombie,2,LINE_LEFT,3.84,3.84,1
null,Normal,3,10,ZzangDoleZombie,2,LINE_LEFT,3.84,3.84,2
null,Normal,3,10,PushZombie,1,LINE_RIGHT,3.84,3.84,1
null,Normal,3,10,PushZombie,1,LINE_RIGHT,3.84,3.84,2
null,Normal,3,10,ZombieBoss,1,LINE_LEFT,3.84,3.84,2
null,Normal,3,11,ZombieMan,8,SCATTER,4.17,4.17,1
null,Normal,3,11,ZombieMan,13,SCATTER,4.17,4.17,2
null,Normal,3,11,ZzangDoleZombie,2,LINE_LEFT,4.17,4.17,1
null,Normal,3,11,ZzangDoleZombie,2,LINE_LEFT,4.17,4.17,2
null,Normal,3,11,PushZombie,1,LINE_RIGHT,4.17,4.17,1
null,Normal,3,11,PushZombie,1,LINE_RIGHT,4.17,4.17,2
null,Normal,3,12,ZombieMan,8,SCATTER,4.5,4.5,1
null,Normal,3,12,ZombieMan,12,SCATTER,4.5,4.5,2
null,Normal,3,12,ZzangDoleZombie,2,LINE_LEFT,4.5,4.5,1
null,Normal,3,12,ZzangDoleZombie,3,LINE_LEFT,4.5,4.5,2
null,Normal,3,12,PushZombie,1,LINE_RIGHT,4.5,4.5,1
null,Normal,3,12,PushZombie,2,LINE_RIGHT,4.5,4.5,2
null,Normal,3,13,ZombieMan,9,SCATTER,4.84,4.84,1
null,Normal,3,13,ZombieMan,13,SCATTER,4.84,4.84,2
null,Normal,3,13,ZzangDoleZombie,2,LINE_LEFT,4.84,4.84,1
null,Normal,3,13,ZzangDoleZombie,3,LINE_LEFT,4.84,4.84,2
null,Normal,3,13,PushZombie,1,LINE_RIGHT,4.84,4.84,1
null,Normal,3,13,PushZombie,2,LINE_RIGHT,4.84,4.84,2
null,Normal,3,14,ZombieMan,8,SCATTER,5.17,5.17,1
null,Normal,3,14,ZombieMan,13,SCATTER,5.17,5.17,2
null,Normal,3,14,ZzangDoleZombie,2,LINE_LEFT,5.17,5.17,1
null,Normal,3,14,ZzangDoleZombie,4,LINE_LEFT,5.17,5.17,2
null,Normal,3,14,PushZombie,2,LINE_RIGHT,5.17,5.17,1
null,Normal,3,14,PushZombie,2,LINE_RIGHT,5.17,5.17,2
null,Normal,3,15,ZombieMan,6,SCATTER,5.5,5.5,1
null,Normal,3,15,ZombieMan,10,SCATTER,5.5,5.5,2
null,Normal,3,15,ZzangDoleZombie,2,LINE_LEFT,5.5,5.5,1
null,Normal,3,15,ZzangDoleZombie,4,LINE_LEFT,5.5,5.5,2
null,Normal,3,15,PushZombie,2,LINE_RIGHT,5.5,5.5,1
null,Normal,3,15,PushZombie,2,LINE_RIGHT,5.5,5.5,2
null,Normal,3,15,PushZombieBoss,1,LINE_LEFT,5.5,5.5,2
null,Normal,4,1,ZombieMan,5,SCATTER,0.95,0.95,1
null,Normal,4,1,ZombieMan,7,SCATTER,0.95,0.95,2
null,Normal,4,2,ZombieMan,6,SCATTER,1.37,1.37,1
null,Normal,4,2,ZombieMan,8,SCATTER,1.37,1.37,2
null,Normal,4,3,ZombieMan,6,SCATTER,1.79,1.79,1
null,Normal,4,3,ZombieMan,9,SCATTER,1.79,1.79,2
null,Normal,4,4,ZombieMan,6,SCATTER,2.2,2.2,1
null,Normal,4,4,ZombieMan,8,SCATTER,2.2,2.2,2
null,Normal,4,4,RushZombie,1,SCATTER,2.2,2.2,1
null,Normal,4,4,RushZombie,1,SCATTER,2.2,2.2,2
null,Normal,4,5,ZombieMan,4,SCATTER,2.62,2.62,1
null,Normal,4,5,ZombieMan,7,SCATTER,2.62,2.62,2
null,Normal,4,5,RushZombie,1,SCATTER,2.62,2.62,1
null,Normal,4,5,RushZombie,1,SCATTER,2.62,2.62,2
null,Normal,4,5,RushZombieBoss,1,LINE_LEFT,2.62,2.62,2
null,Normal,4,6,ZombieMan,7,SCATTER,3.04,3.04,1
null,Normal,4,6,ZombieMan,10,SCATTER,3.04,3.04,2
null,Normal,4,6,RushZombie,1,SCATTER,3.04,3.04,1
null,Normal,4,6,RushZombie,1,SCATTER,3.04,3.04,2
null,Normal,4,7,ZombieMan,7,SCATTER,3.46,3.46,1
null,Normal,4,7,ZombieMan,10,SCATTER,3.46,3.46,2
null,Normal,4,7,RushZombie,1,SCATTER,3.46,3.46,1
null,Normal,4,7,RushZombie,2,SCATTER,3.46,3.46,2
null,Normal,4,8,ZombieMan,7,SCATTER,3.88,3.88,1
null,Normal,4,8,ZombieMan,11,SCATTER,3.88,3.88,2
null,Normal,4,8,RushZombie,1,SCATTER,3.88,3.88,1
null,Normal,4,8,RushZombie,2,SCATTER,3.88,3.88,2
null,Normal,4,9,ZombieMan,6,SCATTER,4.29,4.29,1
null,Normal,4,9,ZombieMan,9,SCATTER,4.29,4.29,2
null,Normal,4,9,RushZombie,2,SCATTER,4.29,4.29,1
null,Normal,4,9,RushZombie,2,SCATTER,4.29,4.29,2
null,Normal,4,9,PushZombie,1,LINE_RIGHT,4.29,4.29,1
null,Normal,4,9,PushZombie,1,LINE_RIGHT,4.29,4.29,2
null,Normal,4,10,ZombieMan,4,SCATTER,4.71,4.71,1
null,Normal,4,10,ZombieMan,7,SCATTER,4.71,4.71,2
null,Normal,4,10,RushZombie,2,SCATTER,4.71,4.71,1
null,Normal,4,10,RushZombie,2,SCATTER,4.71,4.71,2
null,Normal,4,10,PushZombie,1,LINE_RIGHT,4.71,4.71,1
null,Normal,4,10,PushZombie,1,LINE_RIGHT,4.71,4.71,2
null,Normal,4,10,PushZombieBoss,1,LINE_LEFT,4.71,4.71,2
null,Normal,4,11,ZombieMan,7,SCATTER,5.13,5.13,1
null,Normal,4,11,ZombieMan,11,SCATTER,5.13,5.13,2
null,Normal,4,11,RushZombie,2,SCATTER,5.13,5.13,1
null,Normal,4,11,RushZombie,2,SCATTER,5.13,5.13,2
null,Normal,4,11,PushZombie,1,LINE_RIGHT,5.13,5.13,1
null,Normal,4,11,PushZombie,1,LINE_RIGHT,5.13,5.13,2
null,Normal,4,12,ZombieMan,6,SCATTER,5.55,5.55,1
null,Normal,4,12,ZombieMan,10,SCATTER,5.55,5.55,2
null,Normal,4,12,RushZombie,2,SCATTER,5.55,5.55,1
null,Normal,4,12,RushZombie,3,SCATTER,5.55,5.55,2
null,Normal,4,12,PushZombie,1,LINE_RIGHT,5.55,5.55,1
null,Normal,4,12,PushZombie,2,LINE_RIGHT,5.55,5.55,2
null,Normal,4,13,ZombieMan,7,SCATTER,5.96,5.96,1
null,Normal,4,13,ZombieMan,11,SCATTER,5.96,5.96,2
null,Normal,4,13,RushZombie,2,SCATTER,5.96,5.96,1
null,Normal,4,13,RushZombie,3,SCATTER,5.96,5.96,2
null,Normal,4,13,PushZombie,1,LINE_RIGHT,5.96,5.96,1
null,Normal,4,13,PushZombie,2,LINE_RIGHT,5.96,5.96,2
null,Normal,4,14,ZombieMan,6,SCATTER,6.38,6.38,1
null,Normal,4,14,ZombieMan,10,SCATTER,6.38,6.38,2
null,Normal,4,14,RushZombie,2,SCATTER,6.38,6.38,1
null,Normal,4,14,RushZombie,4,SCATTER,6.38,6.38,2
null,Normal,4,14,PushZombie,2,LINE_RIGHT,6.38,6.38,1
null,Normal,4,14,PushZombie,2,LINE_RIGHT,6.38,6.38,2
null,Normal,4,15,ZombieMan,4,SCATTER,6.8,6.8,1
null,Normal,4,15,ZombieMan,7,SCATTER,6.8,6.8,2
null,Normal,4,15,RushZombie,2,SCATTER,6.8,6.8,1
null,Normal,4,15,RushZombie,4,SCATTER,6.8,6.8,2
null,Normal,4,15,PushZombie,2,LINE_RIGHT,6.8,6.8,1
null,Normal,4,15,PushZombie,2,LINE_RIGHT,6.8,6.8,2
null,Normal,4,15,RushZombieBoss,1,LINE_LEFT,6.8,6.8,2
null,Normal,5,1,ZombieMan,5,SCATTER,1.05,1.05,1
null,Normal,5,1,ZombieMan,7,SCATTER,1.05,1.05,2
null,Normal,5,2,ZombieMan,6,SCATTER,1.55,1.55,1
null,Normal,5,2,ZombieMan,8,SCATTER,1.55,1.55,2
null,Normal,5,3,ZombieMan,6,SCATTER,2.04,2.04,1
null,Normal,5,3,ZombieMan,9,SCATTER,2.04,2.04,2
null,Normal,5,4,ZombieMan,6,SCATTER,2.54,2.54,1
null,Normal,5,4,ZombieMan,9,SCATTER,2.54,2.54,2
null,Normal,5,4,ZzangDoleZombie,1,LINE_LEFT,2.54,2.54,1
null,Normal,5,4,ZzangDoleZombie,1,LINE_LEFT,2.54,2.54,2
null,Normal,5,5,ZombieMan,5,SCATTER,3.04,3.04,1
null,Normal,5,5,ZombieMan,8,SCATTER,3.04,3.04,2
null,Normal,5,5,ZzangDoleZombie,1,LINE_LEFT,3.04,3.04,1
null,Normal,5,5,ZzangDoleZombie,1,LINE_LEFT,3.04,3.04,2
null,Normal,5,5,ZzangDoleZombieBoss,1,LINE_LEFT,3.04,3.04,2
null,Normal,5,6,ZombieMan,7,SCATTER,3.53,3.53,1
null,Normal,5,6,ZombieMan,11,SCATTER,3.53,3.53,2
null,Normal,5,6,ZzangDoleZombie,1,LINE_LEFT,3.53,3.53,1
null,Normal,5,6,ZzangDoleZombie,1,LINE_LEFT,3.53,3.53,2
null,Normal,5,7,ZombieMan,8,SCATTER,4.03,4.03,1
null,Normal,5,7,ZombieMan,11,SCATTER,4.03,4.03,2
null,Normal,5,7,ZzangDoleZombie,1,LINE_LEFT,4.03,4.03,1
null,Normal,5,7,ZzangDoleZombie,2,LINE_LEFT,4.03,4.03,2
null,Normal,5,8,ZombieMan,8,SCATTER,4.53,4.53,1
null,Normal,5,8,ZombieMan,12,SCATTER,4.53,4.53,2
null,Normal,5,8,ZzangDoleZombie,1,LINE_LEFT,4.53,4.53,1
null,Normal,5,8,ZzangDoleZombie,2,LINE_LEFT,4.53,4.53,2
null,Normal,5,9,ZombieMan,7,SCATTER,5.02,5.02,1
null,Normal,5,9,ZombieMan,11,SCATTER,5.02,5.02,2
null,Normal,5,9,ZzangDoleZombie,2,LINE_LEFT,5.02,5.02,1
null,Normal,5,9,ZzangDoleZombie,2,LINE_LEFT,5.02,5.02,2
null,Normal,5,9,BoomZombie,1,SCATTER,5.02,5.02,1
null,Normal,5,9,BoomZombie,1,SCATTER,5.02,5.02,2
null,Normal,5,10,ZombieMan,6,SCATTER,5.52,5.52,1
null,Normal,5,10,ZombieMan,9,SCATTER,5.52,5.52,2
null,Normal,5,10,ZzangDoleZombie,2,LINE_LEFT,5.52,5.52,1
null,Normal,5,10,ZzangDoleZombie,2,LINE_LEFT,5.52,5.52,2
null,Normal,5,10,BoomZombie,1,SCATTER,5.52,5.52,1
null,Normal,5,10,BoomZombie,1,SCATTER,5.52,5.52,2
null,Normal,5,10,BoomZombieBoss,1,LINE_LEFT,5.52,5.52,2
null,Normal,5,11,ZombieMan,8,SCATTER,6.01,6.01,1
null,Normal,5,11,ZombieMan,13,SCATTER,6.01,6.01,2
null,Normal,5,11,ZzangDoleZombie,2,LINE_LEFT,6.01,6.01,1
null,Normal,5,11,ZzangDoleZombie,2,LINE_LEFT,6.01,6.01,2
null,Normal,5,11,BoomZombie,1,SCATTER,6.01,6.01,1
null,Normal,5,11,BoomZombie,1,SCATTER,6.01,6.01,2
null,Normal,5,12,ZombieMan,8,SCATTER,6.51,6.51,1
null,Normal,5,12,ZombieMan,13,SCATTER,6.51,6.51,2
null,Normal,5,12,ZzangDoleZombie,2,LINE_LEFT,6.51,6.51,1
null,Normal,5,12,ZzangDoleZombie,3,LINE_LEFT,6.51,6.51,2
null,Normal,5,12,BoomZombie,1,SCATTER,6.51,6.51,1
null,Normal,5,12,BoomZombie,2,SCATTER,6.51,6.51,2
null,Normal,5,13,ZombieMan,9,SCATTER,7.01,7.01,1
null,Normal,5,13,ZombieMan,13,SCATTER,7.01,7.01,2
null,Normal,5,13,ZzangDoleZombie,2,LINE_LEFT,7.01,7.01,1
null,Normal,5,13,ZzangDoleZombie,3,LINE_LEFT,7.01,7.01,2
null,Normal,5,13,BoomZombie,1,SCATTER,7.01,7.01,1
null,Normal,5,13,BoomZombie,2,SCATTER,7.01,7.01,2
null,Normal,5,14,ZombieMan,8,SCATTER,7.5,7.5,1
null,Normal,5,14,ZombieMan,13,SCATTER,7.5,7.5,2
null,Normal,5,14,ZzangDoleZombie,2,LINE_LEFT,7.5,7.5,1
null,Normal,5,14,ZzangDoleZombie,4,LINE_LEFT,7.5,7.5,2
null,Normal,5,14,BoomZombie,2,SCATTER,7.5,7.5,1
null,Normal,5,14,BoomZombie,2,SCATTER,7.5,7.5,2
null,Normal,5,15,ZombieMan,6,SCATTER,8.0,8.0,1
null,Normal,5,15,ZombieMan,10,SCATTER,8.0,8.0,2
null,Normal,5,15,ZzangDoleZombie,2,LINE_LEFT,8.0,8.0,1
null,Normal,5,15,ZzangDoleZombie,4,LINE_LEFT,8.0,8.0,2
null,Normal,5,15,BoomZombie,2,SCATTER,8.0,8.0,1
null,Normal,5,15,BoomZombie,2,SCATTER,8.0,8.0,2
null,Normal,5,15,ZombieBoss,1,LINE_LEFT,8.0,8.0,2
null,Normal,6,1,ZombieMan,5,SCATTER,1.15,1.15,1
null,Normal,6,1,ZombieMan,7,SCATTER,1.15,1.15,2
null,Normal,6,2,ZombieMan,6,SCATTER,1.73,1.73,1
null,Normal,6,2,ZombieMan,8,SCATTER,1.73,1.73,2
null,Normal,6,3,ZombieMan,6,SCATTER,2.3,2.3,1
null,Normal,6,3,ZombieMan,9,SCATTER,2.3,2.3,2
null,Normal,6,4,ZombieMan,6,SCATTER,2.88,2.88,1
null,Normal,6,4,ZombieMan,8,SCATTER,2.88,2.88,2
null,Normal,6,4,RushZombie,1,SCATTER,2.88,2.88,1
null,Normal,6,4,RushZombie,1,SCATTER,2.88,2.88,2
null,Normal,6,5,ZombieMan,4,SCATTER,3.45,3.45,1
null,Normal,6,5,ZombieMan,7,SCATTER,3.45,3.45,2
null,Normal,6,5,RushZombie,1,SCATTER,3.45,3.45,1
null,Normal,6,5,RushZombie,1,SCATTER,3.45,3.45,2
null,Normal,6,5,RushZombieBoss,1,LINE_LEFT,3.45,3.45,2
null,Normal,6,6,ZombieMan,7,SCATTER,4.03,4.03,1
null,Normal,6,6,ZombieMan,10,SCATTER,4.03,4.03,2
null,Normal,6,6,RushZombie,1,SCATTER,4.03,4.03,1
null,Normal,6,6,RushZombie,1,SCATTER,4.03,4.03,2
null,Normal,6,7,ZombieMan,7,SCATTER,4.6,4.6,1
null,Normal,6,7,ZombieMan,10,SCATTER,4.6,4.6,2
null,Normal,6,7,RushZombie,1,SCATTER,4.6,4.6,1
null,Normal,6,7,RushZombie,2,SCATTER,4.6,4.6,2
null,Normal,6,8,ZombieMan,7,SCATTER,5.17,5.17,1
null,Normal,6,8,ZombieMan,11,SCATTER,5.17,5.17,2
null,Normal,6,8,RushZombie,1,SCATTER,5.17,5.17,1
null,Normal,6,8,RushZombie,2,SCATTER,5.17,5.17,2
null,Normal,6,9,ZombieMan,6,SCATTER,5.75,5.75,1
null,Normal,6,9,ZombieMan,9,SCATTER,5.75,5.75,2
null,Normal,6,9,RushZombie,2,SCATTER,5.75,5.75,1
null,Normal,6,9,RushZombie,2,SCATTER,5.75,5.75,2
null,Normal,6,9,BoomZombie,1,SCATTER,5.75,5.75,1
null,Normal,6,9,BoomZombie,1,SCATTER,5.75,5.75,2
null,Normal,6,10,ZombieMan,4,SCATTER,6.33,6.33,1
null,Normal,6,10,ZombieMan,7,SCATTER,6.33,6.33,2
null,Normal,6,10,RushZombie,2,SCATTER,6.33,6.33,1
null,Normal,6,10,RushZombie,2,SCATTER,6.33,6.33,2
null,Normal,6,10,BoomZombie,1,SCATTER,6.33,6.33,1
null,Normal,6,10,BoomZombie,1,SCATTER,6.33,6.33,2
null,Normal,6,10,BoomZombieBoss,1,LINE_LEFT,6.33,6.33,2
null,Normal,6,11,ZombieMan,7,SCATTER,6.9,6.9,1
null,Normal,6,11,ZombieMan,11,SCATTER,6.9,6.9,2
null,Normal,6,11,RushZombie,2,SCATTER,6.9,6.9,1
null,Normal,6,11,RushZombie,2,SCATTER,6.9,6.9,2
null,Normal,6,11,BoomZombie,1,SCATTER,6.9,6.9,1
null,Normal,6,11,BoomZombie,1,SCATTER,6.9,6.9,2
null,Normal,6,12,ZombieMan,7,SCATTER,7.47,7.47,1
null,Normal,6,12,ZombieMan,10,SCATTER,7.47,7.47,2
null,Normal,6,12,RushZombie,2,SCATTER,7.47,7.47,1
null,Normal,6,12,RushZombie,3,SCATTER,7.47,7.47,2
null,Normal,6,12,BoomZombie,1,SCATTER,7.47,7.47,1
null,Normal,6,12,BoomZombie,2,SCATTER,7.47,7.47,2
null,Normal,6,13,ZombieMan,7,SCATTER,8.05,8.05,1
null,Normal,6,13,ZombieMan,11,SCATTER,8.05,8.05,2
null,Normal,6,13,RushZombie,2,SCATTER,8.05,8.05,1
null,Normal,6,13,RushZombie,3,SCATTER,8.05,8.05,2
null,Normal,6,13,BoomZombie,1,SCATTER,8.05,8.05,1
null,Normal,6,13,BoomZombie,2,SCATTER,8.05,8.05,2
null,Normal,6,14,ZombieMan,7,SCATTER,8.62,8.62,1
null,Normal,6,14,ZombieMan,10,SCATTER,8.62,8.62,2
null,Normal,6,14,RushZombie,2,SCATTER,8.62,8.62,1
null,Normal,6,14,RushZombie,4,SCATTER,8.62,8.62,2
null,Normal,6,14,BoomZombie,2,SCATTER,8.62,8.62,1
null,Normal,6,14,BoomZombie,2,SCATTER,8.62,8.62,2
null,Normal,6,15,ZombieMan,4,SCATTER,9.2,9.2,1
null,Normal,6,15,ZombieMan,7,SCATTER,9.2,9.2,2
null,Normal,6,15,RushZombie,2,SCATTER,9.2,9.2,1
null,Normal,6,15,RushZombie,4,SCATTER,9.2,9.2,2
null,Normal,6,15,BoomZombie,2,SCATTER,9.2,9.2,1
null,Normal,6,15,BoomZombie,2,SCATTER,9.2,9.2,2
null,Normal,6,15,RushZombieBoss2,1,LINE_LEFT,9.2,9.2,2
null,Normal,7,1,ZombieMan,5,SCATTER,1.25,1.25,1
null,Normal,7,1,ZombieMan,7,SCATTER,1.25,1.25,2
null,Normal,7,2,ZombieMan,6,SCATTER,1.9,1.9,1
null,Normal,7,2,ZombieMan,8,SCATTER,1.9,1.9,2
null,Normal,7,3,ZombieMan,6,SCATTER,2.56,2.56,1
null,Normal,7,3,ZombieMan,9,SCATTER,2.56,2.56,2
null,Normal,7,4,ZombieMan,5,SCATTER,3.21,3.21,1
null,Normal,7,4,ZombieMan,8,SCATTER,3.21,3.21,2
null,Normal,7,4,PushZombie,1,LINE_RIGHT,3.21,3.21,1
null,Normal,7,4,PushZombie,1,LINE_RIGHT,3.21,3.21,2
null,Normal,7,5,ZombieMan,4,SCATTER,3.86,3.86,1
null,Normal,7,5,ZombieMan,7,SCATTER,3.86,3.86,2
null,Normal,7,5,PushZombie,1,LINE_RIGHT,3.86,3.86,1
null,Normal,7,5,PushZombie,1,LINE_RIGHT,3.86,3.86,2
null,Normal,7,5,PushZombieBoss,1,LINE_LEFT,3.86,3.86,2
null,Normal,7,6,ZombieMan,6,SCATTER,4.52,4.52,1
null,Normal,7,6,ZombieMan,10,SCATTER,4.52,4.52,2
null,Normal,7,6,PushZombie,1,LINE_RIGHT,4.52,4.52,1
null,Normal,7,6,PushZombie,1,LINE_RIGHT,4.52,4.52,2
null,Normal,7,7,ZombieMan,6,SCATTER,5.17,5.17,1
null,Normal,7,7,ZombieMan,10,SCATTER,5.17,5.17,2
null,Normal,7,7,PushZombie,1,LINE_RIGHT,5.17,5.17,1
null,Normal,7,7,PushZombie,2,LINE_RIGHT,5.17,5.17,2
null,Normal,7,8,ZombieMan,7,SCATTER,5.83,5.83,1
null,Normal,7,8,ZombieMan,11,SCATTER,5.83,5.83,2
null,Normal,7,8,PushZombie,1,LINE_RIGHT,5.83,5.83,1
null,Normal,7,8,PushZombie,2,LINE_RIGHT,5.83,5.83,2
null,Normal,7,9,ZombieMan,6,SCATTER,6.48,6.48,1
null,Normal,7,9,ZombieMan,9,SCATTER,6.48,6.48,2
null,Normal,7,9,PushZombie,2,LINE_RIGHT,6.48,6.48,1
null,Normal,7,9,PushZombie,2,LINE_RIGHT,6.48,6.48,2
null,Normal,7,9,BoomZombie,1,SCATTER,6.48,6.48,1
null,Normal,7,9,BoomZombie,1,SCATTER,6.48,6.48,2
null,Normal,7,10,ZombieMan,4,SCATTER,7.13,7.13,1
null,Normal,7,10,ZombieMan,7,SCATTER,7.13,7.13,2
null,Normal,7,10,PushZombie,2,LINE_RIGHT,7.13,7.13,1
null,Normal,7,10,PushZombie,2,LINE_RIGHT,7.13,7.13,2
null,Normal,7,10,BoomZombie,1,SCATTER,7.13,7.13,1
null,Normal,7,10,BoomZombie,1,SCATTER,7.13,7.13,2
null,Normal,7,10,BoomZombieBoss,1,LINE_LEFT,7.13,7.13,2
null,Normal,7,11,ZombieMan,7,SCATTER,7.79,7.79,1
null,Normal,7,11,ZombieMan,11,SCATTER,7.79,7.79,2
null,Normal,7,11,PushZombie,2,LINE_RIGHT,7.79,7.79,1
null,Normal,7,11,PushZombie,2,LINE_RIGHT,7.79,7.79,2
null,Normal,7,11,BoomZombie,1,SCATTER,7.79,7.79,1
null,Normal,7,11,BoomZombie,1,SCATTER,7.79,7.79,2
null,Normal,7,12,ZombieMan,6,SCATTER,8.44,8.44,1
null,Normal,7,12,ZombieMan,10,SCATTER,8.44,8.44,2
null,Normal,7,12,PushZombie,2,LINE_RIGHT,8.44,8.44,1
null,Normal,7,12,PushZombie,3,LINE_RIGHT,8.44,8.44,2
null,Normal,7,12,BoomZombie,1,SCATTER,8.44,8.44,1
null,Normal,7,12,BoomZombie,2,SCATTER,8.44,8.44,2
null,Normal,7,13,ZombieMan,7,SCATTER,9.09,9.09,1
null,Normal,7,13,ZombieMan,11,SCATTER,9.09,9.09,2
null,Normal,7,13,PushZombie,2,LINE_RIGHT,9.09,9.09,1
null,Normal,7,13,PushZombie,3,LINE_RIGHT,9.09,9.09,2
null,Normal,7,13,BoomZombie,1,SCATTER,9.09,9.09,1
null,Normal,7,13,BoomZombie,2,SCATTER,9.09,9.09,2
null,Normal,7,14,ZombieMan,6,SCATTER,9.75,9.75,1
null,Normal,7,14,ZombieMan,10,SCATTER,9.75,9.75,2
null,Normal,7,14,PushZombie,2,LINE_RIGHT,9.75,9.75,1
null,Normal,7,14,PushZombie,4,LINE_RIGHT,9.75,9.75,2
null,Normal,7,14,BoomZombie,2,SCATTER,9.75,9.75,1
null,Normal,7,14,BoomZombie,2,SCATTER,9.75,9.75,2
null,Normal,7,15,ZombieMan,4,SCATTER,10.4,10.4,1
null,Normal,7,15,ZombieMan,7,SCATTER,10.4,10.4,2
null,Normal,7,15,PushZombie,2,LINE_RIGHT,10.4,10.4,1
null,Normal,7,15,PushZombie,4,LINE_RIGHT,10.4,10.4,2
null,Normal,7,15,BoomZombie,2,SCATTER,10.4,10.4,1
null,Normal,7,15,BoomZombie,2,SCATTER,10.4,10.4,2
null,Normal,7,15,PushZombieBoss,1,LINE_LEFT,10.4,10.4,2
null,Normal,8,1,ZombieMan,5,SCATTER,1.35,1.35,1
null,Normal,8,1,ZombieMan,7,SCATTER,1.35,1.35,2
null,Normal,8,2,ZombieMan,6,SCATTER,2.08,2.08,1
null,Normal,8,2,ZombieMan,8,SCATTER,2.08,2.08,2
null,Normal,8,3,ZombieMan,6,SCATTER,2.81,2.81,1
null,Normal,8,3,ZombieMan,9,SCATTER,2.81,2.81,2
null,Normal,8,4,ZombieMan,6,SCATTER,3.55,3.55,1
null,Normal,8,4,ZombieMan,9,SCATTER,3.55,3.55,2
null,Normal,8,4,ZzangDoleZombie,1,LINE_LEFT,3.55,3.55,1
null,Normal,8,4,ZzangDoleZombie,1,LINE_LEFT,3.55,3.55,2
null,Normal,8,5,ZombieMan,5,SCATTER,4.28,4.28,1
null,Normal,8,5,ZombieMan,8,SCATTER,4.28,4.28,2
null,Normal,8,5,ZzangDoleZombie,1,LINE_LEFT,4.28,4.28,1
null,Normal,8,5,ZzangDoleZombie,1,LINE_LEFT,4.28,4.28,2
null,Normal,8,5,ZzangDoleZombieBoss,1,LINE_LEFT,4.28,4.28,2
null,Normal,8,6,ZombieMan,7,SCATTER,5.01,5.01,1
null,Normal,8,6,ZombieMan,11,SCATTER,5.01,5.01,2
null,Normal,8,6,ZzangDoleZombie,1,LINE_LEFT,5.01,5.01,1
null,Normal,8,6,ZzangDoleZombie,1,LINE_LEFT,5.01,5.01,2
null,Normal,8,7,ZombieMan,8,SCATTER,5.74,5.74,1
null,Normal,8,7,ZombieMan,11,SCATTER,5.74,5.74,2
null,Normal,8,7,ZzangDoleZombie,1,LINE_LEFT,5.74,5.74,1
null,Normal,8,7,ZzangDoleZombie,2,LINE_LEFT,5.74,5.74,2
null,Normal,8,8,ZombieMan,8,SCATTER,6.47,6.47,1
null,Normal,8,8,ZombieMan,12,SCATTER,6.47,6.47,2
null,Normal,8,8,ZzangDoleZombie,1,LINE_LEFT,6.47,6.47,1
null,Normal,8,8,ZzangDoleZombie,2,LINE_LEFT,6.47,6.47,2
null,Normal,8,9,ZombieMan,7,SCATTER,7.21,7.21,1
null,Normal,8,9,ZombieMan,11,SCATTER,7.21,7.21,2
null,Normal,8,9,ZzangDoleZombie,2,LINE_LEFT,7.21,7.21,1
null,Normal,8,9,ZzangDoleZombie,2,LINE_LEFT,7.21,7.21,2
null,Normal,8,9,RushZombie,1,SCATTER,7.21,7.21,1
null,Normal,8,9,RushZombie,1,SCATTER,7.21,7.21,2
null,Normal,8,10,ZombieMan,6,SCATTER,7.94,7.94,1
null,Normal,8,10,ZombieMan,9,SCATTER,7.94,7.94,2
null,Normal,8,10,ZzangDoleZombie,2,LINE_LEFT,7.94,7.94,1
null,Normal,8,10,ZzangDoleZombie,2,LINE_LEFT,7.94,7.94,2
null,Normal,8,10,RushZombie,1,SCATTER,7.94,7.94,1
null,Normal,8,10,RushZombie,1,SCATTER,7.94,7.94,2
null,Normal,8,10,RushZombieBoss2,1,LINE_LEFT,7.94,7.94,2
null,Normal,8,11,ZombieMan,8,SCATTER,8.67,8.67,1
null,Normal,8,11,ZombieMan,13,SCATTER,8.67,8.67,2
null,Normal,8,11,ZzangDoleZombie,2,LINE_LEFT,8.67,8.67,1
null,Normal,8,11,ZzangDoleZombie,2,LINE_LEFT,8.67,8.67,2
null,Normal,8,11,RushZombie,1,SCATTER,8.67,8.67,1
null,Normal,8,11,RushZombie,1,SCATTER,8.67,8.67,2
null,Normal,8,12,ZombieMan,8,SCATTER,9.4,9.4,1
null,Normal,8,12,ZombieMan,13,SCATTER,9.4,9.4,2
null,Normal,8,12,ZzangDoleZombie,2,LINE_LEFT,9.4,9.4,1
null,Normal,8,12,ZzangDoleZombie,3,LINE_LEFT,9.4,9.4,2
null,Normal,8,12,RushZombie,1,SCATTER,9.4,9.4,1
null,Normal,8,12,RushZombie,2,SCATTER,9.4,9.4,2
null,Normal,8,13,ZombieMan,9,SCATTER,10.14,10.14,1
null,Normal,8,13,ZombieMan,13,SCATTER,10.14,10.14,2
null,Normal,8,13,ZzangDoleZombie,2,LINE_LEFT,10.14,10.14,1
null,Normal,8,13,ZzangDoleZombie,3,LINE_LEFT,10.14,10.14,2
null,Normal,8,13,RushZombie,1,SCATTER,10.14,10.14,1
null,Normal,8,13,RushZombie,2,SCATTER,10.14,10.14,2
null,Normal,8,14,ZombieMan,7,SCATTER,10.87,10.87,1
null,Normal,8,14,ZombieMan,11,SCATTER,10.87,10.87,2
null,Normal,8,14,ZzangDoleZombie,2,LINE_LEFT,10.87,10.87,1
null,Normal,8,14,ZzangDoleZombie,4,LINE_LEFT,10.87,10.87,2
null,Normal,8,14,RushZombie,2,SCATTER,10.87,10.87,1
null,Normal,8,14,RushZombie,2,SCATTER,10.87,10.87,2
null,Normal,8,14,PushZombie,1,LINE_RIGHT,10.87,10.87,1
null,Normal,8,14,PushZombie,1,LINE_RIGHT,10.87,10.87,2
null,Normal,8,15,ZombieMan,5,SCATTER,11.6,11.6,1
null,Normal,8,15,ZombieMan,8,SCATTER,11.6,11.6,2
null,Normal,8,15,ZzangDoleZombie,2,LINE_LEFT,11.6,11.6,1
null,Normal,8,15,ZzangDoleZombie,4,LINE_LEFT,11.6,11.6,2
null,Normal,8,15,RushZombie,2,SCATTER,11.6,11.6,1
null,Normal,8,15,RushZombie,2,SCATTER,11.6,11.6,2
null,Normal,8,15,PushZombie,1,LINE_RIGHT,11.6,11.6,1
null,Normal,8,15,PushZombie,1,LINE_RIGHT,11.6,11.6,2
null,Normal,8,15,PushZombieBoss,1,LINE_LEFT,11.6,11.6,2
null,Normal,9,1,ZombieMan,5,SCATTER,1.45,1.45,1
null,Normal,9,1,ZombieMan,7,SCATTER,1.45,1.45,2
null,Normal,9,2,ZombieMan,6,SCATTER,2.26,2.26,1
null,Normal,9,2,ZombieMan,8,SCATTER,2.26,2.26,2
null,Normal,9,3,ZombieMan,6,SCATTER,3.07,3.07,1
null,Normal,9,3,ZombieMan,9,SCATTER,3.07,3.07,2
null,Normal,9,4,ZombieMan,6,SCATTER,3.88,3.88,1
null,Normal,9,4,ZombieMan,8,SCATTER,3.88,3.88,2
null,Normal,9,4,RushZombie,1,SCATTER,3.88,3.88,1
null,Normal,9,4,RushZombie,1,SCATTER,3.88,3.88,2
null,Normal,9,5,ZombieMan,4,SCATTER,4.69,4.69,1
null,Normal,9,5,ZombieMan,7,SCATTER,4.69,4.69,2
null,Normal,9,5,RushZombie,1,SCATTER,4.69,4.69,1
null,Normal,9,5,RushZombie,1,SCATTER,4.69,4.69,2
null,Normal,9,5,PushZombieBoss,1,LINE_LEFT,4.69,4.69,2
null,Normal,9,6,ZombieMan,7,SCATTER,5.5,5.5,1
null,Normal,9,6,ZombieMan,10,SCATTER,5.5,5.5,2
null,Normal,9,6,RushZombie,1,SCATTER,5.5,5.5,1
null,Normal,9,6,RushZombie,1,SCATTER,5.5,5.5,2
null,Normal,9,7,ZombieMan,7,SCATTER,6.31,6.31,1
null,Normal,9,7,ZombieMan,10,SCATTER,6.31,6.31,2
null,Normal,9,7,RushZombie,1,SCATTER,6.31,6.31,1
null,Normal,9,7,RushZombie,2,SCATTER,6.31,6.31,2
null,Normal,9,8,ZombieMan,7,SCATTER,7.12,7.12,1
null,Normal,9,8,ZombieMan,11,SCATTER,7.12,7.12,2
null,Normal,9,8,RushZombie,1,SCATTER,7.12,7.12,1
null,Normal,9,8,RushZombie,2,SCATTER,7.12,7.12,2
null,Normal,9,9,ZombieMan,6,SCATTER,7.94,7.94,1
null,Normal,9,9,ZombieMan,9,SCATTER,7.94,7.94,2
null,Normal,9,9,RushZombie,2,SCATTER,7.94,7.94,1
null,Normal,9,9,RushZombie,2,SCATTER,7.94,7.94,2
null,Normal,9,9,PushZombie,1,LINE_RIGHT,7.94,7.94,1
null,Normal,9,9,PushZombie,1,LINE_RIGHT,7.94,7.94,2
null,Normal,9,10,ZombieMan,4,SCATTER,8.75,8.75,1
null,Normal,9,10,ZombieMan,7,SCATTER,8.75,8.75,2
null,Normal,9,10,RushZombie,2,SCATTER,8.75,8.75,1
null,Normal,9,10,RushZombie,2,SCATTER,8.75,8.75,2
null,Normal,9,10,PushZombie,1,LINE_RIGHT,8.75,8.75,1
null,Normal,9,10,PushZombie,1,LINE_RIGHT,8.75,8.75,2
null,Normal,9,10,BoomZombieBoss,1,LINE_LEFT,8.75,8.75,2
null,Normal,9,11,ZombieMan,7,SCATTER,9.56,9.56,1
null,Normal,9,11,ZombieMan,11,SCATTER,9.56,9.56,2
null,Normal,9,11,RushZombie,2,SCATTER,9.56,9.56,1
null,Normal,9,11,RushZombie,2,SCATTER,9.56,9.56,2
null,Normal,9,11,PushZombie,1,LINE_RIGHT,9.56,9.56,1
null,Normal,9,11,PushZombie,1,LINE_RIGHT,9.56,9.56,2
null,Normal,9,12,ZombieMan,6,SCATTER,10.37,10.37,1
null,Normal,9,12,ZombieMan,10,SCATTER,10.37,10.37,2
null,Normal,9,12,RushZombie,2,SCATTER,10.37,10.37,1
null,Normal,9,12,RushZombie,3,SCATTER,10.37,10.37,2
null,Normal,9,12,PushZombie,1,LINE_RIGHT,10.37,10.37,1
null,Normal,9,12,PushZombie,2,LINE_RIGHT,10.37,10.37,2
null,Normal,9,13,ZombieMan,7,SCATTER,11.18,11.18,1
null,Normal,9,13,ZombieMan,11,SCATTER,11.18,11.18,2
null,Normal,9,13,RushZombie,2,SCATTER,11.18,11.18,1
null,Normal,9,13,RushZombie,3,SCATTER,11.18,11.18,2
null,Normal,9,13,PushZombie,1,LINE_RIGHT,11.18,11.18,1
null,Normal,9,13,PushZombie,2,LINE_RIGHT,11.18,11.18,2
null,Normal,9,14,ZombieMan,5,SCATTER,11.99,11.99,1
null,Normal,9,14,ZombieMan,8,SCATTER,11.99,11.99,2
null,Normal,9,14,RushZombie,2,SCATTER,11.99,11.99,1
null,Normal,9,14,RushZombie,4,SCATTER,11.99,11.99,2
null,Normal,9,14,PushZombie,2,LINE_RIGHT,11.99,11.99,1
null,Normal,9,14,PushZombie,2,LINE_RIGHT,11.99,11.99,2
null,Normal,9,14,BoomZombie,1,SCATTER,11.99,11.99,1
null,Normal,9,14,BoomZombie,1,SCATTER,11.99,11.99,2
null,Normal,9,15,ZombieMan,3,SCATTER,12.8,12.8,1
null,Normal,9,15,ZombieMan,5,SCATTER,12.8,12.8,2
null,Normal,9,15,RushZombie,2,SCATTER,12.8,12.8,1
null,Normal,9,15,RushZombie,4,SCATTER,12.8,12.8,2
null,Normal,9,15,PushZombie,2,LINE_RIGHT,12.8,12.8,1
null,Normal,9,15,PushZombie,2,LINE_RIGHT,12.8,12.8,2
null,Normal,9,15,BoomZombie,1,SCATTER,12.8,12.8,1
null,Normal,9,15,BoomZombie,1,SCATTER,12.8,12.8,2
null,Normal,9,15,RushZombieBoss2,1,LINE_LEFT,12.8,12.8,2
null,Normal,10,1,ZombieMan,5,SCATTER,1.55,1.55,1
null,Normal,10,1,ZombieMan,7,SCATTER,1.55,1.55,2
null,Normal,10,2,ZombieMan,6,SCATTER,2.44,2.44,1
null,Normal,10,2,ZombieMan,8,SCATTER,2.44,2.44,2
null,Normal,10,3,ZombieMan,6,SCATTER,3.33,3.33,1
null,Normal,10,3,ZombieMan,9,SCATTER,3.33,3.33,2
null,Normal,10,4,ZombieMan,6,SCATTER,4.22,4.22,1
null,Normal,10,4,ZombieMan,9,SCATTER,4.22,4.22,2
null,Normal,10,4,ZzangDoleZombie,1,LINE_LEFT,4.22,4.22,1
null,Normal,10,4,ZzangDoleZombie,1,LINE_LEFT,4.22,4.22,2
null,Normal,10,5,ZombieMan,5,SCATTER,5.11,5.11,1
null,Normal,10,5,ZombieMan,8,SCATTER,5.11,5.11,2
null,Normal,10,5,ZzangDoleZombie,1,LINE_LEFT,5.11,5.11,1
null,Normal,10,5,ZzangDoleZombie,1,LINE_LEFT,5.11,5.11,2
null,Normal,10,5,BoomZombieBoss,1,LINE_LEFT,5.11,5.11,2
null,Normal,10,6,ZombieMan,7,SCATTER,6.0,6.0,1
null,Normal,10,6,ZombieMan,11,SCATTER,6.0,6.0,2
null,Normal,10,6,ZzangDoleZombie,1,LINE_LEFT,6.0,6.0,1
null,Normal,10,6,ZzangDoleZombie,1,LINE_LEFT,6.0,6.0,2
null,Normal,10,7,ZombieMan,8,SCATTER,6.89,6.89,1
null,Normal,10,7,ZombieMan,11,SCATTER,6.89,6.89,2
null,Normal,10,7,ZzangDoleZombie,1,LINE_LEFT,6.89,6.89,1
null,Normal,10,7,ZzangDoleZombie,2,LINE_LEFT,6.89,6.89,2
null,Normal,10,8,ZombieMan,8,SCATTER,7.78,7.78,1
null,Normal,10,8,ZombieMan,12,SCATTER,7.78,7.78,2
null,Normal,10,8,ZzangDoleZombie,1,LINE_LEFT,7.78,7.78,1
null,Normal,10,8,ZzangDoleZombie,2,LINE_LEFT,7.78,7.78,2
null,Normal,10,9,ZombieMan,7,SCATTER,8.66,8.66,1
null,Normal,10,9,ZombieMan,11,SCATTER,8.66,8.66,2
null,Normal,10,9,ZzangDoleZombie,2,LINE_LEFT,8.66,8.66,1
null,Normal,10,9,ZzangDoleZombie,2,LINE_LEFT,8.66,8.66,2
null,Normal,10,9,RushZombie,1,SCATTER,8.66,8.66,1
null,Normal,10,9,RushZombie,1,SCATTER,8.66,8.66,2
null,Normal,10,10,ZombieMan,6,SCATTER,9.55,9.55,1
null,Normal,10,10,ZombieMan,9,SCATTER,9.55,9.55,2
null,Normal,10,10,ZzangDoleZombie,2,LINE_LEFT,9.55,9.55,1
null,Normal,10,10,ZzangDoleZombie,2,LINE_LEFT,9.55,9.55,2
null,Normal,10,10,RushZombie,1,SCATTER,9.55,9.55,1
null,Normal,10,10,RushZombie,1,SCATTER,9.55,9.55,2
null,Normal,10,10,PushZombieBoss,1,LINE_LEFT,9.55,9.55,2
null,Normal,10,11,ZombieMan,8,SCATTER,10.44,10.44,1
null,Normal,10,11,ZombieMan,13,SCATTER,10.44,10.44,2
null,Normal,10,11,ZzangDoleZombie,2,LINE_LEFT,10.44,10.44,1
null,Normal,10,11,ZzangDoleZombie,2,LINE_LEFT,10.44,10.44,2
null,Normal,10,11,RushZombie,1,SCATTER,10.44,10.44,1
null,Normal,10,11,RushZombie,1,SCATTER,10.44,10.44,2
null,Normal,10,12,ZombieMan,8,SCATTER,11.33,11.33,1
null,Normal,10,12,ZombieMan,13,SCATTER,11.33,11.33,2
null,Normal,10,12,ZzangDoleZombie,2,LINE_LEFT,11.33,11.33,1
null,Normal,10,12,ZzangDoleZombie,3,LINE_LEFT,11.33,11.33,2
null,Normal,10,12,RushZombie,1,SCATTER,11.33,11.33,1
null,Normal,10,12,RushZombie,2,SCATTER,11.33,11.33,2
null,Normal,10,13,ZombieMan,9,SCATTER,12.22,12.22,1
null,Normal,10,13,ZombieMan,13,SCATTER,12.22,12.22,2
null,Normal,10,13,ZzangDoleZombie,2,LINE_LEFT,12.22,12.22,1
null,Normal,10,13,ZzangDoleZombie,3,LINE_LEFT,12.22,12.22,2
null,Normal,10,13,RushZombie,1,SCATTER,12.22,12.22,1
null,Normal,10,13,RushZombie,2,SCATTER,12.22,12.22,2
null,Normal,10,14,ZombieMan,7,SCATTER,13.11,13.11,1
null,Normal,10,14,ZombieMan,11,SCATTER,13.11,13.11,2
null,Normal,10,14,ZzangDoleZombie,2,LINE_LEFT,13.11,13.11,1
null,Normal,10,14,ZzangDoleZombie,4,LINE_LEFT,13.11,13.11,2
null,Normal,10,14,RushZombie,2,SCATTER,13.11,13.11,1
null,Normal,10,14,RushZombie,2,SCATTER,13.11,13.11,2
null,Normal,10,14,PushZombie,1,LINE_RIGHT,13.11,13.11,1
null,Normal,10,14,PushZombie,1,LINE_RIGHT,13.11,13.11,2
null,Normal,10,15,ZombieMan,4,SCATTER,14.0,14.0,1
null,Normal,10,15,ZombieMan,6,SCATTER,14.0,14.0,2
null,Normal,10,15,ZzangDoleZombie,2,LINE_LEFT,14.0,14.0,1
null,Normal,10,15,ZzangDoleZombie,4,LINE_LEFT,14.0,14.0,2
null,Normal,10,15,RushZombie,2,SCATTER,14.0,14.0,1
null,Normal,10,15,RushZombie,2,SCATTER,14.0,14.0,2
null,Normal,10,15,PushZombie,1,LINE_RIGHT,14.0,14.0,1
null,Normal,10,15,PushZombie,1,LINE_RIGHT,14.0,14.0,2
null,Normal,10,15,BoomZombie,1,SCATTER,14.0,14.0,1
null,Normal,10,15,BoomZombie,1,SCATTER,14.0,14.0,2
null,Normal,10,15,ZombieBoss,1,LINE_LEFT,14.0,14.0,2
null,Normal,11,1,ZombieMan,4,SCATTER,1.65,1.65,1
null,Normal,11,1,ZombieMan,5,SCATTER,1.65,1.65,2
null,Normal,11,1,BlueGlobeZombie,1,SCATTER,1.65,1.65,1
null,Normal,11,1,BlueGlobeZombie,1,SCATTER,1.65,1.65,2
null,Normal,11,2,ZombieMan,4,SCATTER,2.65,2.65,1
null,Normal,11,2,ZombieMan,6,SCATTER,2.65,2.65,2
null,Normal,11,2,BlueGlobeZombie,1,SCATTER,2.65,2.65,1
null,Normal,11,2,BlueGlobeZombie,1,SCATTER,2.65,2.65,2
null,Normal,11,3,ZombieMan,5,SCATTER,3.66,3.66,1
null,Normal,11,3,ZombieMan,7,SCATTER,3.66,3.66,2
null,Normal,11,3,BlueGlobeZombie,1,SCATTER,3.66,3.66,1
null,Normal,11,3,BlueGlobeZombie,1,SCATTER,3.66,3.66,2
null,Normal,11,4,ZombieMan,4,SCATTER,4.66,4.66,1
null,Normal,11,4,ZombieMan,6,SCATTER,4.66,4.66,2
null,Normal,11,4,BlueGlobeZombie,1,SCATTER,4.66,4.66,1
null,Normal,11,4,BlueGlobeZombie,2,SCATTER,4.66,4.66,2
null,Normal,11,4,DefTankZombie,1,LINE_CENTER,4.66,4.66,1
null,Normal,11,4,DefTankZombie,1,LINE_CENTER,4.66,4.66,2
null,Normal,11,5,ZombieMan,3,SCATTER,5.66,5.66,1
null,Normal,11,5,ZombieMan,5,SCATTER,5.66,5.66,2
null,Normal,11,5,BlueGlobeZombie,1,SCATTER,5.66,5.66,1
null,Normal,11,5,BlueGlobeZombie,2,SCATTER,5.66,5.66,2
null,Normal,11,5,DefTankZombie,1,LINE_CENTER,5.66,5.66,1
null,Normal,11,5,DefTankZombie,1,LINE_CENTER,5.66,5.66,2
null,Normal,11,5,ZombieBoss,1,LINE_LEFT,5.66,5.66,2
null,Normal,11,6,ZombieMan,4,SCATTER,6.67,6.67,1
null,Normal,11,6,ZombieMan,7,SCATTER,6.67,6.67,2
null,Normal,11,6,BlueGlobeZombie,2,SCATTER,6.67,6.67,1
null,Normal,11,6,BlueGlobeZombie,2,SCATTER,6.67,6.67,2
null,Normal,11,6,DefTankZombie,1,LINE_CENTER,6.67,6.67,1
null,Normal,11,6,DefTankZombie,1,LINE_CENTER,6.67,6.67,2
null,Normal,11,7,ZombieMan,4,SCATTER,7.67,7.67,1
null,Normal,11,7,ZombieMan,5,SCATTER,7.67,7.67,2
null,Normal,11,7,BlueGlobeZombie,2,SCATTER,7.67,7.67,1
null,Normal,11,7,BlueGlobeZombie,2,SCATTER,7.67,7.67,2
null,Normal,11,7,DefTankZombie,1,LINE_CENTER,7.67,7.67,1
null,Normal,11,7,DefTankZombie,2,LINE_CENTER,7.67,7.67,2
null,Normal,11,7,VudooZombie,1,LINE_LEFT,7.67,7.67,1
null,Normal,11,7,VudooZombie,1,LINE_LEFT,7.67,7.67,2
null,Normal,11,8,ZombieMan,4,SCATTER,8.67,8.67,1
null,Normal,11,8,ZombieMan,7,SCATTER,8.67,8.67,2
null,Normal,11,8,BlueGlobeZombie,2,SCATTER,8.67,8.67,1
null,Normal,11,8,BlueGlobeZombie,2,SCATTER,8.67,8.67,2
null,Normal,11,8,DefTankZombie,1,LINE_CENTER,8.67,8.67,1
null,Normal,11,8,DefTankZombie,2,LINE_CENTER,8.67,8.67,2
null,Normal,11,8,VudooZombie,1,LINE_LEFT,8.67,8.67,1
null,Normal,11,8,VudooZombie,1,LINE_LEFT,8.67,8.67,2
null,Normal,11,9,ZombieMan,4,SCATTER,9.68,9.68,1
null,Normal,11,9,ZombieMan,6,SCATTER,9.68,9.68,2
null,Normal,11,9,BlueGlobeZombie,2,SCATTER,9.68,9.68,1
null,Normal,11,9,BlueGlobeZombie,3,SCATTER,9.68,9.68,2
null,Normal,11,9,DefTankZombie,2,LINE_CENTER,9.68,9.68,1
null,Normal,11,9,DefTankZombie,2,LINE_CENTER,9.68,9.68,2
null,Normal,11,9,VudooZombie,1,LINE_LEFT,9.68,9.68,1
null,Normal,11,9,VudooZombie,1,LINE_LEFT,9.68,9.68,2
null,Normal,11,10,ZombieMan,2,SCATTER,10.68,10.68,1
null,Normal,11,10,ZombieMan,3,SCATTER,10.68,10.68,2
null,Normal,11,10,BlueGlobeZombie,2,SCATTER,10.68,10.68,1
null,Normal,11,10,BlueGlobeZombie,3,SCATTER,10.68,10.68,2
null,Normal,11,10,DefTankZombie,2,LINE_CENTER,10.68,10.68,1
null,Normal,11,10,DefTankZombie,2,LINE_CENTER,10.68,10.68,2
null,Normal,11,10,VudooZombie,1,LINE_LEFT,10.68,10.68,1
null,Normal,11,10,VudooZombie,2,LINE_LEFT,10.68,10.68,2
null,Normal,11,10,POShieldZombie,1,LINE_LEFT,10.68,10.68,2
null,Normal,12,1,ZombieMan,2,SCATTER,1.75,1.75,1
null,Normal,12,1,ZombieMan,4,SCATTER,1.75,1.75,2
null,Normal,12,1,SheildTankZombie,1,LINE_CENTER,1.75,1.75,1
null,Normal,12,1,SheildTankZombie,1,LINE_CENTER,1.75,1.75,2
null,Normal,12,1,BlueGlobeZombie,1,SCATTER,1.75,1.75,1
null,Normal,12,1,BlueGlobeZombie,1,SCATTER,1.75,1.75,2
null,Normal,12,2,ZombieMan,3,SCATTER,2.84,2.84,1
null,Normal,12,2,ZombieMan,4,SCATTER,2.84,2.84,2
null,Normal,12,2,SheildTankZombie,1,LINE_CENTER,2.84,2.84,1
null,Normal,12,2,SheildTankZombie,1,LINE_CENTER,2.84,2.84,2
null,Normal,12,2,BlueGlobeZombie,1,SCATTER,2.84,2.84,1
null,Normal,12,2,BlueGlobeZombie,1,SCATTER,2.84,2.84,2
null,Normal,12,3,ZombieMan,4,SCATTER,3.92,3.92,1
null,Normal,12,3,ZombieMan,5,SCATTER,3.92,3.92,2
null,Normal,12,3,SheildTankZombie,1,LINE_CENTER,3.92,3.92,1
null,Normal,12,3,SheildTankZombie,1,LINE_CENTER,3.92,3.92,2
null,Normal,12,3,BlueGlobeZombie,1,SCATTER,3.92,3.92,1
null,Normal,12,3,BlueGlobeZombie,1,SCATTER,3.92,3.92,2
null,Normal,12,4,ZombieMan,2,SCATTER,5.01,5.01,1
null,Normal,12,4,ZombieMan,3,SCATTER,5.01,5.01,2
null,Normal,12,4,SheildTankZombie,1,LINE_CENTER,5.01,5.01,1
null,Normal,12,4,SheildTankZombie,2,LINE_CENTER,5.01,5.01,2
null,Normal,12,4,BlueGlobeZombie,1,SCATTER,5.01,5.01,1
null,Normal,12,4,BlueGlobeZombie,2,SCATTER,5.01,5.01,2
null,Normal,12,4,VudootwoZombie,1,LINE_LEFT,5.01,5.01,1
null,Normal,12,4,VudootwoZombie,1,LINE_LEFT,5.01,5.01,2
null,Normal,12,5,ZombieMan,1,SCATTER,6.09,6.09,1
null,Normal,12,5,ZombieMan,1,SCATTER,6.09,6.09,2
null,Normal,12,5,SheildTankZombie,1,LINE_CENTER,6.09,6.09,1
null,Normal,12,5,SheildTankZombie,2,LINE_CENTER,6.09,6.09,2
null,Normal,12,5,BlueGlobeZombie,1,SCATTER,6.09,6.09,1
null,Normal,12,5,BlueGlobeZombie,2,SCATTER,6.09,6.09,2
null,Normal,12,5,VudootwoZombie,1,LINE_LEFT,6.09,6.09,1
null,Normal,12,5,VudootwoZombie,1,LINE_LEFT,6.09,6.09,2
null,Normal,12,5,ZombieBoss,1,LINE_LEFT,6.09,6.09,2
null,Normal,12,6,ZombieMan,2,SCATTER,7.18,7.18,1
null,Normal,12,6,ZombieMan,3,SCATTER,7.18,7.18,2
null,Normal,12,6,SheildTankZombie,2,LINE_CENTER,7.18,7.18,1
null,Normal,12,6,SheildTankZombie,2,LINE_CENTER,7.18,7.18,2
null,Normal,12,6,BlueGlobeZombie,2,SCATTER,7.18,7.18,1
null,Normal,12,6,BlueGlobeZombie,2,SCATTER,7.18,7.18,2
null,Normal,12,6,VudootwoZombie,1,LINE_LEFT,7.18,7.18,1
null,Normal,12,6,VudootwoZombie,1,LINE_LEFT,7.18,7.18,2
null,Normal,12,7,ZombieMan,2,SCATTER,8.26,8.26,1
null,Normal,12,7,ZombieMan,3,SCATTER,8.26,8.26,2
null,Normal,12,7,SheildTankZombie,2,LINE_CENTER,8.26,8.26,1
null,Normal,12,7,SheildTankZombie,2,LINE_CENTER,8.26,8.26,2
null,Normal,12,7,BlueGlobeZombie,2,SCATTER,8.26,8.26,1
null,Normal,12,7,BlueGlobeZombie,2,SCATTER,8.26,8.26,2
null,Normal,12,7,VudootwoZombie,1,LINE_LEFT,8.26,8.26,1
null,Normal,12,7,VudootwoZombie,2,LINE_LEFT,8.26,8.26,2
null,Normal,12,8,ZombieMan,2,SCATTER,9.35,9.35,1
null,Normal,12,8,ZombieMan,4,SCATTER,9.35,9.35,2
null,Normal,12,8,SheildTankZombie,2,LINE_CENTER,9.35,9.35,1
null,Normal,12,8,SheildTankZombie,2,LINE_CENTER,9.35,9.35,2
null,Normal,12,8,BlueGlobeZombie,2,SCATTER,9.35,9.35,1
null,Normal,12,8,BlueGlobeZombie,2,SCATTER,9.35,9.35,2
null,Normal,12,8,VudootwoZombie,1,LINE_LEFT,9.35,9.35,1
null,Normal,12,8,VudootwoZombie,2,LINE_LEFT,9.35,9.35,2
null,Normal,12,9,ZombieMan,1,SCATTER,10.43,10.43,1
null,Normal,12,9,ZombieMan,2,SCATTER,10.43,10.43,2
null,Normal,12,9,SheildTankZombie,2,LINE_CENTER,10.43,10.43,1
null,Normal,12,9,SheildTankZombie,3,LINE_CENTER,10.43,10.43,2
null,Normal,12,9,BlueGlobeZombie,2,SCATTER,10.43,10.43,1
null,Normal,12,9,BlueGlobeZombie,3,SCATTER,10.43,10.43,2
null,Normal,12,9,VudootwoZombie,2,LINE_LEFT,10.43,10.43,1
null,Normal,12,9,VudootwoZombie,2,LINE_LEFT,10.43,10.43,2
null,Normal,12,10,SheildTankZombie,2,LINE_CENTER,11.52,11.52,1
null,Normal,12,10,SheildTankZombie,3,LINE_CENTER,11.52,11.52,2
null,Normal,12,10,BlueGlobeZombie,2,SCATTER,11.52,11.52,1
null,Normal,12,10,BlueGlobeZombie,3,SCATTER,11.52,11.52,2
null,Normal,12,10,VudootwoZombie,2,LINE_LEFT,11.52,11.52,1
null,Normal,12,10,VudootwoZombie,2,LINE_LEFT,11.52,11.52,2
null,Normal,12,10,POShieldZombie,1,LINE_LEFT,11.52,11.52,2
null,Normal,13,1,ZombieMan,2,SCATTER,1.85,1.85,1
null,Normal,13,1,ZombieMan,4,SCATTER,1.85,1.85,2
null,Normal,13,1,PoliceKnightZombie,1,LINE_CENTER,1.85,1.85,1
null,Normal,13,1,PoliceKnightZombie,1,LINE_CENTER,1.85,1.85,2
null,Normal,13,1,BlueGlobeZombie,1,SCATTER,1.85,1.85,1
null,Normal,13,1,BlueGlobeZombie,1,SCATTER,1.85,1.85,2
null,Normal,13,2,ZombieMan,3,SCATTER,2.61,2.61,1
null,Normal,13,2,ZombieMan,4,SCATTER,2.61,2.61,2
null,Normal,13,2,PoliceKnightZombie,1,LINE_CENTER,2.61,2.61,1
null,Normal,13,2,PoliceKnightZombie,1,LINE_CENTER,2.61,2.61,2
null,Normal,13,2,BlueGlobeZombie,1,SCATTER,2.61,2.61,1
null,Normal,13,2,BlueGlobeZombie,1,SCATTER,2.61,2.61,2
null,Normal,13,3,ZombieMan,4,SCATTER,3.37,3.37,1
null,Normal,13,3,ZombieMan,5,SCATTER,3.37,3.37,2
null,Normal,13,3,PoliceKnightZombie,1,LINE_CENTER,3.37,3.37,1
null,Normal,13,3,PoliceKnightZombie,1,LINE_CENTER,3.37,3.37,2
null,Normal,13,3,BlueGlobeZombie,1,SCATTER,3.37,3.37,1
null,Normal,13,3,BlueGlobeZombie,1,SCATTER,3.37,3.37,2
null,Normal,13,4,ZombieMan,3,SCATTER,4.13,4.13,1
null,Normal,13,4,ZombieMan,4,SCATTER,4.13,4.13,2
null,Normal,13,4,PoliceKnightZombie,1,LINE_CENTER,4.13,4.13,1
null,Normal,13,4,PoliceKnightZombie,2,LINE_CENTER,4.13,4.13,2
null,Normal,13,4,BlueGlobeZombie,1,SCATTER,4.13,4.13,1
null,Normal,13,4,BlueGlobeZombie,2,SCATTER,4.13,4.13,2
null,Normal,13,5,ZombieMan,1,SCATTER,4.89,4.89,1
null,Normal,13,5,ZombieMan,2,SCATTER,4.89,4.89,2
null,Normal,13,5,PoliceKnightZombie,1,LINE_CENTER,4.89,4.89,1
null,Normal,13,5,PoliceKnightZombie,2,LINE_CENTER,4.89,4.89,2
null,Normal,13,5,BlueGlobeZombie,1,SCATTER,4.89,4.89,1
null,Normal,13,5,BlueGlobeZombie,2,SCATTER,4.89,4.89,2
null,Normal,13,5,CheifZombie,1,LINE_LEFT,4.89,4.89,1
null,Normal,13,5,CheifZombie,1,LINE_LEFT,4.89,4.89,2
null,Normal,13,5,ZombieBoss,1,LINE_LEFT,4.89,4.89,2
null,Normal,13,6,ZombieMan,2,SCATTER,5.65,5.65,1
null,Normal,13,6,ZombieMan,3,SCATTER,5.65,5.65,2
null,Normal,13,6,PoliceKnightZombie,2,LINE_CENTER,5.65,5.65,1
null,Normal,13,6,PoliceKnightZombie,2,LINE_CENTER,5.65,5.65,2
null,Normal,13,6,BlueGlobeZombie,2,SCATTER,5.65,5.65,1
null,Normal,13,6,BlueGlobeZombie,2,SCATTER,5.65,5.65,2
null,Normal,13,6,CheifZombie,1,LINE_LEFT,5.65,5.65,1
null,Normal,13,6,CheifZombie,1,LINE_LEFT,5.65,5.65,2
null,Normal,13,7,ZombieMan,2,SCATTER,6.41,6.41,1
null,Normal,13,7,ZombieMan,4,SCATTER,6.41,6.41,2
null,Normal,13,7,PoliceKnightZombie,2,LINE_CENTER,6.41,6.41,1
null,Normal,13,7,PoliceKnightZombie,2,LINE_CENTER,6.41,6.41,2
null,Normal,13,7,BlueGlobeZombie,2,SCATTER,6.41,6.41,1
null,Normal,13,7,BlueGlobeZombie,2,SCATTER,6.41,6.41,2
null,Normal,13,7,CheifZombie,1,LINE_LEFT,6.41,6.41,1
null,Normal,13,7,CheifZombie,1,LINE_LEFT,6.41,6.41,2
null,Normal,13,8,ZombieMan,2,SCATTER,7.17,7.17,1
null,Normal,13,8,ZombieMan,4,SCATTER,7.17,7.17,2
null,Normal,13,8,PoliceKnightZombie,2,LINE_CENTER,7.17,7.17,1
null,Normal,13,8,PoliceKnightZombie,2,LINE_CENTER,7.17,7.17,2
null,Normal,13,8,BlueGlobeZombie,2,SCATTER,7.17,7.17,1
null,Normal,13,8,BlueGlobeZombie,2,SCATTER,7.17,7.17,2
null,Normal,13,8,CheifZombie,1,LINE_LEFT,7.17,7.17,1
null,Normal,13,8,CheifZombie,2,LINE_LEFT,7.17,7.17,2
null,Normal,13,9,ZombieMan,2,SCATTER,7.94,7.94,1
null,Normal,13,9,ZombieMan,3,SCATTER,7.94,7.94,2
null,Normal,13,9,PoliceKnightZombie,2,LINE_CENTER,7.94,7.94,1
null,Normal,13,9,PoliceKnightZombie,3,LINE_CENTER,7.94,7.94,2
null,Normal,13,9,BlueGlobeZombie,2,SCATTER,7.94,7.94,1
null,Normal,13,9,BlueGlobeZombie,3,SCATTER,7.94,7.94,2
null,Normal,13,9,CheifZombie,1,LINE_LEFT,7.94,7.94,1
null,Normal,13,9,CheifZombie,2,LINE_LEFT,7.94,7.94,2
null,Normal,13,10,PoliceKnightZombie,2,LINE_CENTER,8.7,8.7,1
null,Normal,13,10,PoliceKnightZombie,3,LINE_CENTER,8.7,8.7,2
null,Normal,13,10,BlueGlobeZombie,2,SCATTER,8.7,8.7,1
null,Normal,13,10,BlueGlobeZombie,3,SCATTER,8.7,8.7,2
null,Normal,13,10,CheifZombie,2,LINE_LEFT,8.7,8.7,1
null,Normal,13,10,CheifZombie,2,LINE_LEFT,8.7,8.7,2
null,Normal,13,10,WorkerZombie,1,LINE_LEFT,8.7,8.7,2
null,Normal,13,11,ZombieMan,1,SCATTER,9.46,9.46,1
null,Normal,13,11,ZombieMan,2,SCATTER,9.46,9.46,2
null,Normal,13,11,PoliceKnightZombie,2,LINE_CENTER,9.46,9.46,1
null,Normal,13,11,PoliceKnightZombie,4,LINE_CENTER,9.46,9.46,2
null,Normal,13,11,BlueGlobeZombie,2,SCATTER,9.46,9.46,1
null,Normal,13,11,BlueGlobeZombie,4,SCATTER,9.46,9.46,2
null,Normal,13,11,CheifZombie,2,LINE_LEFT,9.46,9.46,1
null,Normal,13,11,CheifZombie,2,LINE_LEFT,9.46,9.46,2
null,Normal,13,12,ZombieMan,2,SCATTER,10.22,10.22,1
null,Normal,13,12,ZombieMan,3,SCATTER,10.22,10.22,2
null,Normal,13,12,PoliceKnightZombie,2,LINE_CENTER,10.22,10.22,1
null,Normal,13,12,PoliceKnightZombie,4,LINE_CENTER,10.22,10.22,2
null,Normal,13,12,BlueGlobeZombie,2,SCATTER,10.22,10.22,1
null,Normal,13,12,BlueGlobeZombie,4,SCATTER,10.22,10.22,2
null,Normal,13,12,CheifZombie,2,LINE_LEFT,10.22,10.22,1
null,Normal,13,12,CheifZombie,2,LINE_LEFT,10.22,10.22,2
null,Normal,13,13,ZombieMan,2,SCATTER,10.98,10.98,1
null,Normal,13,13,ZombieMan,3,SCATTER,10.98,10.98,2
null,Normal,13,13,PoliceKnightZombie,2,LINE_CENTER,10.98,10.98,1
null,Normal,13,13,PoliceKnightZombie,4,LINE_CENTER,10.98,10.98,2
null,Normal,13,13,BlueGlobeZombie,2,SCATTER,10.98,10.98,1
null,Normal,13,13,BlueGlobeZombie,4,SCATTER,10.98,10.98,2
null,Normal,13,13,CheifZombie,2,LINE_LEFT,10.98,10.98,1
null,Normal,13,13,CheifZombie,3,LINE_LEFT,10.98,10.98,2
null,Normal,13,14,ZombieMan,2,SCATTER,11.74,11.74,1
null,Normal,13,14,ZombieMan,2,SCATTER,11.74,11.74,2
null,Normal,13,14,PoliceKnightZombie,3,LINE_CENTER,11.74,11.74,1
null,Normal,13,14,PoliceKnightZombie,4,LINE_CENTER,11.74,11.74,2
null,Normal,13,14,BlueGlobeZombie,3,SCATTER,11.74,11.74,1
null,Normal,13,14,BlueGlobeZombie,4,SCATTER,11.74,11.74,2
null,Normal,13,14,CheifZombie,2,LINE_LEFT,11.74,11.74,1
null,Normal,13,14,CheifZombie,3,LINE_LEFT,11.74,11.74,2
null,Normal,13,15,PoliceKnightZombie,3,LINE_CENTER,12.5,12.5,1
null,Normal,13,15,PoliceKnightZombie,4,LINE_CENTER,12.5,12.5,2
null,Normal,13,15,BlueGlobeZombie,3,SCATTER,12.5,12.5,1
null,Normal,13,15,BlueGlobeZombie,4,SCATTER,12.5,12.5,2
null,Normal,13,15,CheifZombie,2,LINE_LEFT,12.5,12.5,1
null,Normal,13,15,CheifZombie,4,LINE_LEFT,12.5,12.5,2
null,Normal,13,15,POShieldZombie,1,LINE_LEFT,12.5,12.5,2
null,Normal,14,1,ZombieMan,2,SCATTER,1.95,1.95,1
null,Normal,14,1,ZombieMan,4,SCATTER,1.95,1.95,2
null,Normal,14,1,ArmoredZombie,1,LINE_CENTER,1.95,1.95,1
null,Normal,14,1,ArmoredZombie,1,LINE_CENTER,1.95,1.95,2
null,Normal,14,1,BlueGlobeZombie,1,SCATTER,1.95,1.95,1
null,Normal,14,1,BlueGlobeZombie,1,SCATTER,1.95,1.95,2
null,Normal,14,2,ZombieMan,3,SCATTER,3.15,3.15,1
null,Normal,14,2,ZombieMan,4,SCATTER,3.15,3.15,2
null,Normal,14,2,ArmoredZombie,1,LINE_CENTER,3.15,3.15,1
null,Normal,14,2,ArmoredZombie,1,LINE_CENTER,3.15,3.15,2
null,Normal,14,2,BlueGlobeZombie,1,SCATTER,3.15,3.15,1
null,Normal,14,2,BlueGlobeZombie,1,SCATTER,3.15,3.15,2
null,Normal,14,3,ZombieMan,4,SCATTER,4.36,4.36,1
null,Normal,14,3,ZombieMan,5,SCATTER,4.36,4.36,2
null,Normal,14,3,ArmoredZombie,1,LINE_CENTER,4.36,4.36,1
null,Normal,14,3,ArmoredZombie,1,LINE_CENTER,4.36,4.36,2
null,Normal,14,3,BlueGlobeZombie,1,SCATTER,4.36,4.36,1
null,Normal,14,3,BlueGlobeZombie,1,SCATTER,4.36,4.36,2
null,Normal,14,4,ZombieMan,3,SCATTER,5.56,5.56,1
null,Normal,14,4,ZombieMan,4,SCATTER,5.56,5.56,2
null,Normal,14,4,ArmoredZombie,1,LINE_CENTER,5.56,5.56,1
null,Normal,14,4,ArmoredZombie,2,LINE_CENTER,5.56,5.56,2
null,Normal,14,4,BlueGlobeZombie,1,SCATTER,5.56,5.56,1
null,Normal,14,4,BlueGlobeZombie,2,SCATTER,5.56,5.56,2
null,Normal,14,5,ZombieMan,1,SCATTER,6.76,6.76,1
null,Normal,14,5,ZombieMan,1,SCATTER,6.76,6.76,2
null,Normal,14,5,ArmoredZombie,1,LINE_CENTER,6.76,6.76,1
null,Normal,14,5,ArmoredZombie,2,LINE_CENTER,6.76,6.76,2
null,Normal,14,5,BlueGlobeZombie,1,SCATTER,6.76,6.76,1
null,Normal,14,5,BlueGlobeZombie,2,SCATTER,6.76,6.76,2
null,Normal,14,5,GentlemanZombie,1,SCATTER,6.76,6.76,1
null,Normal,14,5,GentlemanZombie,1,SCATTER,6.76,6.76,2
null,Normal,14,5,ZombieBoss,1,LINE_LEFT,6.76,6.76,2
null,Normal,14,6,ZombieMan,2,SCATTER,7.97,7.97,1
null,Normal,14,6,ZombieMan,2,SCATTER,7.97,7.97,2
null,Normal,14,6,ArmoredZombie,2,LINE_CENTER,7.97,7.97,1
null,Normal,14,6,ArmoredZombie,2,LINE_CENTER,7.97,7.97,2
null,Normal,14,6,BlueGlobeZombie,2,SCATTER,7.97,7.97,1
null,Normal,14,6,BlueGlobeZombie,2,SCATTER,7.97,7.97,2
null,Normal,14,6,GentlemanZombie,1,SCATTER,7.97,7.97,1
null,Normal,14,6,GentlemanZombie,1,SCATTER,7.97,7.97,2
null,Normal,14,7,ZombieMan,2,SCATTER,9.17,9.17,1
null,Normal,14,7,ZombieMan,3,SCATTER,9.17,9.17,2
null,Normal,14,7,ArmoredZombie,2,LINE_CENTER,9.17,9.17,1
null,Normal,14,7,ArmoredZombie,2,LINE_CENTER,9.17,9.17,2
null,Normal,14,7,BlueGlobeZombie,2,SCATTER,9.17,9.17,1
null,Normal,14,7,BlueGlobeZombie,2,SCATTER,9.17,9.17,2
null,Normal,14,7,GentlemanZombie,1,SCATTER,9.17,9.17,1
null,Normal,14,7,GentlemanZombie,1,SCATTER,9.17,9.17,2
null,Normal,14,8,ZombieMan,2,SCATTER,10.38,10.38,1
null,Normal,14,8,ZombieMan,3,SCATTER,10.38,10.38,2
null,Normal,14,8,ArmoredZombie,2,LINE_CENTER,10.38,10.38,1
null,Normal,14,8,ArmoredZombie,2,LINE_CENTER,10.38,10.38,2
null,Normal,14,8,BlueGlobeZombie,2,SCATTER,10.38,10.38,1
null,Normal,14,8,BlueGlobeZombie,2,SCATTER,10.38,10.38,2
null,Normal,14,8,GentlemanZombie,1,SCATTER,10.38,10.38,1
null,Normal,14,8,GentlemanZombie,2,SCATTER,10.38,10.38,2
null,Normal,14,9,ZombieMan,2,SCATTER,11.58,11.58,1
null,Normal,14,9,ZombieMan,2,SCATTER,11.58,11.58,2
null,Normal,14,9,ArmoredZombie,2,LINE_CENTER,11.58,11.58,1
null,Normal,14,9,ArmoredZombie,3,LINE_CENTER,11.58,11.58,2
null,Normal,14,9,BlueGlobeZombie,2,SCATTER,11.58,11.58,1
null,Normal,14,9,BlueGlobeZombie,3,SCATTER,11.58,11.58,2
null,Normal,14,9,GentlemanZombie,1,SCATTER,11.58,11.58,1
null,Normal,14,9,GentlemanZombie,2,SCATTER,11.58,11.58,2
null,Normal,14,10,ArmoredZombie,2,LINE_CENTER,12.78,12.78,1
null,Normal,14,10,ArmoredZombie,3,LINE_CENTER,12.78,12.78,2
null,Normal,14,10,BlueGlobeZombie,2,SCATTER,12.78,12.78,1
null,Normal,14,10,BlueGlobeZombie,3,SCATTER,12.78,12.78,2
null,Normal,14,10,GentlemanZombie,2,SCATTER,12.78,12.78,1
null,Normal,14,10,GentlemanZombie,2,SCATTER,12.78,12.78,2
null,Normal,14,10,MadJackZombie,1,LINE_LEFT,12.78,12.78,1
null,Normal,14,10,MadJackZombie,1,LINE_LEFT,12.78,12.78,2
null,Normal,14,10,POShieldZombie,1,LINE_LEFT,12.78,12.78,2
null,Normal,14,11,ArmoredZombie,2,LINE_CENTER,13.99,13.99,1
null,Normal,14,11,ArmoredZombie,4,LINE_CENTER,13.99,13.99,2
null,Normal,14,11,BlueGlobeZombie,2,SCATTER,13.99,13.99,1
null,Normal,14,11,BlueGlobeZombie,4,SCATTER,13.99,13.99,2
null,Normal,14,11,GentlemanZombie,2,SCATTER,13.99,13.99,1
null,Normal,14,11,GentlemanZombie,2,SCATTER,13.99,13.99,2
null,Normal,14,11,MadJackZombie,1,LINE_LEFT,13.99,13.99,1
null,Normal,14,11,MadJackZombie,1,LINE_LEFT,13.99,13.99,2
null,Normal,14,12,ZombieMan,1,SCATTER,15.19,15.19,2
null,Normal,14,12,ArmoredZombie,2,LINE_CENTER,15.19,15.19,1
null,Normal,14,12,ArmoredZombie,4,LINE_CENTER,15.19,15.19,2
null,Normal,14,12,BlueGlobeZombie,2,SCATTER,15.19,15.19,1
null,Normal,14,12,BlueGlobeZombie,4,SCATTER,15.19,15.19,2
null,Normal,14,12,GentlemanZombie,2,SCATTER,15.19,15.19,1
null,Normal,14,12,GentlemanZombie,2,SCATTER,15.19,15.19,2
null,Normal,14,12,MadJackZombie,1,LINE_LEFT,15.19,15.19,1
null,Normal,14,12,MadJackZombie,1,LINE_LEFT,15.19,15.19,2
null,Normal,14,13,ArmoredZombie,2,LINE_CENTER,16.39,16.39,1
null,Normal,14,13,ArmoredZombie,4,LINE_CENTER,16.39,16.39,2
null,Normal,14,13,BlueGlobeZombie,2,SCATTER,16.39,16.39,1
null,Normal,14,13,BlueGlobeZombie,4,SCATTER,16.39,16.39,2
null,Normal,14,13,GentlemanZombie,2,SCATTER,16.39,16.39,1
null,Normal,14,13,GentlemanZombie,3,SCATTER,16.39,16.39,2
null,Normal,14,13,MadJackZombie,1,LINE_LEFT,16.39,16.39,1
null,Normal,14,13,MadJackZombie,2,LINE_LEFT,16.39,16.39,2
null,Normal,14,14,ArmoredZombie,3,LINE_CENTER,17.6,17.6,1
null,Normal,14,14,ArmoredZombie,4,LINE_CENTER,17.6,17.6,2
null,Normal,14,14,BlueGlobeZombie,3,SCATTER,17.6,17.6,1
null,Normal,14,14,BlueGlobeZombie,4,SCATTER,17.6,17.6,2
null,Normal,14,14,GentlemanZombie,2,SCATTER,17.6,17.6,1
null,Normal,14,14,GentlemanZombie,3,SCATTER,17.6,17.6,2
null,Normal,14,14,MadJackZombie,1,LINE_LEFT,17.6,17.6,1
null,Normal,14,14,MadJackZombie,2,LINE_LEFT,17.6,17.6,2
null,Normal,14,15,ArmoredZombie,3,LINE_CENTER,18.8,18.8,1
null,Normal,14,15,ArmoredZombie,4,LINE_CENTER,18.8,18.8,2
null,Normal,14,15,BlueGlobeZombie,3,SCATTER,18.8,18.8,1
null,Normal,14,15,BlueGlobeZombie,4,SCATTER,18.8,18.8,2
null,Normal,14,15,GentlemanZombie,2,SCATTER,18.8,18.8,1
null,Normal,14,15,GentlemanZombie,4,SCATTER,18.8,18.8,2
null,Normal,14,15,MadJackZombie,2,LINE_LEFT,18.8,18.8,1
null,Normal,14,15,MadJackZombie,2,LINE_LEFT,18.8,18.8,2
null,Normal,14,15,RushZombieBoss,1,LINE_LEFT,18.8,18.8,2
null,Normal,15,1,ZombieMan,1,SCATTER,2.05,2.05,1
null,Normal,15,1,ZombieMan,2,SCATTER,2.05,2.05,2
null,Normal,15,1,BabaZombie,1,LINE_CENTER,2.05,2.05,1
null,Normal,15,1,BabaZombie,1,LINE_CENTER,2.05,2.05,2
null,Normal,15,1,MadJKZombie,1,LINE_LEFT,2.05,2.05,1
null,Normal,15,1,MadJKZombie,1,LINE_LEFT,2.05,2.05,2
null,Normal,15,2,ZombieMan,2,SCATTER,3.31,3.31,1
null,Normal,15,2,ZombieMan,3,SCATTER,3.31,3.31,2
null,Normal,15,2,BabaZombie,1,LINE_CENTER,3.31,3.31,1
null,Normal,15,2,BabaZombie,1,LINE_CENTER,3.31,3.31,2
null,Normal,15,2,MadJKZombie,1,LINE_LEFT,3.31,3.31,1
null,Normal,15,2,MadJKZombie,1,LINE_LEFT,3.31,3.31,2
null,Normal,15,3,ZombieMan,2,SCATTER,4.57,4.57,1
null,Normal,15,3,ZombieMan,4,SCATTER,4.57,4.57,2
null,Normal,15,3,BabaZombie,1,LINE_CENTER,4.57,4.57,1
null,Normal,15,3,BabaZombie,1,LINE_CENTER,4.57,4.57,2
null,Normal,15,3,MadJKZombie,1,LINE_LEFT,4.57,4.57,1
null,Normal,15,3,MadJKZombie,1,LINE_LEFT,4.57,4.57,2
null,Normal,15,4,ZombieMan,2,SCATTER,5.83,5.83,1
null,Normal,15,4,ZombieMan,2,SCATTER,5.83,5.83,2
null,Normal,15,4,BabaZombie,1,LINE_CENTER,5.83,5.83,1
null,Normal,15,4,BabaZombie,2,LINE_CENTER,5.83,5.83,2
null,Normal,15,4,MadJKZombie,1,LINE_LEFT,5.83,5.83,1
null,Normal,15,4,MadJKZombie,2,LINE_LEFT,5.83,5.83,2
null,Normal,15,5,ZombieMan,1,SCATTER,7.09,7.09,2
null,Normal,15,5,BabaZombie,1,LINE_CENTER,7.09,7.09,1
null,Normal,15,5,BabaZombie,2,LINE_CENTER,7.09,7.09,2
null,Normal,15,5,MadJKZombie,1,LINE_LEFT,7.09,7.09,1
null,Normal,15,5,MadJKZombie,2,LINE_LEFT,7.09,7.09,2
null,Normal,15,5,ZombieBoss,1,LINE_LEFT,7.09,7.09,2
null,Normal,15,6,BabaZombie,2,LINE_CENTER,8.35,8.35,1
null,Normal,15,6,BabaZombie,2,LINE_CENTER,8.35,8.35,2
null,Normal,15,6,MadJKZombie,2,LINE_LEFT,8.35,8.35,1
null,Normal,15,6,MadJKZombie,2,LINE_LEFT,8.35,8.35,2
null,Normal,15,6,YeahArchorZombie,1,LINE_LEFT,8.35,8.35,1
null,Normal,15,6,YeahArchorZombie,1,LINE_LEFT,8.35,8.35,2
null,Normal,15,7,ZombieMan,1,SCATTER,9.61,9.61,2
null,Normal,15,7,BabaZombie,2,LINE_CENTER,9.61,9.61,1
null,Normal,15,7,BabaZombie,2,LINE_CENTER,9.61,9.61,2
null,Normal,15,7,MadJKZombie,2,LINE_LEFT,9.61,9.61,1
null,Normal,15,7,MadJKZombie,2,LINE_LEFT,9.61,9.61,2
null,Normal,15,7,YeahArchorZombie,1,LINE_LEFT,9.61,9.61,1
null,Normal,15,7,YeahArchorZombie,1,LINE_LEFT,9.61,9.61,2
null,Normal,15,8,ZombieMan,1,SCATTER,10.87,10.87,1
null,Normal,15,8,ZombieMan,2,SCATTER,10.87,10.87,2
null,Normal,15,8,BabaZombie,2,LINE_CENTER,10.87,10.87,1
null,Normal,15,8,BabaZombie,2,LINE_CENTER,10.87,10.87,2
null,Normal,15,8,MadJKZombie,2,LINE_LEFT,10.87,10.87,1
null,Normal,15,8,MadJKZombie,2,LINE_LEFT,10.87,10.87,2
null,Normal,15,8,YeahArchorZombie,1,LINE_LEFT,10.87,10.87,1
null,Normal,15,8,YeahArchorZombie,1,LINE_LEFT,10.87,10.87,2
null,Normal,15,9,BabaZombie,2,LINE_CENTER,12.13,12.13,1
null,Normal,15,9,BabaZombie,3,LINE_CENTER,12.13,12.13,2
null,Normal,15,9,MadJKZombie,2,LINE_LEFT,12.13,12.13,1
null,Normal,15,9,MadJKZombie,3,LINE_LEFT,12.13,12.13,2
null,Normal,15,9,YeahArchorZombie,1,LINE_LEFT,12.13,12.13,1
null,Normal,15,9,YeahArchorZombie,2,LINE_LEFT,12.13,12.13,2
null,Normal,15,10,BabaZombie,2,LINE_CENTER,13.39,13.39,1
null,Normal,15,10,BabaZombie,3,LINE_CENTER,13.39,13.39,2
null,Normal,15,10,MadJKZombie,2,LINE_LEFT,13.39,13.39,1
null,Normal,15,10,MadJKZombie,3,LINE_LEFT,13.39,13.39,2
null,Normal,15,10,YeahArchorZombie,1,LINE_LEFT,13.39,13.39,1
null,Normal,15,10,YeahArchorZombie,2,LINE_LEFT,13.39,13.39,2
null,Normal,15,10,WorkerZombie,1,LINE_LEFT,13.39,13.39,2
null,Normal,15,11,BabaZombie,2,LINE_CENTER,14.64,14.64,1
null,Normal,15,11,BabaZombie,4,LINE_CENTER,14.64,14.64,2
null,Normal,15,11,MadJKZombie,2,LINE_LEFT,14.64,14.64,1
null,Normal,15,11,MadJKZombie,4,LINE_LEFT,14.64,14.64,2
null,Normal,15,11,YeahArchorZombie,2,LINE_LEFT,14.64,14.64,1
null,Normal,15,11,YeahArchorZombie,2,LINE_LEFT,14.64,14.64,2
null,Normal,15,11,SheildTankZombie,1,LINE_CENTER,14.64,14.64,1
null,Normal,15,11,SheildTankZombie,1,LINE_CENTER,14.64,14.64,2
null,Normal,15,12,BabaZombie,2,LINE_CENTER,15.9,15.9,1
null,Normal,15,12,BabaZombie,4,LINE_CENTER,15.9,15.9,2
null,Normal,15,12,MadJKZombie,2,LINE_LEFT,15.9,15.9,1
null,Normal,15,12,MadJKZombie,4,LINE_LEFT,15.9,15.9,2
null,Normal,15,12,YeahArchorZombie,2,LINE_LEFT,15.9,15.9,1
null,Normal,15,12,YeahArchorZombie,2,LINE_LEFT,15.9,15.9,2
null,Normal,15,12,SheildTankZombie,1,LINE_CENTER,15.9,15.9,1
null,Normal,15,12,SheildTankZombie,1,LINE_CENTER,15.9,15.9,2
null,Normal,15,13,BabaZombie,2,LINE_CENTER,17.16,17.16,1
null,Normal,15,13,BabaZombie,4,LINE_CENTER,17.16,17.16,2
null,Normal,15,13,MadJKZombie,2,LINE_LEFT,17.16,17.16,1
null,Normal,15,13,MadJKZombie,4,LINE_LEFT,17.16,17.16,2
null,Normal,15,13,YeahArchorZombie,2,LINE_LEFT,17.16,17.16,1
null,Normal,15,13,YeahArchorZombie,2,LINE_LEFT,17.16,17.16,2
null,Normal,15,13,SheildTankZombie,1,LINE_CENTER,17.16,17.16,1
null,Normal,15,13,SheildTankZombie,1,LINE_CENTER,17.16,17.16,2
null,Normal,15,14,BabaZombie,3,LINE_CENTER,18.42,18.42,1
null,Normal,15,14,BabaZombie,4,LINE_CENTER,18.42,18.42,2
null,Normal,15,14,MadJKZombie,3,LINE_LEFT,18.42,18.42,1
null,Normal,15,14,MadJKZombie,4,LINE_LEFT,18.42,18.42,2
null,Normal,15,14,YeahArchorZombie,2,LINE_LEFT,18.42,18.42,1
null,Normal,15,14,YeahArchorZombie,3,LINE_LEFT,18.42,18.42,2
null,Normal,15,14,SheildTankZombie,1,LINE_CENTER,18.42,18.42,1
null,Normal,15,14,SheildTankZombie,2,LINE_CENTER,18.42,18.42,2
null,Normal,15,15,BabaZombie,3,LINE_CENTER,19.68,19.68,1
null,Normal,15,15,BabaZombie,4,LINE_CENTER,19.68,19.68,2
null,Normal,15,15,MadJKZombie,3,LINE_LEFT,19.68,19.68,1
null,Normal,15,15,MadJKZombie,4,LINE_LEFT,19.68,19.68,2
null,Normal,15,15,YeahArchorZombie,2,LINE_LEFT,19.68,19.68,1
null,Normal,15,15,YeahArchorZombie,3,LINE_LEFT,19.68,19.68,2
null,Normal,15,15,SheildTankZombie,1,LINE_CENTER,19.68,19.68,1
null,Normal,15,15,SheildTankZombie,2,LINE_CENTER,19.68,19.68,2
null,Normal,15,15,YeahMagZombie,1,LINE_LEFT,19.68,19.68,2
null,Normal,15,16,BabaZombie,3,LINE_CENTER,20.94,20.94,1
null,Normal,15,16,BabaZombie,5,LINE_CENTER,20.94,20.94,2
null,Normal,15,16,MadJKZombie,3,LINE_LEFT,20.94,20.94,1
null,Normal,15,16,MadJKZombie,5,LINE_LEFT,20.94,20.94,2
null,Normal,15,16,YeahArchorZombie,2,LINE_LEFT,20.94,20.94,1
null,Normal,15,16,YeahArchorZombie,4,LINE_LEFT,20.94,20.94,2
null,Normal,15,16,SheildTankZombie,2,LINE_CENTER,20.94,20.94,1
null,Normal,15,16,SheildTankZombie,2,LINE_CENTER,20.94,20.94,2
null,Normal,15,17,BabaZombie,3,LINE_CENTER,22.2,22.2,1
null,Normal,15,17,BabaZombie,5,LINE_CENTER,22.2,22.2,2
null,Normal,15,17,MadJKZombie,3,LINE_LEFT,22.2,22.2,1
null,Normal,15,17,MadJKZombie,5,LINE_LEFT,22.2,22.2,2
null,Normal,15,17,YeahArchorZombie,2,LINE_LEFT,22.2,22.2,1
null,Normal,15,17,YeahArchorZombie,4,LINE_LEFT,22.2,22.2,2
null,Normal,15,17,SheildTankZombie,2,LINE_CENTER,22.2,22.2,1
null,Normal,15,17,SheildTankZombie,2,LINE_CENTER,22.2,22.2,2
null,Normal,15,18,BabaZombie,3,LINE_CENTER,23.46,23.46,1
null,Normal,15,18,BabaZombie,5,LINE_CENTER,23.46,23.46,2
null,Normal,15,18,MadJKZombie,3,LINE_LEFT,23.46,23.46,1
null,Normal,15,18,MadJKZombie,5,LINE_LEFT,23.46,23.46,2
null,Normal,15,18,YeahArchorZombie,2,LINE_LEFT,23.46,23.46,1
null,Normal,15,18,YeahArchorZombie,4,LINE_LEFT,23.46,23.46,2
null,Normal,15,18,SheildTankZombie,2,LINE_CENTER,23.46,23.46,1
null,Normal,15,18,SheildTankZombie,2,LINE_CENTER,23.46,23.46,2
null,Normal,15,19,BabaZombie,4,LINE_CENTER,24.72,24.72,1
null,Normal,15,19,BabaZombie,5,LINE_CENTER,24.72,24.72,2
null,Normal,15,19,MadJKZombie,4,LINE_LEFT,24.72,24.72,1
null,Normal,15,19,MadJKZombie,5,LINE_LEFT,24.72,24.72,2
null,Normal,15,19,YeahArchorZombie,3,LINE_LEFT,24.72,24.72,1
null,Normal,15,19,YeahArchorZombie,4,LINE_LEFT,24.72,24.72,2
null,Normal,15,19,SheildTankZombie,2,LINE_CENTER,24.72,24.72,1
null,Normal,15,19,SheildTankZombie,3,LINE_CENTER,24.72,24.72,2
null,Normal,15,20,BabaZombie,4,LINE_CENTER,25.98,25.98,1
null,Normal,15,20,BabaZombie,5,LINE_CENTER,25.98,25.98,2
null,Normal,15,20,MadJKZombie,4,LINE_LEFT,25.98,25.98,1
null,Normal,15,20,MadJKZombie,5,LINE_LEFT,25.98,25.98,2
null,Normal,15,20,YeahArchorZombie,3,LINE_LEFT,25.98,25.98,1
null,Normal,15,20,YeahArchorZombie,4,LINE_LEFT,25.98,25.98,2
null,Normal,15,20,SheildTankZombie,2,LINE_CENTER,25.98,25.98,1
null,Normal,15,20,SheildTankZombie,3,LINE_CENTER,25.98,25.98,2
null,Normal,15,20,POShieldZombie,1,LINE_LEFT,25.98,25.98,2
null,Normal,16,1,ZombieMan,2,SCATTER,2.15,2.15,1
null,Normal,16,1,ZombieMan,3,SCATTER,2.15,2.15,2
null,Normal,16,1,JokerZombie,1,SCATTER,2.15,2.15,1
null,Normal,16,1,JokerZombie,1,SCATTER,2.15,2.15,2
null,Normal,16,1,BlueGlobeZombie,1,SCATTER,2.15,2.15,1
null,Normal,16,1,BlueGlobeZombie,1,SCATTER,2.15,2.15,2
null,Normal,16,2,ZombieMan,2,SCATTER,3.51,3.51,1
null,Normal,16,2,ZombieMan,4,SCATTER,3.51,3.51,2
null,Normal,16,2,JokerZombie,1,SCATTER,3.51,3.51,1
null,Normal,16,2,JokerZombie,1,SCATTER,3.51,3.51,2
null,Normal,16,2,BlueGlobeZombie,1,SCATTER,3.51,3.51,1
null,Normal,16,2,BlueGlobeZombie,1,SCATTER,3.51,3.51,2
null,Normal,16,3,ZombieMan,3,SCATTER,4.87,4.87,1
null,Normal,16,3,ZombieMan,5,SCATTER,4.87,4.87,2
null,Normal,16,3,JokerZombie,1,SCATTER,4.87,4.87,1
null,Normal,16,3,JokerZombie,1,SCATTER,4.87,4.87,2
null,Normal,16,3,BlueGlobeZombie,1,SCATTER,4.87,4.87,1
null,Normal,16,3,BlueGlobeZombie,1,SCATTER,4.87,4.87,2
null,Normal,16,4,ZombieMan,2,SCATTER,6.23,6.23,1
null,Normal,16,4,ZombieMan,4,SCATTER,6.23,6.23,2
null,Normal,16,4,JokerZombie,1,SCATTER,6.23,6.23,1
null,Normal,16,4,JokerZombie,2,SCATTER,6.23,6.23,2
null,Normal,16,4,BlueGlobeZombie,1,SCATTER,6.23,6.23,1
null,Normal,16,4,BlueGlobeZombie,2,SCATTER,6.23,6.23,2
null,Normal,16,5,ZombieMan,1,SCATTER,7.59,7.59,2
null,Normal,16,5,JokerZombie,1,SCATTER,7.59,7.59,1
null,Normal,16,5,JokerZombie,2,SCATTER,7.59,7.59,2
null,Normal,16,5,BlueGlobeZombie,1,SCATTER,7.59,7.59,1
null,Normal,16,5,BlueGlobeZombie,2,SCATTER,7.59,7.59,2
null,Normal,16,5,RushZombie,1,SCATTER,7.59,7.59,1
null,Normal,16,5,RushZombie,1,SCATTER,7.59,7.59,2
null,Normal,16,5,ZombieBoss,1,LINE_LEFT,7.59,7.59,2
null,Normal,16,6,ZombieMan,1,SCATTER,8.95,8.95,1
null,Normal,16,6,ZombieMan,1,SCATTER,8.95,8.95,2
null,Normal,16,6,JokerZombie,2,SCATTER,8.95,8.95,1
null,Normal,16,6,JokerZombie,2,SCATTER,8.95,8.95,2
null,Normal,16,6,BlueGlobeZombie,2,SCATTER,8.95,8.95,1
null,Normal,16,6,BlueGlobeZombie,2,SCATTER,8.95,8.95,2
null,Normal,16,6,RushZombie,1,SCATTER,8.95,8.95,1
null,Normal,16,6,RushZombie,1,SCATTER,8.95,8.95,2
null,Normal,16,7,ZombieMan,2,SCATTER,10.31,10.31,1
null,Normal,16,7,ZombieMan,2,SCATTER,10.31,10.31,2
null,Normal,16,7,JokerZombie,2,SCATTER,10.31,10.31,1
null,Normal,16,7,JokerZombie,2,SCATTER,10.31,10.31,2
null,Normal,16,7,BlueGlobeZombie,2,SCATTER,10.31,10.31,1
null,Normal,16,7,BlueGlobeZombie,2,SCATTER,10.31,10.31,2
null,Normal,16,7,RushZombie,1,SCATTER,10.31,10.31,1
null,Normal,16,7,RushZombie,1,SCATTER,10.31,10.31,2
null,Normal,16,8,ZombieMan,2,SCATTER,11.68,11.68,1
null,Normal,16,8,ZombieMan,2,SCATTER,11.68,11.68,2
null,Normal,16,8,JokerZombie,2,SCATTER,11.68,11.68,1
null,Normal,16,8,JokerZombie,2,SCATTER,11.68,11.68,2
null,Normal,16,8,BlueGlobeZombie,2,SCATTER,11.68,11.68,1
null,Normal,16,8,BlueGlobeZombie,2,SCATTER,11.68,11.68,2
null,Normal,16,8,RushZombie,1,SCATTER,11.68,11.68,1
null,Normal,16,8,RushZombie,2,SCATTER,11.68,11.68,2
null,Normal,16,9,ZombieMan,1,SCATTER,13.04,13.04,1
null,Normal,16,9,ZombieMan,1,SCATTER,13.04,13.04,2
null,Normal,16,9,JokerZombie,2,SCATTER,13.04,13.04,1
null,Normal,16,9,JokerZombie,3,SCATTER,13.04,13.04,2
null,Normal,16,9,BlueGlobeZombie,2,SCATTER,13.04,13.04,1
null,Normal,16,9,BlueGlobeZombie,3,SCATTER,13.04,13.04,2
null,Normal,16,9,RushZombie,1,SCATTER,13.04,13.04,1
null,Normal,16,9,RushZombie,2,SCATTER,13.04,13.04,2
null,Normal,16,10,JokerZombie,2,SCATTER,14.4,14.4,1
null,Normal,16,10,JokerZombie,3,SCATTER,14.4,14.4,2
null,Normal,16,10,BlueGlobeZombie,2,SCATTER,14.4,14.4,1
null,Normal,16,10,BlueGlobeZombie,3,SCATTER,14.4,14.4,2
null,Normal,16,10,PoliceKnightZombie,1,LINE_CENTER,14.4,14.4,1
null,Normal,16,10,PoliceKnightZombie,1,LINE_CENTER,14.4,14.4,2
null,Normal,16,10,RushZombie,2,SCATTER,14.4,14.4,1
null,Normal,16,10,RushZombie,2,SCATTER,14.4,14.4,2
null,Normal,16,10,RushZombieBoss,1,LINE_LEFT,14.4,14.4,2
null,Normal,16,11,JokerZombie,2,SCATTER,15.76,15.76,1
null,Normal,16,11,JokerZombie,4,SCATTER,15.76,15.76,2
null,Normal,16,11,BlueGlobeZombie,2,SCATTER,15.76,15.76,1
null,Normal,16,11,BlueGlobeZombie,4,SCATTER,15.76,15.76,2
null,Normal,16,11,PoliceKnightZombie,1,LINE_CENTER,15.76,15.76,1
null,Normal,16,11,PoliceKnightZombie,1,LINE_CENTER,15.76,15.76,2
null,Normal,16,11,RushZombie,2,SCATTER,15.76,15.76,1
null,Normal,16,11,RushZombie,2,SCATTER,15.76,15.76,2
null,Normal,16,12,JokerZombie,2,SCATTER,17.12,17.12,1
null,Normal,16,12,JokerZombie,4,SCATTER,17.12,17.12,2
null,Normal,16,12,BlueGlobeZombie,2,SCATTER,17.12,17.12,1
null,Normal,16,12,BlueGlobeZombie,4,SCATTER,17.12,17.12,2
null,Normal,16,12,PoliceKnightZombie,1,LINE_CENTER,17.12,17.12,1
null,Normal,16,12,PoliceKnightZombie,1,LINE_CENTER,17.12,17.12,2
null,Normal,16,12,RushZombie,2,SCATTER,17.12,17.12,1
null,Normal,16,12,RushZombie,2,SCATTER,17.12,17.12,2
null,Normal,16,13,JokerZombie,2,SCATTER,18.48,18.48,1
null,Normal,16,13,JokerZombie,4,SCATTER,18.48,18.48,2
null,Normal,16,13,BlueGlobeZombie,2,SCATTER,18.48,18.48,1
null,Normal,16,13,BlueGlobeZombie,4,SCATTER,18.48,18.48,2
null,Normal,16,13,PoliceKnightZombie,1,LINE_CENTER,18.48,18.48,1
null,Normal,16,13,PoliceKnightZombie,2,LINE_CENTER,18.48,18.48,2
null,Normal,16,13,RushZombie,2,SCATTER,18.48,18.48,1
null,Normal,16,13,RushZombie,3,SCATTER,18.48,18.48,2
null,Normal,16,14,JokerZombie,3,SCATTER,19.84,19.84,1
null,Normal,16,14,JokerZombie,4,SCATTER,19.84,19.84,2
null,Normal,16,14,BlueGlobeZombie,3,SCATTER,19.84,19.84,1
null,Normal,16,14,BlueGlobeZombie,4,SCATTER,19.84,19.84,2
null,Normal,16,14,PoliceKnightZombie,1,LINE_CENTER,19.84,19.84,1
null,Normal,16,14,PoliceKnightZombie,2,LINE_CENTER,19.84,19.84,2
null,Normal,16,14,RushZombie,2,SCATTER,19.84,19.84,1
null,Normal,16,14,RushZombie,3,SCATTER,19.84,19.84,2
null,Normal,16,15,JokerZombie,3,SCATTER,21.2,21.2,1
null,Normal,16,15,JokerZombie,4,SCATTER,21.2,21.2,2
null,Normal,16,15,BlueGlobeZombie,3,SCATTER,21.2,21.2,1
null,Normal,16,15,BlueGlobeZombie,4,SCATTER,21.2,21.2,2
null,Normal,16,15,PoliceKnightZombie,2,LINE_CENTER,21.2,21.2,1
null,Normal,16,15,PoliceKnightZombie,2,LINE_CENTER,21.2,21.2,2
null,Normal,16,15,RushZombie,2,SCATTER,21.2,21.2,1
null,Normal,16,15,RushZombie,4,SCATTER,21.2,21.2,2
null,Normal,16,15,YeahMagZombie,1,LINE_LEFT,21.2,21.2,2
null,Normal,17,1,ZombieMan,3,SCATTER,2.25,2.25,1
null,Normal,17,1,ZombieMan,4,SCATTER,2.25,2.25,2
null,Normal,17,1,BlueGlobeZombie,1,SCATTER,2.25,2.25,1
null,Normal,17,1,BlueGlobeZombie,1,SCATTER,2.25,2.25,2
null,Normal,17,1,DefTankZombie,1,LINE_CENTER,2.25,2.25,1
null,Normal,17,1,DefTankZombie,1,LINE_CENTER,2.25,2.25,2
null,Normal,17,2,ZombieMan,4,SCATTER,3.69,3.69,1
null,Normal,17,2,ZombieMan,5,SCATTER,3.69,3.69,2
null,Normal,17,2,BlueGlobeZombie,1,SCATTER,3.69,3.69,1
null,Normal,17,2,BlueGlobeZombie,1,SCATTER,3.69,3.69,2
null,Normal,17,2,DefTankZombie,1,LINE_CENTER,3.69,3.69,1
null,Normal,17,2,DefTankZombie,1,LINE_CENTER,3.69,3.69,2
null,Normal,17,3,ZombieMan,4,SCATTER,5.13,5.13,1
null,Normal,17,3,ZombieMan,6,SCATTER,5.13,5.13,2
null,Normal,17,3,BlueGlobeZombie,1,SCATTER,5.13,5.13,1
null,Normal,17,3,BlueGlobeZombie,1,SCATTER,5.13,5.13,2
null,Normal,17,3,DefTankZombie,1,LINE_CENTER,5.13,5.13,1
null,Normal,17,3,DefTankZombie,1,LINE_CENTER,5.13,5.13,2
null,Normal,17,4,ZombieMan,4,SCATTER,6.57,6.57,1
null,Normal,17,4,ZombieMan,5,SCATTER,6.57,6.57,2
null,Normal,17,4,BlueGlobeZombie,1,SCATTER,6.57,6.57,1
null,Normal,17,4,BlueGlobeZombie,2,SCATTER,6.57,6.57,2
null,Normal,17,4,DefTankZombie,1,LINE_CENTER,6.57,6.57,1
null,Normal,17,4,DefTankZombie,2,LINE_CENTER,6.57,6.57,2
null,Normal,17,5,ZombieMan,1,SCATTER,8.01,8.01,1
null,Normal,17,5,ZombieMan,2,SCATTER,8.01,8.01,2
null,Normal,17,5,BlueGlobeZombie,1,SCATTER,8.01,8.01,1
null,Normal,17,5,BlueGlobeZombie,2,SCATTER,8.01,8.01,2
null,Normal,17,5,DefTankZombie,1,LINE_CENTER,8.01,8.01,1
null,Normal,17,5,DefTankZombie,2,LINE_CENTER,8.01,8.01,2
null,Normal,17,5,MadKnightZombie,1,LINE_CENTER,8.01,8.01,1
null,Normal,17,5,MadKnightZombie,1,LINE_CENTER,8.01,8.01,2
null,Normal,17,5,ZombieBoss,1,LINE_LEFT,8.01,8.01,2
null,Normal,17,6,ZombieMan,2,SCATTER,9.45,9.45,1
null,Normal,17,6,ZombieMan,4,SCATTER,9.45,9.45,2
null,Normal,17,6,BlueGlobeZombie,2,SCATTER,9.45,9.45,1
null,Normal,17,6,BlueGlobeZombie,2,SCATTER,9.45,9.45,2
null,Normal,17,6,DefTankZombie,2,LINE_CENTER,9.45,9.45,1
null,Normal,17,6,DefTankZombie,2,LINE_CENTER,9.45,9.45,2
null,Normal,17,6,MadKnightZombie,1,LINE_CENTER,9.45,9.45,1
null,Normal,17,6,MadKnightZombie,1,LINE_CENTER,9.45,9.45,2
null,Normal,17,7,ZombieMan,3,SCATTER,10.89,10.89,1
null,Normal,17,7,ZombieMan,5,SCATTER,10.89,10.89,2
null,Normal,17,7,BlueGlobeZombie,2,SCATTER,10.89,10.89,1
null,Normal,17,7,BlueGlobeZombie,2,SCATTER,10.89,10.89,2
null,Normal,17,7,DefTankZombie,2,LINE_CENTER,10.89,10.89,1
null,Normal,17,7,DefTankZombie,2,LINE_CENTER,10.89,10.89,2
null,Normal,17,7,MadKnightZombie,1,LINE_CENTER,10.89,10.89,1
null,Normal,17,7,MadKnightZombie,1,LINE_CENTER,10.89,10.89,2
null,Normal,17,8,ZombieMan,3,SCATTER,12.32,12.32,1
null,Normal,17,8,ZombieMan,4,SCATTER,12.32,12.32,2
null,Normal,17,8,BlueGlobeZombie,2,SCATTER,12.32,12.32,1
null,Normal,17,8,BlueGlobeZombie,2,SCATTER,12.32,12.32,2
null,Normal,17,8,DefTankZombie,2,LINE_CENTER,12.32,12.32,1
null,Normal,17,8,DefTankZombie,2,LINE_CENTER,12.32,12.32,2
null,Normal,17,8,MadKnightZombie,1,LINE_CENTER,12.32,12.32,1
null,Normal,17,8,MadKnightZombie,2,LINE_CENTER,12.32,12.32,2
null,Normal,17,9,ZombieMan,2,SCATTER,13.76,13.76,1
null,Normal,17,9,ZombieMan,4,SCATTER,13.76,13.76,2
null,Normal,17,9,BlueGlobeZombie,2,SCATTER,13.76,13.76,1
null,Normal,17,9,BlueGlobeZombie,3,SCATTER,13.76,13.76,2
null,Normal,17,9,DefTankZombie,2,LINE_CENTER,13.76,13.76,1
null,Normal,17,9,DefTankZombie,3,LINE_CENTER,13.76,13.76,2
null,Normal,17,9,MadKnightZombie,1,LINE_CENTER,13.76,13.76,1
null,Normal,17,9,MadKnightZombie,2,LINE_CENTER,13.76,13.76,2
null,Normal,17,10,BlueGlobeZombie,2,SCATTER,15.2,15.2,1
null,Normal,17,10,BlueGlobeZombie,3,SCATTER,15.2,15.2,2
null,Normal,17,10,DefTankZombie,2,LINE_CENTER,15.2,15.2,1
null,Normal,17,10,DefTankZombie,3,LINE_CENTER,15.2,15.2,2
null,Normal,17,10,MadKnightZombie,2,LINE_CENTER,15.2,15.2,1
null,Normal,17,10,MadKnightZombie,2,LINE_CENTER,15.2,15.2,2
null,Normal,17,10,ArmoredZombie,1,LINE_CENTER,15.2,15.2,1
null,Normal,17,10,ArmoredZombie,1,LINE_CENTER,15.2,15.2,2
null,Normal,17,10,WorkerZombie,1,LINE_LEFT,15.2,15.2,2
null,Normal,17,11,ZombieMan,1,SCATTER,16.64,16.64,1
null,Normal,17,11,ZombieMan,1,SCATTER,16.64,16.64,2
null,Normal,17,11,BlueGlobeZombie,2,SCATTER,16.64,16.64,1
null,Normal,17,11,BlueGlobeZombie,4,SCATTER,16.64,16.64,2
null,Normal,17,11,DefTankZombie,2,LINE_CENTER,16.64,16.64,1
null,Normal,17,11,DefTankZombie,4,LINE_CENTER,16.64,16.64,2
null,Normal,17,11,MadKnightZombie,2,LINE_CENTER,16.64,16.64,1
null,Normal,17,11,MadKnightZombie,2,LINE_CENTER,16.64,16.64,2
null,Normal,17,11,ArmoredZombie,1,LINE_CENTER,16.64,16.64,1
null,Normal,17,11,ArmoredZombie,1,LINE_CENTER,16.64,16.64,2
null,Normal,17,12,ZombieMan,2,SCATTER,18.08,18.08,1
null,Normal,17,12,ZombieMan,2,SCATTER,18.08,18.08,2
null,Normal,17,12,BlueGlobeZombie,2,SCATTER,18.08,18.08,1
null,Normal,17,12,BlueGlobeZombie,4,SCATTER,18.08,18.08,2
null,Normal,17,12,DefTankZombie,2,LINE_CENTER,18.08,18.08,1
null,Normal,17,12,DefTankZombie,4,LINE_CENTER,18.08,18.08,2
null,Normal,17,12,MadKnightZombie,2,LINE_CENTER,18.08,18.08,1
null,Normal,17,12,MadKnightZombie,2,LINE_CENTER,18.08,18.08,2
null,Normal,17,12,ArmoredZombie,1,LINE_CENTER,18.08,18.08,1
null,Normal,17,12,ArmoredZombie,1,LINE_CENTER,18.08,18.08,2
null,Normal,17,13,ZombieMan,1,SCATTER,19.52,19.52,1
null,Normal,17,13,ZombieMan,1,SCATTER,19.52,19.52,2
null,Normal,17,13,BlueGlobeZombie,2,SCATTER,19.52,19.52,1
null,Normal,17,13,BlueGlobeZombie,4,SCATTER,19.52,19.52,2
null,Normal,17,13,DefTankZombie,2,LINE_CENTER,19.52,19.52,1
null,Normal,17,13,DefTankZombie,4,LINE_CENTER,19.52,19.52,2
null,Normal,17,13,MadKnightZombie,2,LINE_CENTER,19.52,19.52,1
null,Normal,17,13,MadKnightZombie,3,LINE_CENTER,19.52,19.52,2
null,Normal,17,13,ArmoredZombie,1,LINE_CENTER,19.52,19.52,1
null,Normal,17,13,ArmoredZombie,2,LINE_CENTER,19.52,19.52,2
null,Normal,17,14,ZombieMan,1,SCATTER,20.96,20.96,2
null,Normal,17,14,BlueGlobeZombie,3,SCATTER,20.96,20.96,1
null,Normal,17,14,BlueGlobeZombie,4,SCATTER,20.96,20.96,2
null,Normal,17,14,DefTankZombie,3,LINE_CENTER,20.96,20.96,1
null,Normal,17,14,DefTankZombie,4,LINE_CENTER,20.96,20.96,2
null,Normal,17,14,MadKnightZombie,2,LINE_CENTER,20.96,20.96,1
null,Normal,17,14,MadKnightZombie,3,LINE_CENTER,20.96,20.96,2
null,Normal,17,14,ArmoredZombie,1,LINE_CENTER,20.96,20.96,1
null,Normal,17,14,ArmoredZombie,2,LINE_CENTER,20.96,20.96,2
null,Normal,17,15,BlueGlobeZombie,3,SCATTER,22.4,22.4,1
null,Normal,17,15,BlueGlobeZombie,4,SCATTER,22.4,22.4,2
null,Normal,17,15,DefTankZombie,3,LINE_CENTER,22.4,22.4,1
null,Normal,17,15,DefTankZombie,4,LINE_CENTER,22.4,22.4,2
null,Normal,17,15,MadKnightZombie,2,LINE_CENTER,22.4,22.4,1
null,Normal,17,15,MadKnightZombie,4,LINE_CENTER,22.4,22.4,2
null,Normal,17,15,ArmoredZombie,2,LINE_CENTER,22.4,22.4,1
null,Normal,17,15,ArmoredZombie,2,LINE_CENTER,22.4,22.4,2
null,Normal,17,15,POShieldZombie,1,LINE_LEFT,22.4,22.4,2
null,Normal,18,1,ZombieMan,1,SCATTER,2.35,2.35,1
null,Normal,18,1,ZombieMan,1,SCATTER,2.35,2.35,2
null,Normal,18,1,BabaZombie,1,LINE_CENTER,2.35,2.35,1
null,Normal,18,1,BabaZombie,1,LINE_CENTER,2.35,2.35,2
null,Normal,18,1,JokerZombie,1,SCATTER,2.35,2.35,1
null,Normal,18,1,JokerZombie,1,SCATTER,2.35,2.35,2
null,Normal,18,2,ZombieMan,2,SCATTER,3.87,3.87,1
null,Normal,18,2,ZombieMan,2,SCATTER,3.87,3.87,2
null,Normal,18,2,BabaZombie,1,LINE_CENTER,3.87,3.87,1
null,Normal,18,2,BabaZombie,1,LINE_CENTER,3.87,3.87,2
null,Normal,18,2,JokerZombie,1,SCATTER,3.87,3.87,1
null,Normal,18,2,JokerZombie,1,SCATTER,3.87,3.87,2
null,Normal,18,3,ZombieMan,2,SCATTER,5.39,5.39,1
null,Normal,18,3,ZombieMan,3,SCATTER,5.39,5.39,2
null,Normal,18,3,BabaZombie,1,LINE_CENTER,5.39,5.39,1
null,Normal,18,3,BabaZombie,1,LINE_CENTER,5.39,5.39,2
null,Normal,18,3,JokerZombie,1,SCATTER,5.39,5.39,1
null,Normal,18,3,JokerZombie,1,SCATTER,5.39,5.39,2
null,Normal,18,4,ZombieMan,1,SCATTER,6.9,6.9,1
null,Normal,18,4,ZombieMan,1,SCATTER,6.9,6.9,2
null,Normal,18,4,BabaZombie,1,LINE_CENTER,6.9,6.9,1
null,Normal,18,4,BabaZombie,2,LINE_CENTER,6.9,6.9,2
null,Normal,18,4,JokerZombie,1,SCATTER,6.9,6.9,1
null,Normal,18,4,JokerZombie,2,SCATTER,6.9,6.9,2
null,Normal,18,5,BabaZombie,1,LINE_CENTER,8.42,8.42,1
null,Normal,18,5,BabaZombie,2,LINE_CENTER,8.42,8.42,2
null,Normal,18,5,JokerZombie,1,SCATTER,8.42,8.42,1
null,Normal,18,5,JokerZombie,2,SCATTER,8.42,8.42,2
null,Normal,18,5,MadJackZombie,1,LINE_LEFT,8.42,8.42,1
null,Normal,18,5,MadJackZombie,1,LINE_LEFT,8.42,8.42,2
null,Normal,18,5,ZombieBoss,1,LINE_LEFT,8.42,8.42,2
null,Normal,18,6,BabaZombie,2,LINE_CENTER,9.94,9.94,1
null,Normal,18,6,BabaZombie,2,LINE_CENTER,9.94,9.94,2
null,Normal,18,6,JokerZombie,2,SCATTER,9.94,9.94,1
null,Normal,18,6,JokerZombie,2,SCATTER,9.94,9.94,2
null,Normal,18,6,MadJackZombie,1,LINE_LEFT,9.94,9.94,1
null,Normal,18,6,MadJackZombie,1,LINE_LEFT,9.94,9.94,2
null,Normal,18,7,BabaZombie,2,LINE_CENTER,11.46,11.46,1
null,Normal,18,7,BabaZombie,2,LINE_CENTER,11.46,11.46,2
null,Normal,18,7,JokerZombie,2,SCATTER,11.46,11.46,1
null,Normal,18,7,JokerZombie,2,SCATTER,11.46,11.46,2
null,Normal,18,7,MadJackZombie,1,LINE_LEFT,11.46,11.46,1
null,Normal,18,7,MadJackZombie,1,LINE_LEFT,11.46,11.46,2
null,Normal,18,8,BabaZombie,2,LINE_CENTER,12.97,12.97,1
null,Normal,18,8,BabaZombie,2,LINE_CENTER,12.97,12.97,2
null,Normal,18,8,JokerZombie,2,SCATTER,12.97,12.97,1
null,Normal,18,8,JokerZombie,2,SCATTER,12.97,12.97,2
null,Normal,18,8,MadJackZombie,1,LINE_LEFT,12.97,12.97,1
null,Normal,18,8,MadJackZombie,2,LINE_LEFT,12.97,12.97,2
null,Normal,18,9,BabaZombie,2,LINE_CENTER,14.49,14.49,1
null,Normal,18,9,BabaZombie,3,LINE_CENTER,14.49,14.49,2
null,Normal,18,9,JokerZombie,2,SCATTER,14.49,14.49,1
null,Normal,18,9,JokerZombie,3,SCATTER,14.49,14.49,2
null,Normal,18,9,MadJackZombie,1,LINE_LEFT,14.49,14.49,1
null,Normal,18,9,MadJackZombie,2,LINE_LEFT,14.49,14.49,2
null,Normal,18,10,BabaZombie,2,LINE_CENTER,16.01,16.01,1
null,Normal,18,10,BabaZombie,3,LINE_CENTER,16.01,16.01,2
null,Normal,18,10,JokerZombie,2,SCATTER,16.01,16.01,1
null,Normal,18,10,JokerZombie,3,SCATTER,16.01,16.01,2
null,Normal,18,10,MadJackZombie,2,LINE_LEFT,16.01,16.01,1
null,Normal,18,10,MadJackZombie,2,LINE_LEFT,16.01,16.01,2
null,Normal,18,10,RushZombie,1,SCATTER,16.01,16.01,1
null,Normal,18,10,RushZombie,1,SCATTER,16.01,16.01,2
null,Normal,18,10,AngryRagZombie,1,LINE_LEFT,16.01,16.01,1
null,Normal,18,10,AngryRagZombie,1,LINE_LEFT,16.01,16.01,2
null,Normal,18,10,DoctorZombie,1,LINE_LEFT,16.01,16.01,2
null,Normal,18,11,BabaZombie,2,LINE_CENTER,17.53,17.53,1
null,Normal,18,11,BabaZombie,4,LINE_CENTER,17.53,17.53,2
null,Normal,18,11,JokerZombie,2,SCATTER,17.53,17.53,1
null,Normal,18,11,JokerZombie,4,SCATTER,17.53,17.53,2
null,Normal,18,11,MadJackZombie,2,LINE_LEFT,17.53,17.53,1
null,Normal,18,11,MadJackZombie,2,LINE_LEFT,17.53,17.53,2
null,Normal,18,11,RushZombie,1,SCATTER,17.53,17.53,1
null,Normal,18,11,RushZombie,1,SCATTER,17.53,17.53,2
null,Normal,18,11,AngryRagZombie,1,LINE_LEFT,17.53,17.53,1
null,Normal,18,11,AngryRagZombie,1,LINE_LEFT,17.53,17.53,2
null,Normal,18,12,BabaZombie,2,LINE_CENTER,19.05,19.05,1
null,Normal,18,12,BabaZombie,4,LINE_CENTER,19.05,19.05,2
null,Normal,18,12,JokerZombie,2,SCATTER,19.05,19.05,1
null,Normal,18,12,JokerZombie,4,SCATTER,19.05,19.05,2
null,Normal,18,12,MadJackZombie,2,LINE_LEFT,19.05,19.05,1
null,Normal,18,12,MadJackZombie,2,LINE_LEFT,19.05,19.05,2
null,Normal,18,12,RushZombie,1,SCATTER,19.05,19.05,1
null,Normal,18,12,RushZombie,1,SCATTER,19.05,19.05,2
null,Normal,18,12,AngryRagZombie,1,LINE_LEFT,19.05,19.05,1
null,Normal,18,12,AngryRagZombie,1,LINE_LEFT,19.05,19.05,2
null,Normal,18,13,BabaZombie,2,LINE_CENTER,20.56,20.56,1
null,Normal,18,13,BabaZombie,4,LINE_CENTER,20.56,20.56,2
null,Normal,18,13,JokerZombie,2,SCATTER,20.56,20.56,1
null,Normal,18,13,JokerZombie,4,SCATTER,20.56,20.56,2
null,Normal,18,13,MadJackZombie,2,LINE_LEFT,20.56,20.56,1
null,Normal,18,13,MadJackZombie,3,LINE_LEFT,20.56,20.56,2
null,Normal,18,13,RushZombie,1,SCATTER,20.56,20.56,1
null,Normal,18,13,RushZombie,2,SCATTER,20.56,20.56,2
null,Normal,18,13,AngryRagZombie,1,LINE_LEFT,20.56,20.56,1
null,Normal,18,13,AngryRagZombie,2,LINE_LEFT,20.56,20.56,2
null,Normal,18,14,BabaZombie,3,LINE_CENTER,22.08,22.08,1
null,Normal,18,14,BabaZombie,4,LINE_CENTER,22.08,22.08,2
null,Normal,18,14,JokerZombie,3,SCATTER,22.08,22.08,1
null,Normal,18,14,JokerZombie,4,SCATTER,22.08,22.08,2
null,Normal,18,14,MadJackZombie,2,LINE_LEFT,22.08,22.08,1
null,Normal,18,14,MadJackZombie,3,LINE_LEFT,22.08,22.08,2
null,Normal,18,14,RushZombie,1,SCATTER,22.08,22.08,1
null,Normal,18,14,RushZombie,2,SCATTER,22.08,22.08,2
null,Normal,18,14,AngryRagZombie,1,LINE_LEFT,22.08,22.08,1
null,Normal,18,14,AngryRagZombie,2,LINE_LEFT,22.08,22.08,2
null,Normal,18,15,BabaZombie,3,LINE_CENTER,23.6,23.6,1
null,Normal,18,15,BabaZombie,4,LINE_CENTER,23.6,23.6,2
null,Normal,18,15,JokerZombie,3,SCATTER,23.6,23.6,1
null,Normal,18,15,JokerZombie,4,SCATTER,23.6,23.6,2
null,Normal,18,15,MadJackZombie,2,LINE_LEFT,23.6,23.6,1
null,Normal,18,15,MadJackZombie,4,LINE_LEFT,23.6,23.6,2
null,Normal,18,15,RushZombie,2,SCATTER,23.6,23.6,1
null,Normal,18,15,RushZombie,2,SCATTER,23.6,23.6,2
null,Normal,18,15,AngryRagZombie,2,LINE_LEFT,23.6,23.6,1
null,Normal,18,15,AngryRagZombie,2,LINE_LEFT,23.6,23.6,2
null,Normal,18,15,YeahMagZombie,1,LINE_LEFT,23.6,23.6,2
null,Normal,19,1,ZombieMan,2,SCATTER,2.45,2.45,1
null,Normal,19,1,ZombieMan,4,SCATTER,2.45,2.45,2
null,Normal,19,1,BlueGlobeZombie,1,SCATTER,2.45,2.45,1
null,Normal,19,1,BlueGlobeZombie,1,SCATTER,2.45,2.45,2
null,Normal,19,1,SheildTankZombie,1,LINE_CENTER,2.45,2.45,1
null,Normal,19,1,SheildTankZombie,1,LINE_CENTER,2.45,2.45,2
null,Normal,19,2,ZombieMan,3,SCATTER,4.05,4.05,1
null,Normal,19,2,ZombieMan,4,SCATTER,4.05,4.05,2
null,Normal,19,2,BlueGlobeZombie,1,SCATTER,4.05,4.05,1
null,Normal,19,2,BlueGlobeZombie,1,SCATTER,4.05,4.05,2
null,Normal,19,2,SheildTankZombie,1,LINE_CENTER,4.05,4.05,1
null,Normal,19,2,SheildTankZombie,1,LINE_CENTER,4.05,4.05,2
null,Normal,19,3,ZombieMan,4,SCATTER,5.64,5.64,1
null,Normal,19,3,ZombieMan,5,SCATTER,5.64,5.64,2
null,Normal,19,3,BlueGlobeZombie,1,SCATTER,5.64,5.64,1
null,Normal,19,3,BlueGlobeZombie,1,SCATTER,5.64,5.64,2
null,Normal,19,3,SheildTankZombie,1,LINE_CENTER,5.64,5.64,1
null,Normal,19,3,SheildTankZombie,1,LINE_CENTER,5.64,5.64,2
null,Normal,19,4,ZombieMan,3,SCATTER,7.24,7.24,1
null,Normal,19,4,ZombieMan,4,SCATTER,7.24,7.24,2
null,Normal,19,4,BlueGlobeZombie,1,SCATTER,7.24,7.24,1
null,Normal,19,4,BlueGlobeZombie,2,SCATTER,7.24,7.24,2
null,Normal,19,4,SheildTankZombie,1,LINE_CENTER,7.24,7.24,1
null,Normal,19,4,SheildTankZombie,2,LINE_CENTER,7.24,7.24,2
null,Normal,19,5,ZombieMan,1,SCATTER,8.84,8.84,1
null,Normal,19,5,ZombieMan,1,SCATTER,8.84,8.84,2
null,Normal,19,5,BlueGlobeZombie,1,SCATTER,8.84,8.84,1
null,Normal,19,5,BlueGlobeZombie,2,SCATTER,8.84,8.84,2
null,Normal,19,5,SheildTankZombie,1,LINE_CENTER,8.84,8.84,1
null,Normal,19,5,SheildTankZombie,2,LINE_CENTER,8.84,8.84,2
null,Normal,19,5,MadKnightZombie,1,LINE_CENTER,8.84,8.84,1
null,Normal,19,5,MadKnightZombie,1,LINE_CENTER,8.84,8.84,2
null,Normal,19,5,ZombieBoss,1,LINE_LEFT,8.84,8.84,2
null,Normal,19,6,ZombieMan,2,SCATTER,10.43,10.43,1
null,Normal,19,6,ZombieMan,2,SCATTER,10.43,10.43,2
null,Normal,19,6,BlueGlobeZombie,2,SCATTER,10.43,10.43,1
null,Normal,19,6,BlueGlobeZombie,2,SCATTER,10.43,10.43,2
null,Normal,19,6,SheildTankZombie,2,LINE_CENTER,10.43,10.43,1
null,Normal,19,6,SheildTankZombie,2,LINE_CENTER,10.43,10.43,2
null,Normal,19,6,MadKnightZombie,1,LINE_CENTER,10.43,10.43,1
null,Normal,19,6,MadKnightZombie,1,LINE_CENTER,10.43,10.43,2
null,Normal,19,7,ZombieMan,2,SCATTER,12.03,12.03,1
null,Normal,19,7,ZombieMan,3,SCATTER,12.03,12.03,2
null,Normal,19,7,BlueGlobeZombie,2,SCATTER,12.03,12.03,1
null,Normal,19,7,BlueGlobeZombie,2,SCATTER,12.03,12.03,2
null,Normal,19,7,SheildTankZombie,2,LINE_CENTER,12.03,12.03,1
null,Normal,19,7,SheildTankZombie,2,LINE_CENTER,12.03,12.03,2
null,Normal,19,7,MadKnightZombie,1,LINE_CENTER,12.03,12.03,1
null,Normal,19,7,MadKnightZombie,1,LINE_CENTER,12.03,12.03,2
null,Normal,19,8,ZombieMan,2,SCATTER,13.62,13.62,1
null,Normal,19,8,ZombieMan,3,SCATTER,13.62,13.62,2
null,Normal,19,8,BlueGlobeZombie,2,SCATTER,13.62,13.62,1
null,Normal,19,8,BlueGlobeZombie,2,SCATTER,13.62,13.62,2
null,Normal,19,8,SheildTankZombie,2,LINE_CENTER,13.62,13.62,1
null,Normal,19,8,SheildTankZombie,2,LINE_CENTER,13.62,13.62,2
null,Normal,19,8,MadKnightZombie,1,LINE_CENTER,13.62,13.62,1
null,Normal,19,8,MadKnightZombie,2,LINE_CENTER,13.62,13.62,2
null,Normal,19,9,ZombieMan,1,SCATTER,15.22,15.22,1
null,Normal,19,9,ZombieMan,2,SCATTER,15.22,15.22,2
null,Normal,19,9,BlueGlobeZombie,2,SCATTER,15.22,15.22,1
null,Normal,19,9,BlueGlobeZombie,3,SCATTER,15.22,15.22,2
null,Normal,19,9,SheildTankZombie,2,LINE_CENTER,15.22,15.22,1
null,Normal,19,9,SheildTankZombie,3,LINE_CENTER,15.22,15.22,2
null,Normal,19,9,MadKnightZombie,1,LINE_CENTER,15.22,15.22,1
null,Normal,19,9,MadKnightZombie,2,LINE_CENTER,15.22,15.22,2
null,Normal,19,10,BlueGlobeZombie,2,SCATTER,16.82,16.82,1
null,Normal,19,10,BlueGlobeZombie,3,SCATTER,16.82,16.82,2
null,Normal,19,10,SheildTankZombie,2,LINE_CENTER,16.82,16.82,1
null,Normal,19,10,SheildTankZombie,3,LINE_CENTER,16.82,16.82,2
null,Normal,19,10,MadKnightZombie,2,LINE_CENTER,16.82,16.82,1
null,Normal,19,10,MadKnightZombie,2,LINE_CENTER,16.82,16.82,2
null,Normal,19,10,BabaZombie,1,LINE_CENTER,16.82,16.82,1
null,Normal,19,10,BabaZombie,1,LINE_CENTER,16.82,16.82,2
null,Normal,19,10,YeahMagZombie,1,LINE_LEFT,16.82,16.82,2
null,Normal,19,11,BlueGlobeZombie,2,SCATTER,18.41,18.41,1
null,Normal,19,11,BlueGlobeZombie,4,SCATTER,18.41,18.41,2
null,Normal,19,11,SheildTankZombie,2,LINE_CENTER,18.41,18.41,1
null,Normal,19,11,SheildTankZombie,4,LINE_CENTER,18.41,18.41,2
null,Normal,19,11,MadKnightZombie,2,LINE_CENTER,18.41,18.41,1
null,Normal,19,11,MadKnightZombie,2,LINE_CENTER,18.41,18.41,2
null,Normal,19,11,BabaZombie,1,LINE_CENTER,18.41,18.41,1
null,Normal,19,11,BabaZombie,1,LINE_CENTER,18.41,18.41,2
null,Normal,19,12,BlueGlobeZombie,2,SCATTER,20.01,20.01,1
null,Normal,19,12,BlueGlobeZombie,4,SCATTER,20.01,20.01,2
null,Normal,19,12,SheildTankZombie,2,LINE_CENTER,20.01,20.01,1
null,Normal,19,12,SheildTankZombie,4,LINE_CENTER,20.01,20.01,2
null,Normal,19,12,MadKnightZombie,2,LINE_CENTER,20.01,20.01,1
null,Normal,19,12,MadKnightZombie,2,LINE_CENTER,20.01,20.01,2
null,Normal,19,12,BabaZombie,1,LINE_CENTER,20.01,20.01,1
null,Normal,19,12,BabaZombie,1,LINE_CENTER,20.01,20.01,2
null,Normal,19,13,BlueGlobeZombie,2,SCATTER,21.61,21.61,1
null,Normal,19,13,BlueGlobeZombie,4,SCATTER,21.61,21.61,2
null,Normal,19,13,SheildTankZombie,2,LINE_CENTER,21.61,21.61,1
null,Normal,19,13,SheildTankZombie,4,LINE_CENTER,21.61,21.61,2
null,Normal,19,13,MadKnightZombie,2,LINE_CENTER,21.61,21.61,1
null,Normal,19,13,MadKnightZombie,3,LINE_CENTER,21.61,21.61,2
null,Normal,19,13,BabaZombie,1,LINE_CENTER,21.61,21.61,1
null,Normal,19,13,BabaZombie,2,LINE_CENTER,21.61,21.61,2
null,Normal,19,14,BlueGlobeZombie,3,SCATTER,23.2,23.2,1
null,Normal,19,14,BlueGlobeZombie,4,SCATTER,23.2,23.2,2
null,Normal,19,14,SheildTankZombie,3,LINE_CENTER,23.2,23.2,1
null,Normal,19,14,SheildTankZombie,4,LINE_CENTER,23.2,23.2,2
null,Normal,19,14,MadKnightZombie,2,LINE_CENTER,23.2,23.2,1
null,Normal,19,14,MadKnightZombie,3,LINE_CENTER,23.2,23.2,2
null,Normal,19,14,BabaZombie,1,LINE_CENTER,23.2,23.2,1
null,Normal,19,14,BabaZombie,2,LINE_CENTER,23.2,23.2,2
null,Normal,19,15,BlueGlobeZombie,3,SCATTER,24.8,24.8,1
null,Normal,19,15,BlueGlobeZombie,4,SCATTER,24.8,24.8,2
null,Normal,19,15,SheildTankZombie,3,LINE_CENTER,24.8,24.8,1
null,Normal,19,15,SheildTankZombie,4,LINE_CENTER,24.8,24.8,2
null,Normal,19,15,MadKnightZombie,2,LINE_CENTER,24.8,24.8,1
null,Normal,19,15,MadKnightZombie,4,LINE_CENTER,24.8,24.8,2
null,Normal,19,15,BabaZombie,2,LINE_CENTER,24.8,24.8,1
null,Normal,19,15,BabaZombie,2,LINE_CENTER,24.8,24.8,2
null,Normal,19,15,POShieldZombie,1,LINE_LEFT,24.8,24.8,2
null,Normal,20,1,ZombieMan,3,SCATTER,2.55,2.55,1
null,Normal,20,1,ZombieMan,4,SCATTER,2.55,2.55,2
null,Normal,20,1,BlueGlobeZombie,1,SCATTER,2.55,2.55,1
null,Normal,20,1,BlueGlobeZombie,1,SCATTER,2.55,2.55,2
null,Normal,20,1,DefTankZombie,1,LINE_CENTER,2.55,2.55,1
null,Normal,20,1,DefTankZombie,1,LINE_CENTER,2.55,2.55,2
null,Normal,20,2,ZombieMan,4,SCATTER,4.2,4.2,1
null,Normal,20,2,ZombieMan,5,SCATTER,4.2,4.2,2
null,Normal,20,2,BlueGlobeZombie,1,SCATTER,4.2,4.2,1
null,Normal,20,2,BlueGlobeZombie,1,SCATTER,4.2,4.2,2
null,Normal,20,2,DefTankZombie,1,LINE_CENTER,4.2,4.2,1
null,Normal,20,2,DefTankZombie,1,LINE_CENTER,4.2,4.2,2
null,Normal,20,3,ZombieMan,4,SCATTER,5.84,5.84,1
null,Normal,20,3,ZombieMan,6,SCATTER,5.84,5.84,2
null,Normal,20,3,BlueGlobeZombie,1,SCATTER,5.84,5.84,1
null,Normal,20,3,BlueGlobeZombie,1,SCATTER,5.84,5.84,2
null,Normal,20,3,DefTankZombie,1,LINE_CENTER,5.84,5.84,1
null,Normal,20,3,DefTankZombie,1,LINE_CENTER,5.84,5.84,2
null,Normal,20,4,ZombieMan,4,SCATTER,7.49,7.49,1
null,Normal,20,4,ZombieMan,5,SCATTER,7.49,7.49,2
null,Normal,20,4,BlueGlobeZombie,1,SCATTER,7.49,7.49,1
null,Normal,20,4,BlueGlobeZombie,2,SCATTER,7.49,7.49,2
null,Normal,20,4,DefTankZombie,1,LINE_CENTER,7.49,7.49,1
null,Normal,20,4,DefTankZombie,2,LINE_CENTER,7.49,7.49,2
null,Normal,20,5,ZombieMan,3,SCATTER,9.13,9.13,1
null,Normal,20,5,ZombieMan,4,SCATTER,9.13,9.13,2
null,Normal,20,5,BlueGlobeZombie,1,SCATTER,9.13,9.13,1
null,Normal,20,5,BlueGlobeZombie,2,SCATTER,9.13,9.13,2
null,Normal,20,5,DefTankZombie,1,LINE_CENTER,9.13,9.13,1
null,Normal,20,5,DefTankZombie,2,LINE_CENTER,9.13,9.13,2
null,Normal,20,5,ZombieBoss,1,LINE_LEFT,9.13,9.13,2
null,Normal,20,6,ZombieMan,2,SCATTER,10.78,10.78,1
null,Normal,20,6,ZombieMan,3,SCATTER,10.78,10.78,2
null,Normal,20,6,BlueGlobeZombie,2,SCATTER,10.78,10.78,1
null,Normal,20,6,BlueGlobeZombie,2,SCATTER,10.78,10.78,2
null,Normal,20,6,DefTankZombie,2,LINE_CENTER,10.78,10.78,1
null,Normal,20,6,DefTankZombie,2,LINE_CENTER,10.78,10.78,2
null,Normal,20,6,AssasineZombie,1,SCATTER,10.78,10.78,1
null,Normal,20,6,AssasineZombie,1,SCATTER,10.78,10.78,2
null,Normal,20,7,ZombieMan,2,SCATTER,12.42,12.42,1
null,Normal,20,7,ZombieMan,4,SCATTER,12.42,12.42,2
null,Normal,20,7,BlueGlobeZombie,2,SCATTER,12.42,12.42,1
null,Normal,20,7,BlueGlobeZombie,2,SCATTER,12.42,12.42,2
null,Normal,20,7,DefTankZombie,2,LINE_CENTER,12.42,12.42,1
null,Normal,20,7,DefTankZombie,2,LINE_CENTER,12.42,12.42,2
null,Normal,20,7,AssasineZombie,1,SCATTER,12.42,12.42,1
null,Normal,20,7,AssasineZombie,1,SCATTER,12.42,12.42,2
null,Normal,20,8,ZombieMan,3,SCATTER,14.07,14.07,1
null,Normal,20,8,ZombieMan,5,SCATTER,14.07,14.07,2
null,Normal,20,8,BlueGlobeZombie,2,SCATTER,14.07,14.07,1
null,Normal,20,8,BlueGlobeZombie,2,SCATTER,14.07,14.07,2
null,Normal,20,8,DefTankZombie,2,LINE_CENTER,14.07,14.07,1
null,Normal,20,8,DefTankZombie,2,LINE_CENTER,14.07,14.07,2
null,Normal,20,8,AssasineZombie,1,SCATTER,14.07,14.07,1
null,Normal,20,8,AssasineZombie,1,SCATTER,14.07,14.07,2
null,Normal,20,9,ZombieMan,2,SCATTER,15.72,15.72,1
null,Normal,20,9,ZombieMan,3,SCATTER,15.72,15.72,2
null,Normal,20,9,BlueGlobeZombie,2,SCATTER,15.72,15.72,1
null,Normal,20,9,BlueGlobeZombie,3,SCATTER,15.72,15.72,2
null,Normal,20,9,DefTankZombie,2,LINE_CENTER,15.72,15.72,1
null,Normal,20,9,DefTankZombie,3,LINE_CENTER,15.72,15.72,2
null,Normal,20,9,AssasineZombie,1,SCATTER,15.72,15.72,1
null,Normal,20,9,AssasineZombie,2,SCATTER,15.72,15.72,2
null,Normal,20,10,ZombieMan,1,SCATTER,17.36,17.36,2
null,Normal,20,10,BlueGlobeZombie,2,SCATTER,17.36,17.36,1
null,Normal,20,10,BlueGlobeZombie,3,SCATTER,17.36,17.36,2
null,Normal,20,10,DefTankZombie,2,LINE_CENTER,17.36,17.36,1
null,Normal,20,10,DefTankZombie,3,LINE_CENTER,17.36,17.36,2
null,Normal,20,10,AssasineZombie,1,SCATTER,17.36,17.36,1
null,Normal,20,10,AssasineZombie,2,SCATTER,17.36,17.36,2
null,Normal,20,10,POShieldZombie,1,LINE_LEFT,17.36,17.36,2
null,Normal,20,11,BlueGlobeZombie,2,SCATTER,19.01,19.01,1
null,Normal,20,11,BlueGlobeZombie,4,SCATTER,19.01,19.01,2
null,Normal,20,11,DefTankZombie,2,LINE_CENTER,19.01,19.01,1
null,Normal,20,11,DefTankZombie,4,LINE_CENTER,19.01,19.01,2
null,Normal,20,11,AssasineZombie,2,SCATTER,19.01,19.01,1
null,Normal,20,11,AssasineZombie,2,SCATTER,19.01,19.01,2
null,Normal,20,11,PoliceKnightZombie,1,LINE_CENTER,19.01,19.01,1
null,Normal,20,11,PoliceKnightZombie,1,LINE_CENTER,19.01,19.01,2
null,Normal,20,12,ZombieMan,1,SCATTER,20.65,20.65,2
null,Normal,20,12,BlueGlobeZombie,2,SCATTER,20.65,20.65,1
null,Normal,20,12,BlueGlobeZombie,4,SCATTER,20.65,20.65,2
null,Normal,20,12,DefTankZombie,2,LINE_CENTER,20.65,20.65,1
null,Normal,20,12,DefTankZombie,4,LINE_CENTER,20.65,20.65,2
null,Normal,20,12,AssasineZombie,2,SCATTER,20.65,20.65,1
null,Normal,20,12,AssasineZombie,2,SCATTER,20.65,20.65,2
null,Normal,20,12,PoliceKnightZombie,1,LINE_CENTER,20.65,20.65,1
null,Normal,20,12,PoliceKnightZombie,1,LINE_CENTER,20.65,20.65,2
null,Normal,20,13,ZombieMan,1,SCATTER,22.3,22.3,1
null,Normal,20,13,ZombieMan,2,SCATTER,22.3,22.3,2
null,Normal,20,13,BlueGlobeZombie,2,SCATTER,22.3,22.3,1
null,Normal,20,13,BlueGlobeZombie,4,SCATTER,22.3,22.3,2
null,Normal,20,13,DefTankZombie,2,LINE_CENTER,22.3,22.3,1
null,Normal,20,13,DefTankZombie,4,LINE_CENTER,22.3,22.3,2
null,Normal,20,13,AssasineZombie,2,SCATTER,22.3,22.3,1
null,Normal,20,13,AssasineZombie,2,SCATTER,22.3,22.3,2
null,Normal,20,13,PoliceKnightZombie,1,LINE_CENTER,22.3,22.3,1
null,Normal,20,13,PoliceKnightZombie,1,LINE_CENTER,22.3,22.3,2
null,Normal,20,14,BlueGlobeZombie,3,SCATTER,23.95,23.95,1
null,Normal,20,14,BlueGlobeZombie,4,SCATTER,23.95,23.95,2
null,Normal,20,14,DefTankZombie,3,LINE_CENTER,23.95,23.95,1
null,Normal,20,14,DefTankZombie,4,LINE_CENTER,23.95,23.95,2
null,Normal,20,14,AssasineZombie,2,SCATTER,23.95,23.95,1
null,Normal,20,14,AssasineZombie,3,SCATTER,23.95,23.95,2
null,Normal,20,14,PoliceKnightZombie,1,LINE_CENTER,23.95,23.95,1
null,Normal,20,14,PoliceKnightZombie,2,LINE_CENTER,23.95,23.95,2
null,Normal,20,15,BlueGlobeZombie,3,SCATTER,25.59,25.59,1
null,Normal,20,15,BlueGlobeZombie,4,SCATTER,25.59,25.59,2
null,Normal,20,15,DefTankZombie,3,LINE_CENTER,25.59,25.59,1
null,Normal,20,15,DefTankZombie,4,LINE_CENTER,25.59,25.59,2
null,Normal,20,15,AssasineZombie,2,SCATTER,25.59,25.59,1
null,Normal,20,15,AssasineZombie,3,SCATTER,25.59,25.59,2
null,Normal,20,15,PoliceKnightZombie,1,LINE_CENTER,25.59,25.59,1
null,Normal,20,15,PoliceKnightZombie,2,LINE_CENTER,25.59,25.59,2
null,Normal,20,15,YeahMagZombie,1,LINE_LEFT,25.59,25.59,2
null,Normal,20,16,BlueGlobeZombie,3,SCATTER,27.24,27.24,1
null,Normal,20,16,BlueGlobeZombie,5,SCATTER,27.24,27.24,2
null,Normal,20,16,DefTankZombie,3,LINE_CENTER,27.24,27.24,1
null,Normal,20,16,DefTankZombie,5,LINE_CENTER,27.24,27.24,2
null,Normal,20,16,AssasineZombie,2,SCATTER,27.24,27.24,1
null,Normal,20,16,AssasineZombie,4,SCATTER,27.24,27.24,2
null,Normal,20,16,PoliceKnightZombie,2,LINE_CENTER,27.24,27.24,1
null,Normal,20,16,PoliceKnightZombie,2,LINE_CENTER,27.24,27.24,2
null,Normal,20,17,BlueGlobeZombie,3,SCATTER,28.88,28.88,1
null,Normal,20,17,BlueGlobeZombie,5,SCATTER,28.88,28.88,2
null,Normal,20,17,DefTankZombie,3,LINE_CENTER,28.88,28.88,1
null,Normal,20,17,DefTankZombie,5,LINE_CENTER,28.88,28.88,2
null,Normal,20,17,AssasineZombie,2,SCATTER,28.88,28.88,1
null,Normal,20,17,AssasineZombie,4,SCATTER,28.88,28.88,2
null,Normal,20,17,PoliceKnightZombie,2,LINE_CENTER,28.88,28.88,1
null,Normal,20,17,PoliceKnightZombie,2,LINE_CENTER,28.88,28.88,2
null,Normal,20,18,BlueGlobeZombie,3,SCATTER,30.53,30.53,1
null,Normal,20,18,BlueGlobeZombie,5,SCATTER,30.53,30.53,2
null,Normal,20,18,DefTankZombie,3,LINE_CENTER,30.53,30.53,1
null,Normal,20,18,DefTankZombie,5,LINE_CENTER,30.53,30.53,2
null,Normal,20,18,AssasineZombie,2,SCATTER,30.53,30.53,1
null,Normal,20,18,AssasineZombie,4,SCATTER,30.53,30.53,2
null,Normal,20,18,PoliceKnightZombie,2,LINE_CENTER,30.53,30.53,1
null,Normal,20,18,PoliceKnightZombie,2,LINE_CENTER,30.53,30.53,2
null,Normal,20,19,BlueGlobeZombie,4,SCATTER,32.17,32.17,1
null,Normal,20,19,BlueGlobeZombie,5,SCATTER,32.17,32.17,2
null,Normal,20,19,DefTankZombie,4,LINE_CENTER,32.17,32.17,1
null,Normal,20,19,DefTankZombie,5,LINE_CENTER,32.17,32.17,2
null,Normal,20,19,AssasineZombie,3,SCATTER,32.17,32.17,1
null,Normal,20,19,AssasineZombie,4,SCATTER,32.17,32.17,2
null,Normal,20,19,PoliceKnightZombie,2,LINE_CENTER,32.17,32.17,1
null,Normal,20,19,PoliceKnightZombie,3,LINE_CENTER,32.17,32.17,2
null,Normal,20,20,BlueGlobeZombie,4,SCATTER,33.82,33.82,1
null,Normal,20,20,BlueGlobeZombie,5,SCATTER,33.82,33.82,2
null,Normal,20,20,DefTankZombie,4,LINE_CENTER,33.82,33.82,1
null,Normal,20,20,DefTankZombie,5,LINE_CENTER,33.82,33.82,2
null,Normal,20,20,AssasineZombie,3,SCATTER,33.82,33.82,1
null,Normal,20,20,AssasineZombie,4,SCATTER,33.82,33.82,2
null,Normal,20,20,PoliceKnightZombie,2,LINE_CENTER,33.82,33.82,1
null,Normal,20,20,PoliceKnightZombie,3,LINE_CENTER,33.82,33.82,2
null,Normal,20,20,RushZombieBoss,1,LINE_LEFT,33.82,33.82,2
null,Normal,21,1,ZombieMan,2,SCATTER,2.65,2.65,1
null,Normal,21,1,ZombieMan,3,SCATTER,2.65,2.65,2
null,Normal,21,1,NeighborZombie,1,SCATTER,2.65,2.65,1
null,Normal,21,1,NeighborZombie,1,SCATTER,2.65,2.65,2
null,Normal,21,1,BasketZombie,1,SCATTER,2.65,2.65,1
null,Normal,21,1,BasketZombie,1,SCATTER,2.65,2.65,2
null,Normal,21,2,ZombieMan,2,SCATTER,4.47,4.47,1
null,Normal,21,2,ZombieMan,4,SCATTER,4.47,4.47,2
null,Normal,21,2,NeighborZombie,1,SCATTER,4.47,4.47,1
null,Normal,21,2,NeighborZombie,1,SCATTER,4.47,4.47,2
null,Normal,21,2,BasketZombie,1,SCATTER,4.47,4.47,1
null,Normal,21,2,BasketZombie,1,SCATTER,4.47,4.47,2
null,Normal,21,3,ZombieMan,3,SCATTER,6.29,6.29,1
null,Normal,21,3,ZombieMan,5,SCATTER,6.29,6.29,2
null,Normal,21,3,NeighborZombie,1,SCATTER,6.29,6.29,1
null,Normal,21,3,NeighborZombie,1,SCATTER,6.29,6.29,2
null,Normal,21,3,BasketZombie,1,SCATTER,6.29,6.29,1
null,Normal,21,3,BasketZombie,1,SCATTER,6.29,6.29,2
null,Normal,21,4,ZombieMan,1,SCATTER,8.11,8.11,1
null,Normal,21,4,ZombieMan,1,SCATTER,8.11,8.11,2
null,Normal,21,4,NeighborZombie,1,SCATTER,8.11,8.11,1
null,Normal,21,4,NeighborZombie,2,SCATTER,8.11,8.11,2
null,Normal,21,4,BasketZombie,1,SCATTER,8.11,8.11,1
null,Normal,21,4,BasketZombie,2,SCATTER,8.11,8.11,2
null,Normal,21,4,MaskKnifeZombie,1,SCATTER,8.11,8.11,1
null,Normal,21,4,MaskKnifeZombie,1,SCATTER,8.11,8.11,2
null,Normal,21,5,NeighborZombie,1,SCATTER,9.93,9.93,1
null,Normal,21,5,NeighborZombie,2,SCATTER,9.93,9.93,2
null,Normal,21,5,BasketZombie,1,SCATTER,9.93,9.93,1
null,Normal,21,5,BasketZombie,2,SCATTER,9.93,9.93,2
null,Normal,21,5,MaskKnifeZombie,1,SCATTER,9.93,9.93,1
null,Normal,21,5,MaskKnifeZombie,1,SCATTER,9.93,9.93,2
null,Normal,21,5,ZombieBoss,1,LINE_LEFT,9.93,9.93,2
null,Normal,21,6,ZombieMan,1,SCATTER,11.74,11.74,1
null,Normal,21,6,ZombieMan,1,SCATTER,11.74,11.74,2
null,Normal,21,6,NeighborZombie,2,SCATTER,11.74,11.74,1
null,Normal,21,6,NeighborZombie,2,SCATTER,11.74,11.74,2
null,Normal,21,6,BasketZombie,2,SCATTER,11.74,11.74,1
null,Normal,21,6,BasketZombie,2,SCATTER,11.74,11.74,2
null,Normal,21,6,MaskKnifeZombie,1,SCATTER,11.74,11.74,1
null,Normal,21,6,MaskKnifeZombie,1,SCATTER,11.74,11.74,2
null,Normal,21,7,NeighborZombie,2,SCATTER,13.56,13.56,1
null,Normal,21,7,NeighborZombie,2,SCATTER,13.56,13.56,2
null,Normal,21,7,BasketZombie,2,SCATTER,13.56,13.56,1
null,Normal,21,7,BasketZombie,2,SCATTER,13.56,13.56,2
null,Normal,21,7,MaskKnifeZombie,1,SCATTER,13.56,13.56,1
null,Normal,21,7,MaskKnifeZombie,2,SCATTER,13.56,13.56,2
null,Normal,21,7,HammerZombie,1,LINE_LEFT,13.56,13.56,1
null,Normal,21,7,HammerZombie,1,LINE_LEFT,13.56,13.56,2
null,Normal,21,8,NeighborZombie,2,SCATTER,15.38,15.38,1
null,Normal,21,8,NeighborZombie,2,SCATTER,15.38,15.38,2
null,Normal,21,8,BasketZombie,2,SCATTER,15.38,15.38,1
null,Normal,21,8,BasketZombie,2,SCATTER,15.38,15.38,2
null,Normal,21,8,MaskKnifeZombie,1,SCATTER,15.38,15.38,1
null,Normal,21,8,MaskKnifeZombie,2,SCATTER,15.38,15.38,2
null,Normal,21,8,HammerZombie,1,LINE_LEFT,15.38,15.38,1
null,Normal,21,8,HammerZombie,1,LINE_LEFT,15.38,15.38,2
null,Normal,21,9,NeighborZombie,2,SCATTER,17.2,17.2,1
null,Normal,21,9,NeighborZombie,3,SCATTER,17.2,17.2,2
null,Normal,21,9,BasketZombie,2,SCATTER,17.2,17.2,1
null,Normal,21,9,BasketZombie,3,SCATTER,17.2,17.2,2
null,Normal,21,9,MaskKnifeZombie,2,SCATTER,17.2,17.2,1
null,Normal,21,9,MaskKnifeZombie,2,SCATTER,17.2,17.2,2
null,Normal,21,9,HammerZombie,1,LINE_LEFT,17.2,17.2,1
null,Normal,21,9,HammerZombie,1,LINE_LEFT,17.2,17.2,2
null,Normal,21,10,NeighborZombie,2,SCATTER,19.02,19.02,1
null,Normal,21,10,NeighborZombie,3,SCATTER,19.02,19.02,2
null,Normal,21,10,BasketZombie,2,SCATTER,19.02,19.02,1
null,Normal,21,10,BasketZombie,3,SCATTER,19.02,19.02,2
null,Normal,21,10,MaskKnifeZombie,2,SCATTER,19.02,19.02,1
null,Normal,21,10,MaskKnifeZombie,2,SCATTER,19.02,19.02,2
null,Normal,21,10,HammerZombie,1,LINE_LEFT,19.02,19.02,1
null,Normal,21,10,HammerZombie,2,LINE_LEFT,19.02,19.02,2
null,Normal,21,10,BatSkullZombie,1,LINE_LEFT,19.02,19.02,2
null,Normal,22,1,ZombieMan,2,SCATTER,2.75,2.75,1
null,Normal,22,1,ZombieMan,3,SCATTER,2.75,2.75,2
null,Normal,22,1,NeighborZombie,1,SCATTER,2.75,2.75,1
null,Normal,22,1,NeighborZombie,1,SCATTER,2.75,2.75,2
null,Normal,22,1,BasketZombie,1,SCATTER,2.75,2.75,1
null,Normal,22,1,BasketZombie,1,SCATTER,2.75,2.75,2
null,Normal,22,2,ZombieMan,2,SCATTER,4.65,4.65,1
null,Normal,22,2,ZombieMan,4,SCATTER,4.65,4.65,2
null,Normal,22,2,NeighborZombie,1,SCATTER,4.65,4.65,1
null,Normal,22,2,NeighborZombie,1,SCATTER,4.65,4.65,2
null,Normal,22,2,BasketZombie,1,SCATTER,4.65,4.65,1
null,Normal,22,2,BasketZombie,1,SCATTER,4.65,4.65,2
null,Normal,22,3,ZombieMan,3,SCATTER,6.55,6.55,1
null,Normal,22,3,ZombieMan,5,SCATTER,6.55,6.55,2
null,Normal,22,3,NeighborZombie,1,SCATTER,6.55,6.55,1
null,Normal,22,3,NeighborZombie,1,SCATTER,6.55,6.55,2
null,Normal,22,3,BasketZombie,1,SCATTER,6.55,6.55,1
null,Normal,22,3,BasketZombie,1,SCATTER,6.55,6.55,2
null,Normal,22,4,ZombieMan,1,SCATTER,8.45,8.45,1
null,Normal,22,4,ZombieMan,1,SCATTER,8.45,8.45,2
null,Normal,22,4,NeighborZombie,1,SCATTER,8.45,8.45,1
null,Normal,22,4,NeighborZombie,2,SCATTER,8.45,8.45,2
null,Normal,22,4,BasketZombie,1,SCATTER,8.45,8.45,1
null,Normal,22,4,BasketZombie,2,SCATTER,8.45,8.45,2
null,Normal,22,4,AxSkullZombie,1,LINE_CENTER,8.45,8.45,1
null,Normal,22,4,AxSkullZombie,1,LINE_CENTER,8.45,8.45,2
null,Normal,22,5,NeighborZombie,1,SCATTER,10.35,10.35,1
null,Normal,22,5,NeighborZombie,2,SCATTER,10.35,10.35,2
null,Normal,22,5,BasketZombie,1,SCATTER,10.35,10.35,1
null,Normal,22,5,BasketZombie,2,SCATTER,10.35,10.35,2
null,Normal,22,5,AxSkullZombie,1,LINE_CENTER,10.35,10.35,1
null,Normal,22,5,AxSkullZombie,1,LINE_CENTER,10.35,10.35,2
null,Normal,22,5,ZombieBoss,1,LINE_LEFT,10.35,10.35,2
null,Normal,22,6,ZombieMan,1,SCATTER,12.25,12.25,2
null,Normal,22,6,NeighborZombie,2,SCATTER,12.25,12.25,1
null,Normal,22,6,NeighborZombie,2,SCATTER,12.25,12.25,2
null,Normal,22,6,BasketZombie,2,SCATTER,12.25,12.25,1
null,Normal,22,6,BasketZombie,2,SCATTER,12.25,12.25,2
null,Normal,22,6,AxSkullZombie,1,LINE_CENTER,12.25,12.25,1
null,Normal,22,6,AxSkullZombie,1,LINE_CENTER,12.25,12.25,2
null,Normal,22,7,NeighborZombie,2,SCATTER,14.15,14.15,1
null,Normal,22,7,NeighborZombie,2,SCATTER,14.15,14.15,2
null,Normal,22,7,BasketZombie,2,SCATTER,14.15,14.15,1
null,Normal,22,7,BasketZombie,2,SCATTER,14.15,14.15,2
null,Normal,22,7,AxSkullZombie,1,LINE_CENTER,14.15,14.15,1
null,Normal,22,7,AxSkullZombie,2,LINE_CENTER,14.15,14.15,2
null,Normal,22,7,NativeZombie,1,LINE_LEFT,14.15,14.15,1
null,Normal,22,7,NativeZombie,1,LINE_LEFT,14.15,14.15,2
null,Normal,22,8,NeighborZombie,2,SCATTER,16.05,16.05,1
null,Normal,22,8,NeighborZombie,2,SCATTER,16.05,16.05,2
null,Normal,22,8,BasketZombie,2,SCATTER,16.05,16.05,1
null,Normal,22,8,BasketZombie,2,SCATTER,16.05,16.05,2
null,Normal,22,8,AxSkullZombie,1,LINE_CENTER,16.05,16.05,1
null,Normal,22,8,AxSkullZombie,2,LINE_CENTER,16.05,16.05,2
null,Normal,22,8,NativeZombie,1,LINE_LEFT,16.05,16.05,1
null,Normal,22,8,NativeZombie,1,LINE_LEFT,16.05,16.05,2
null,Normal,22,9,NeighborZombie,2,SCATTER,17.95,17.95,1
null,Normal,22,9,NeighborZombie,3,SCATTER,17.95,17.95,2
null,Normal,22,9,BasketZombie,2,SCATTER,17.95,17.95,1
null,Normal,22,9,BasketZombie,3,SCATTER,17.95,17.95,2
null,Normal,22,9,AxSkullZombie,2,LINE_CENTER,17.95,17.95,1
null,Normal,22,9,AxSkullZombie,2,LINE_CENTER,17.95,17.95,2
null,Normal,22,9,NativeZombie,1,LINE_LEFT,17.95,17.95,1
null,Normal,22,9,NativeZombie,1,LINE_LEFT,17.95,17.95,2
null,Normal,22,10,NeighborZombie,2,SCATTER,19.85,19.85,1
null,Normal,22,10,NeighborZombie,3,SCATTER,19.85,19.85,2
null,Normal,22,10,BasketZombie,2,SCATTER,19.85,19.85,1
null,Normal,22,10,BasketZombie,3,SCATTER,19.85,19.85,2
null,Normal,22,10,AxSkullZombie,2,LINE_CENTER,19.85,19.85,1
null,Normal,22,10,AxSkullZombie,2,LINE_CENTER,19.85,19.85,2
null,Normal,22,10,NativeZombie,1,LINE_LEFT,19.85,19.85,1
null,Normal,22,10,NativeZombie,2,LINE_LEFT,19.85,19.85,2
null,Normal,22,10,ZombieBoss,1,LINE_LEFT,19.85,19.85,2
null,Normal,23,1,ZombieMan,2,SCATTER,2.85,2.85,1
null,Normal,23,1,ZombieMan,3,SCATTER,2.85,2.85,2
null,Normal,23,1,BasketZombie,1,SCATTER,2.85,2.85,1
null,Normal,23,1,BasketZombie,1,SCATTER,2.85,2.85,2
null,Normal,23,1,NeighborZombie,1,SCATTER,2.85,2.85,1
null,Normal,23,1,NeighborZombie,1,SCATTER,2.85,2.85,2
null,Normal,23,2,ZombieMan,2,SCATTER,4.76,4.76,1
null,Normal,23,2,ZombieMan,4,SCATTER,4.76,4.76,2
null,Normal,23,2,BasketZombie,1,SCATTER,4.76,4.76,1
null,Normal,23,2,BasketZombie,1,SCATTER,4.76,4.76,2
null,Normal,23,2,NeighborZombie,1,SCATTER,4.76,4.76,1
null,Normal,23,2,NeighborZombie,1,SCATTER,4.76,4.76,2
null,Normal,23,3,ZombieMan,3,SCATTER,6.67,6.67,1
null,Normal,23,3,ZombieMan,5,SCATTER,6.67,6.67,2
null,Normal,23,3,BasketZombie,1,SCATTER,6.67,6.67,1
null,Normal,23,3,BasketZombie,1,SCATTER,6.67,6.67,2
null,Normal,23,3,NeighborZombie,1,SCATTER,6.67,6.67,1
null,Normal,23,3,NeighborZombie,1,SCATTER,6.67,6.67,2
null,Normal,23,4,ZombieMan,2,SCATTER,8.58,8.58,1
null,Normal,23,4,ZombieMan,3,SCATTER,8.58,8.58,2
null,Normal,23,4,BasketZombie,1,SCATTER,8.58,8.58,1
null,Normal,23,4,BasketZombie,2,SCATTER,8.58,8.58,2
null,Normal,23,4,NeighborZombie,1,SCATTER,8.58,8.58,1
null,Normal,23,4,NeighborZombie,2,SCATTER,8.58,8.58,2
null,Normal,23,5,BasketZombie,1,SCATTER,10.49,10.49,1
null,Normal,23,5,BasketZombie,2,SCATTER,10.49,10.49,2
null,Normal,23,5,NeighborZombie,1,SCATTER,10.49,10.49,1
null,Normal,23,5,NeighborZombie,2,SCATTER,10.49,10.49,2
null,Normal,23,5,WarriorZombie,1,LINE_CENTER,10.49,10.49,1
null,Normal,23,5,WarriorZombie,1,LINE_CENTER,10.49,10.49,2
null,Normal,23,5,ZombieBoss,1,LINE_LEFT,10.49,10.49,2
null,Normal,23,6,BasketZombie,2,SCATTER,12.4,12.4,1
null,Normal,23,6,BasketZombie,2,SCATTER,12.4,12.4,2
null,Normal,23,6,NeighborZombie,2,SCATTER,12.4,12.4,1
null,Normal,23,6,NeighborZombie,2,SCATTER,12.4,12.4,2
null,Normal,23,6,WarriorZombie,1,LINE_CENTER,12.4,12.4,1
null,Normal,23,6,WarriorZombie,1,LINE_CENTER,12.4,12.4,2
null,Normal,23,7,ZombieMan,1,SCATTER,14.31,14.31,2
null,Normal,23,7,BasketZombie,2,SCATTER,14.31,14.31,1
null,Normal,23,7,BasketZombie,2,SCATTER,14.31,14.31,2
null,Normal,23,7,NeighborZombie,2,SCATTER,14.31,14.31,1
null,Normal,23,7,NeighborZombie,2,SCATTER,14.31,14.31,2
null,Normal,23,7,WarriorZombie,1,LINE_CENTER,14.31,14.31,1
null,Normal,23,7,WarriorZombie,1,LINE_CENTER,14.31,14.31,2
null,Normal,23,8,BasketZombie,2,SCATTER,16.23,16.23,1
null,Normal,23,8,BasketZombie,2,SCATTER,16.23,16.23,2
null,Normal,23,8,NeighborZombie,2,SCATTER,16.23,16.23,1
null,Normal,23,8,NeighborZombie,2,SCATTER,16.23,16.23,2
null,Normal,23,8,WarriorZombie,1,LINE_CENTER,16.23,16.23,1
null,Normal,23,8,WarriorZombie,2,LINE_CENTER,16.23,16.23,2
null,Normal,23,9,BasketZombie,2,SCATTER,18.14,18.14,1
null,Normal,23,9,BasketZombie,3,SCATTER,18.14,18.14,2
null,Normal,23,9,NeighborZombie,2,SCATTER,18.14,18.14,1
null,Normal,23,9,NeighborZombie,3,SCATTER,18.14,18.14,2
null,Normal,23,9,WarriorZombie,1,LINE_CENTER,18.14,18.14,1
null,Normal,23,9,WarriorZombie,2,LINE_CENTER,18.14,18.14,2
null,Normal,23,10,BasketZombie,2,SCATTER,20.05,20.05,1
null,Normal,23,10,BasketZombie,3,SCATTER,20.05,20.05,2
null,Normal,23,10,NeighborZombie,2,SCATTER,20.05,20.05,1
null,Normal,23,10,NeighborZombie,3,SCATTER,20.05,20.05,2
null,Normal,23,10,WarriorZombie,2,LINE_CENTER,20.05,20.05,1
null,Normal,23,10,WarriorZombie,2,LINE_CENTER,20.05,20.05,2
null,Normal,23,10,MaceZombie,1,LINE_LEFT,20.05,20.05,1
null,Normal,23,10,MaceZombie,1,LINE_LEFT,20.05,20.05,2
null,Normal,23,10,WorkerZombie,1,LINE_LEFT,20.05,20.05,2
null,Normal,23,11,BasketZombie,2,SCATTER,21.96,21.96,1
null,Normal,23,11,BasketZombie,4,SCATTER,21.96,21.96,2
null,Normal,23,11,NeighborZombie,2,SCATTER,21.96,21.96,1
null,Normal,23,11,NeighborZombie,4,SCATTER,21.96,21.96,2
null,Normal,23,11,WarriorZombie,2,LINE_CENTER,21.96,21.96,1
null,Normal,23,11,WarriorZombie,2,LINE_CENTER,21.96,21.96,2
null,Normal,23,11,MaceZombie,1,LINE_LEFT,21.96,21.96,1
null,Normal,23,11,MaceZombie,1,LINE_LEFT,21.96,21.96,2
null,Normal,23,12,BasketZombie,2,SCATTER,23.87,23.87,1
null,Normal,23,12,BasketZombie,4,SCATTER,23.87,23.87,2
null,Normal,23,12,NeighborZombie,2,SCATTER,23.87,23.87,1
null,Normal,23,12,NeighborZombie,4,SCATTER,23.87,23.87,2
null,Normal,23,12,WarriorZombie,2,LINE_CENTER,23.87,23.87,1
null,Normal,23,12,WarriorZombie,2,LINE_CENTER,23.87,23.87,2
null,Normal,23,12,MaceZombie,1,LINE_LEFT,23.87,23.87,1
null,Normal,23,12,MaceZombie,1,LINE_LEFT,23.87,23.87,2
null,Normal,23,13,BasketZombie,2,SCATTER,25.78,25.78,1
null,Normal,23,13,BasketZombie,4,SCATTER,25.78,25.78,2
null,Normal,23,13,NeighborZombie,2,SCATTER,25.78,25.78,1
null,Normal,23,13,NeighborZombie,4,SCATTER,25.78,25.78,2
null,Normal,23,13,WarriorZombie,2,LINE_CENTER,25.78,25.78,1
null,Normal,23,13,WarriorZombie,3,LINE_CENTER,25.78,25.78,2
null,Normal,23,13,MaceZombie,1,LINE_LEFT,25.78,25.78,1
null,Normal,23,13,MaceZombie,2,LINE_LEFT,25.78,25.78,2
null,Normal,23,14,BasketZombie,3,SCATTER,27.69,27.69,1
null,Normal,23,14,BasketZombie,4,SCATTER,27.69,27.69,2
null,Normal,23,14,NeighborZombie,3,SCATTER,27.69,27.69,1
null,Normal,23,14,NeighborZombie,4,SCATTER,27.69,27.69,2
null,Normal,23,14,WarriorZombie,2,LINE_CENTER,27.69,27.69,1
null,Normal,23,14,WarriorZombie,3,LINE_CENTER,27.69,27.69,2
null,Normal,23,14,MaceZombie,1,LINE_LEFT,27.69,27.69,1
null,Normal,23,14,MaceZombie,2,LINE_LEFT,27.69,27.69,2
null,Normal,23,15,BasketZombie,3,SCATTER,29.6,29.6,1
null,Normal,23,15,BasketZombie,4,SCATTER,29.6,29.6,2
null,Normal,23,15,NeighborZombie,3,SCATTER,29.6,29.6,1
null,Normal,23,15,NeighborZombie,4,SCATTER,29.6,29.6,2
null,Normal,23,15,WarriorZombie,2,LINE_CENTER,29.6,29.6,1
null,Normal,23,15,WarriorZombie,4,LINE_CENTER,29.6,29.6,2
null,Normal,23,15,MaceZombie,2,LINE_LEFT,29.6,29.6,1
null,Normal,23,15,MaceZombie,2,LINE_LEFT,29.6,29.6,2
null,Normal,23,15,BatSkullZombie,1,LINE_LEFT,29.6,29.6,2
null,Normal,24,1,ZombieMan,2,SCATTER,2.95,2.95,1
null,Normal,24,1,ZombieMan,3,SCATTER,2.95,2.95,2
null,Normal,24,1,NeighborZombie,1,SCATTER,2.95,2.95,1
null,Normal,24,1,NeighborZombie,1,SCATTER,2.95,2.95,2
null,Normal,24,1,BasketZombie,1,SCATTER,2.95,2.95,1
null,Normal,24,1,BasketZombie,1,SCATTER,2.95,2.95,2
null,Normal,24,2,ZombieMan,2,SCATTER,4.94,4.94,1
null,Normal,24,2,ZombieMan,4,SCATTER,4.94,4.94,2
null,Normal,24,2,NeighborZombie,1,SCATTER,4.94,4.94,1
null,Normal,24,2,NeighborZombie,1,SCATTER,4.94,4.94,2
null,Normal,24,2,BasketZombie,1,SCATTER,4.94,4.94,1
null,Normal,24,2,BasketZombie,1,SCATTER,4.94,4.94,2
null,Normal,24,3,ZombieMan,3,SCATTER,6.93,6.93,1
null,Normal,24,3,ZombieMan,5,SCATTER,6.93,6.93,2
null,Normal,24,3,NeighborZombie,1,SCATTER,6.93,6.93,1
null,Normal,24,3,NeighborZombie,1,SCATTER,6.93,6.93,2
null,Normal,24,3,BasketZombie,1,SCATTER,6.93,6.93,1
null,Normal,24,3,BasketZombie,1,SCATTER,6.93,6.93,2
null,Normal,24,4,ZombieMan,2,SCATTER,8.92,8.92,1
null,Normal,24,4,ZombieMan,3,SCATTER,8.92,8.92,2
null,Normal,24,4,NeighborZombie,1,SCATTER,8.92,8.92,1
null,Normal,24,4,NeighborZombie,2,SCATTER,8.92,8.92,2
null,Normal,24,4,BasketZombie,1,SCATTER,8.92,8.92,1
null,Normal,24,4,BasketZombie,2,SCATTER,8.92,8.92,2
null,Normal,24,5,NeighborZombie,1,SCATTER,10.91,10.91,1
null,Normal,24,5,NeighborZombie,2,SCATTER,10.91,10.91,2
null,Normal,24,5,BasketZombie,1,SCATTER,10.91,10.91,1
null,Normal,24,5,BasketZombie,2,SCATTER,10.91,10.91,2
null,Normal,24,5,AdvandMagZombie,1,LINE_LEFT,10.91,10.91,1
null,Normal,24,5,AdvandMagZombie,1,LINE_LEFT,10.91,10.91,2
null,Normal,24,5,ZombieBoss,1,LINE_LEFT,10.91,10.91,2
null,Normal,24,6,NeighborZombie,2,SCATTER,12.9,12.9,1
null,Normal,24,6,NeighborZombie,2,SCATTER,12.9,12.9,2
null,Normal,24,6,BasketZombie,2,SCATTER,12.9,12.9,1
null,Normal,24,6,BasketZombie,2,SCATTER,12.9,12.9,2
null,Normal,24,6,AdvandMagZombie,1,LINE_LEFT,12.9,12.9,1
null,Normal,24,6,AdvandMagZombie,1,LINE_LEFT,12.9,12.9,2
null,Normal,24,7,NeighborZombie,2,SCATTER,14.89,14.89,1
null,Normal,24,7,NeighborZombie,2,SCATTER,14.89,14.89,2
null,Normal,24,7,BasketZombie,2,SCATTER,14.89,14.89,1
null,Normal,24,7,BasketZombie,2,SCATTER,14.89,14.89,2
null,Normal,24,7,AdvandMagZombie,1,LINE_LEFT,14.89,14.89,1
null,Normal,24,7,AdvandMagZombie,1,LINE_LEFT,14.89,14.89,2
null,Normal,24,8,NeighborZombie,2,SCATTER,16.88,16.88,1
null,Normal,24,8,NeighborZombie,2,SCATTER,16.88,16.88,2
null,Normal,24,8,BasketZombie,2,SCATTER,16.88,16.88,1
null,Normal,24,8,BasketZombie,2,SCATTER,16.88,16.88,2
null,Normal,24,8,AdvandMagZombie,1,LINE_LEFT,16.88,16.88,1
null,Normal,24,8,AdvandMagZombie,2,LINE_LEFT,16.88,16.88,2
null,Normal,24,9,NeighborZombie,2,SCATTER,18.86,18.86,1
null,Normal,24,9,NeighborZombie,3,SCATTER,18.86,18.86,2
null,Normal,24,9,BasketZombie,2,SCATTER,18.86,18.86,1
null,Normal,24,9,BasketZombie,3,SCATTER,18.86,18.86,2
null,Normal,24,9,AdvandMagZombie,1,LINE_LEFT,18.86,18.86,1
null,Normal,24,9,AdvandMagZombie,2,LINE_LEFT,18.86,18.86,2
null,Normal,24,10,NeighborZombie,2,SCATTER,20.85,20.85,1
null,Normal,24,10,NeighborZombie,3,SCATTER,20.85,20.85,2
null,Normal,24,10,BasketZombie,2,SCATTER,20.85,20.85,1
null,Normal,24,10,BasketZombie,3,SCATTER,20.85,20.85,2
null,Normal,24,10,AdvandMagZombie,2,LINE_LEFT,20.85,20.85,1
null,Normal,24,10,AdvandMagZombie,2,LINE_LEFT,20.85,20.85,2
null,Normal,24,10,WarriorTwoZombie,1,LINE_CENTER,20.85,20.85,1
null,Normal,24,10,WarriorTwoZombie,1,LINE_CENTER,20.85,20.85,2
null,Normal,24,10,AdvandMagBossZombie,1,LINE_LEFT,20.85,20.85,2
null,Normal,24,11,NeighborZombie,2,SCATTER,22.84,22.84,1
null,Normal,24,11,NeighborZombie,4,SCATTER,22.84,22.84,2
null,Normal,24,11,BasketZombie,2,SCATTER,22.84,22.84,1
null,Normal,24,11,BasketZombie,4,SCATTER,22.84,22.84,2
null,Normal,24,11,AdvandMagZombie,2,LINE_LEFT,22.84,22.84,1
null,Normal,24,11,AdvandMagZombie,2,LINE_LEFT,22.84,22.84,2
null,Normal,24,11,WarriorTwoZombie,1,LINE_CENTER,22.84,22.84,1
null,Normal,24,11,WarriorTwoZombie,1,LINE_CENTER,22.84,22.84,2
null,Normal,24,12,NeighborZombie,2,SCATTER,24.83,24.83,1
null,Normal,24,12,NeighborZombie,4,SCATTER,24.83,24.83,2
null,Normal,24,12,BasketZombie,2,SCATTER,24.83,24.83,1
null,Normal,24,12,BasketZombie,4,SCATTER,24.83,24.83,2
null,Normal,24,12,AdvandMagZombie,2,LINE_LEFT,24.83,24.83,1
null,Normal,24,12,AdvandMagZombie,2,LINE_LEFT,24.83,24.83,2
null,Normal,24,12,WarriorTwoZombie,1,LINE_CENTER,24.83,24.83,1
null,Normal,24,12,WarriorTwoZombie,1,LINE_CENTER,24.83,24.83,2
null,Normal,24,13,NeighborZombie,2,SCATTER,26.82,26.82,1
null,Normal,24,13,NeighborZombie,4,SCATTER,26.82,26.82,2
null,Normal,24,13,BasketZombie,2,SCATTER,26.82,26.82,1
null,Normal,24,13,BasketZombie,4,SCATTER,26.82,26.82,2
null,Normal,24,13,AdvandMagZombie,2,LINE_LEFT,26.82,26.82,1
null,Normal,24,13,AdvandMagZombie,3,LINE_LEFT,26.82,26.82,2
null,Normal,24,13,WarriorTwoZombie,1,LINE_CENTER,26.82,26.82,1
null,Normal,24,13,WarriorTwoZombie,2,LINE_CENTER,26.82,26.82,2
null,Normal,24,14,NeighborZombie,3,SCATTER,28.81,28.81,1
null,Normal,24,14,NeighborZombie,4,SCATTER,28.81,28.81,2
null,Normal,24,14,BasketZombie,3,SCATTER,28.81,28.81,1
null,Normal,24,14,BasketZombie,4,SCATTER,28.81,28.81,2
null,Normal,24,14,AdvandMagZombie,2,LINE_LEFT,28.81,28.81,1
null,Normal,24,14,AdvandMagZombie,3,LINE_LEFT,28.81,28.81,2
null,Normal,24,14,WarriorTwoZombie,1,LINE_CENTER,28.81,28.81,1
null,Normal,24,14,WarriorTwoZombie,2,LINE_CENTER,28.81,28.81,2
null,Normal,24,15,NeighborZombie,3,SCATTER,30.8,30.8,1
null,Normal,24,15,NeighborZombie,4,SCATTER,30.8,30.8,2
null,Normal,24,15,BasketZombie,3,SCATTER,30.8,30.8,1
null,Normal,24,15,BasketZombie,4,SCATTER,30.8,30.8,2
null,Normal,24,15,AdvandMagZombie,2,LINE_LEFT,30.8,30.8,1
null,Normal,24,15,AdvandMagZombie,4,LINE_LEFT,30.8,30.8,2
null,Normal,24,15,WarriorTwoZombie,2,LINE_CENTER,30.8,30.8,1
null,Normal,24,15,WarriorTwoZombie,2,LINE_CENTER,30.8,30.8,2
null,Normal,24,15,BatSkullZombie,1,LINE_LEFT,30.8,30.8,2
null,Normal,25,1,ZombieMan,2,SCATTER,3.05,3.05,1
null,Normal,25,1,ZombieMan,3,SCATTER,3.05,3.05,2
null,Normal,25,1,BasketZombie,1,SCATTER,3.05,3.05,1
null,Normal,25,1,BasketZombie,1,SCATTER,3.05,3.05,2
null,Normal,25,1,NeighborZombie,1,SCATTER,3.05,3.05,1
null,Normal,25,1,NeighborZombie,1,SCATTER,3.05,3.05,2
null,Normal,25,2,ZombieMan,2,SCATTER,5.08,5.08,1
null,Normal,25,2,ZombieMan,4,SCATTER,5.08,5.08,2
null,Normal,25,2,BasketZombie,1,SCATTER,5.08,5.08,1
null,Normal,25,2,BasketZombie,1,SCATTER,5.08,5.08,2
null,Normal,25,2,NeighborZombie,1,SCATTER,5.08,5.08,1
null,Normal,25,2,NeighborZombie,1,SCATTER,5.08,5.08,2
null,Normal,25,3,ZombieMan,3,SCATTER,7.11,7.11,1
null,Normal,25,3,ZombieMan,5,SCATTER,7.11,7.11,2
null,Normal,25,3,BasketZombie,1,SCATTER,7.11,7.11,1
null,Normal,25,3,BasketZombie,1,SCATTER,7.11,7.11,2
null,Normal,25,3,NeighborZombie,1,SCATTER,7.11,7.11,1
null,Normal,25,3,NeighborZombie,1,SCATTER,7.11,7.11,2
null,Normal,25,4,ZombieMan,2,SCATTER,9.14,9.14,1
null,Normal,25,4,ZombieMan,3,SCATTER,9.14,9.14,2
null,Normal,25,4,BasketZombie,1,SCATTER,9.14,9.14,1
null,Normal,25,4,BasketZombie,2,SCATTER,9.14,9.14,2
null,Normal,25,4,NeighborZombie,1,SCATTER,9.14,9.14,1
null,Normal,25,4,NeighborZombie,2,SCATTER,9.14,9.14,2
null,Normal,25,5,ZombieMan,1,SCATTER,11.18,11.18,1
null,Normal,25,5,ZombieMan,2,SCATTER,11.18,11.18,2
null,Normal,25,5,BasketZombie,1,SCATTER,11.18,11.18,1
null,Normal,25,5,BasketZombie,2,SCATTER,11.18,11.18,2
null,Normal,25,5,NeighborZombie,1,SCATTER,11.18,11.18,1
null,Normal,25,5,NeighborZombie,2,SCATTER,11.18,11.18,2
null,Normal,25,5,ZombieBoss,1,LINE_LEFT,11.18,11.18,2
null,Normal,25,6,ZombieMan,1,SCATTER,13.21,13.21,2
null,Normal,25,6,BasketZombie,2,SCATTER,13.21,13.21,1
null,Normal,25,6,BasketZombie,2,SCATTER,13.21,13.21,2
null,Normal,25,6,NeighborZombie,2,SCATTER,13.21,13.21,1
null,Normal,25,6,NeighborZombie,2,SCATTER,13.21,13.21,2
null,Normal,25,6,AdvArmoredZombie,1,LINE_CENTER,13.21,13.21,1
null,Normal,25,6,AdvArmoredZombie,1,LINE_CENTER,13.21,13.21,2
null,Normal,25,7,ZombieMan,1,SCATTER,15.24,15.24,1
null,Normal,25,7,ZombieMan,2,SCATTER,15.24,15.24,2
null,Normal,25,7,BasketZombie,2,SCATTER,15.24,15.24,1
null,Normal,25,7,BasketZombie,2,SCATTER,15.24,15.24,2
null,Normal,25,7,NeighborZombie,2,SCATTER,15.24,15.24,1
null,Normal,25,7,NeighborZombie,2,SCATTER,15.24,15.24,2
null,Normal,25,7,AdvArmoredZombie,1,LINE_CENTER,15.24,15.24,1
null,Normal,25,7,AdvArmoredZombie,1,LINE_CENTER,15.24,15.24,2
null,Normal,25,8,ZombieMan,2,SCATTER,17.27,17.27,1
null,Normal,25,8,ZombieMan,2,SCATTER,17.27,17.27,2
null,Normal,25,8,BasketZombie,2,SCATTER,17.27,17.27,1
null,Normal,25,8,BasketZombie,2,SCATTER,17.27,17.27,2
null,Normal,25,8,NeighborZombie,2,SCATTER,17.27,17.27,1
null,Normal,25,8,NeighborZombie,2,SCATTER,17.27,17.27,2
null,Normal,25,8,AdvArmoredZombie,1,LINE_CENTER,17.27,17.27,1
null,Normal,25,8,AdvArmoredZombie,1,LINE_CENTER,17.27,17.27,2
null,Normal,25,9,BasketZombie,2,SCATTER,19.3,19.3,1
null,Normal,25,9,BasketZombie,3,SCATTER,19.3,19.3,2
null,Normal,25,9,NeighborZombie,2,SCATTER,19.3,19.3,1
null,Normal,25,9,NeighborZombie,3,SCATTER,19.3,19.3,2
null,Normal,25,9,AdvArmoredZombie,1,LINE_CENTER,19.3,19.3,1
null,Normal,25,9,AdvArmoredZombie,2,LINE_CENTER,19.3,19.3,2
null,Normal,25,10,BasketZombie,2,SCATTER,21.33,21.33,1
null,Normal,25,10,BasketZombie,3,SCATTER,21.33,21.33,2
null,Normal,25,10,NeighborZombie,2,SCATTER,21.33,21.33,1
null,Normal,25,10,NeighborZombie,3,SCATTER,21.33,21.33,2
null,Normal,25,10,AdvArmoredZombie,1,LINE_CENTER,21.33,21.33,1
null,Normal,25,10,AdvArmoredZombie,2,LINE_CENTER,21.33,21.33,2
null,Normal,25,10,HighArmoredBossZombie,1,LINE_LEFT,21.33,21.33,2
null,Normal,25,11,BasketZombie,2,SCATTER,23.37,23.37,1
null,Normal,25,11,BasketZombie,4,SCATTER,23.37,23.37,2
null,Normal,25,11,NeighborZombie,2,SCATTER,23.37,23.37,1
null,Normal,25,11,NeighborZombie,4,SCATTER,23.37,23.37,2
null,Normal,25,11,AdvArmoredZombie,2,LINE_CENTER,23.37,23.37,1
null,Normal,25,11,AdvArmoredZombie,2,LINE_CENTER,23.37,23.37,2
null,Normal,25,11,AdvSupZombie,1,LINE_LEFT,23.37,23.37,1
null,Normal,25,11,AdvSupZombie,1,LINE_LEFT,23.37,23.37,2
null,Normal,25,12,BasketZombie,2,SCATTER,25.4,25.4,1
null,Normal,25,12,BasketZombie,4,SCATTER,25.4,25.4,2
null,Normal,25,12,NeighborZombie,2,SCATTER,25.4,25.4,1
null,Normal,25,12,NeighborZombie,4,SCATTER,25.4,25.4,2
null,Normal,25,12,AdvArmoredZombie,2,LINE_CENTER,25.4,25.4,1
null,Normal,25,12,AdvArmoredZombie,2,LINE_CENTER,25.4,25.4,2
null,Normal,25,12,AdvSupZombie,1,LINE_LEFT,25.4,25.4,1
null,Normal,25,12,AdvSupZombie,1,LINE_LEFT,25.4,25.4,2
null,Normal,25,13,BasketZombie,2,SCATTER,27.43,27.43,1
null,Normal,25,13,BasketZombie,4,SCATTER,27.43,27.43,2
null,Normal,25,13,NeighborZombie,2,SCATTER,27.43,27.43,1
null,Normal,25,13,NeighborZombie,4,SCATTER,27.43,27.43,2
null,Normal,25,13,AdvArmoredZombie,2,LINE_CENTER,27.43,27.43,1
null,Normal,25,13,AdvArmoredZombie,2,LINE_CENTER,27.43,27.43,2
null,Normal,25,13,AdvSupZombie,1,LINE_LEFT,27.43,27.43,1
null,Normal,25,13,AdvSupZombie,1,LINE_LEFT,27.43,27.43,2
null,Normal,25,14,BasketZombie,3,SCATTER,29.46,29.46,1
null,Normal,25,14,BasketZombie,4,SCATTER,29.46,29.46,2
null,Normal,25,14,NeighborZombie,3,SCATTER,29.46,29.46,1
null,Normal,25,14,NeighborZombie,4,SCATTER,29.46,29.46,2
null,Normal,25,14,AdvArmoredZombie,2,LINE_CENTER,29.46,29.46,1
null,Normal,25,14,AdvArmoredZombie,3,LINE_CENTER,29.46,29.46,2
null,Normal,25,14,AdvSupZombie,1,LINE_LEFT,29.46,29.46,1
null,Normal,25,14,AdvSupZombie,2,LINE_LEFT,29.46,29.46,2
null,Normal,25,15,BasketZombie,3,SCATTER,31.49,31.49,1
null,Normal,25,15,BasketZombie,4,SCATTER,31.49,31.49,2
null,Normal,25,15,NeighborZombie,3,SCATTER,31.49,31.49,1
null,Normal,25,15,NeighborZombie,4,SCATTER,31.49,31.49,2
null,Normal,25,15,AdvArmoredZombie,2,LINE_CENTER,31.49,31.49,1
null,Normal,25,15,AdvArmoredZombie,3,LINE_CENTER,31.49,31.49,2
null,Normal,25,15,AdvSupZombie,1,LINE_LEFT,31.49,31.49,1
null,Normal,25,15,AdvSupZombie,2,LINE_LEFT,31.49,31.49,2
null,Normal,25,15,BatSkullZombie,1,LINE_LEFT,31.49,31.49,2
null,Normal,25,16,BasketZombie,3,SCATTER,33.52,33.52,1
null,Normal,25,16,BasketZombie,5,SCATTER,33.52,33.52,2
null,Normal,25,16,NeighborZombie,3,SCATTER,33.52,33.52,1
null,Normal,25,16,NeighborZombie,5,SCATTER,33.52,33.52,2
null,Normal,25,16,AdvArmoredZombie,2,LINE_CENTER,33.52,33.52,1
null,Normal,25,16,AdvArmoredZombie,4,LINE_CENTER,33.52,33.52,2
null,Normal,25,16,AdvSupZombie,2,LINE_LEFT,33.52,33.52,1
null,Normal,25,16,AdvSupZombie,2,LINE_LEFT,33.52,33.52,2
null,Normal,25,17,BasketZombie,3,SCATTER,35.56,35.56,1
null,Normal,25,17,BasketZombie,5,SCATTER,35.56,35.56,2
null,Normal,25,17,NeighborZombie,3,SCATTER,35.56,35.56,1
null,Normal,25,17,NeighborZombie,5,SCATTER,35.56,35.56,2
null,Normal,25,17,AdvArmoredZombie,2,LINE_CENTER,35.56,35.56,1
null,Normal,25,17,AdvArmoredZombie,4,LINE_CENTER,35.56,35.56,2
null,Normal,25,17,AdvSupZombie,2,LINE_LEFT,35.56,35.56,1
null,Normal,25,17,AdvSupZombie,2,LINE_LEFT,35.56,35.56,2
null,Normal,25,18,BasketZombie,3,SCATTER,37.59,37.59,1
null,Normal,25,18,BasketZombie,5,SCATTER,37.59,37.59,2
null,Normal,25,18,NeighborZombie,3,SCATTER,37.59,37.59,1
null,Normal,25,18,NeighborZombie,5,SCATTER,37.59,37.59,2
null,Normal,25,18,AdvArmoredZombie,2,LINE_CENTER,37.59,37.59,1
null,Normal,25,18,AdvArmoredZombie,4,LINE_CENTER,37.59,37.59,2
null,Normal,25,18,AdvSupZombie,2,LINE_LEFT,37.59,37.59,1
null,Normal,25,18,AdvSupZombie,2,LINE_LEFT,37.59,37.59,2
null,Normal,25,19,BasketZombie,4,SCATTER,39.62,39.62,1
null,Normal,25,19,BasketZombie,5,SCATTER,39.62,39.62,2
null,Normal,25,19,NeighborZombie,4,SCATTER,39.62,39.62,1
null,Normal,25,19,NeighborZombie,5,SCATTER,39.62,39.62,2
null,Normal,25,19,AdvArmoredZombie,3,LINE_CENTER,39.62,39.62,1
null,Normal,25,19,AdvArmoredZombie,4,LINE_CENTER,39.62,39.62,2
null,Normal,25,19,AdvSupZombie,2,LINE_LEFT,39.62,39.62,1
null,Normal,25,19,AdvSupZombie,3,LINE_LEFT,39.62,39.62,2
null,Normal,25,20,BasketZombie,4,SCATTER,41.65,41.65,1
null,Normal,25,20,BasketZombie,5,SCATTER,41.65,41.65,2
null,Normal,25,20,NeighborZombie,4,SCATTER,41.65,41.65,1
null,Normal,25,20,NeighborZombie,5,SCATTER,41.65,41.65,2
null,Normal,25,20,AdvArmoredZombie,3,LINE_CENTER,41.65,41.65,1
null,Normal,25,20,AdvArmoredZombie,4,LINE_CENTER,41.65,41.65,2
null,Normal,25,20,AdvSupZombie,2,LINE_LEFT,41.65,41.65,1
null,Normal,25,20,AdvSupZombie,3,LINE_LEFT,41.65,41.65,2
null,Normal,25,20,AdvandMagBossZombie,1,LINE_LEFT,41.65,41.65,2
null,Normal,26,1,ZombieMan,2,SCATTER,3.15,3.15,1
null,Normal,26,1,ZombieMan,3,SCATTER,3.15,3.15,2
null,Normal,26,1,NeighborZombie,1,SCATTER,3.15,3.15,1
null,Normal,26,1,NeighborZombie,1,SCATTER,3.15,3.15,2
null,Normal,26,1,BasketZombie,1,SCATTER,3.15,3.15,1
null,Normal,26,1,BasketZombie,1,SCATTER,3.15,3.15,2
null,Normal,26,2,ZombieMan,2,SCATTER,5.3,5.3,1
null,Normal,26,2,ZombieMan,4,SCATTER,5.3,5.3,2
null,Normal,26,2,NeighborZombie,1,SCATTER,5.3,5.3,1
null,Normal,26,2,NeighborZombie,1,SCATTER,5.3,5.3,2
null,Normal,26,2,BasketZombie,1,SCATTER,5.3,5.3,1
null,Normal,26,2,BasketZombie,1,SCATTER,5.3,5.3,2
null,Normal,26,3,ZombieMan,3,SCATTER,7.44,7.44,1
null,Normal,26,3,ZombieMan,5,SCATTER,7.44,7.44,2
null,Normal,26,3,NeighborZombie,1,SCATTER,7.44,7.44,1
null,Normal,26,3,NeighborZombie,1,SCATTER,7.44,7.44,2
null,Normal,26,3,BasketZombie,1,SCATTER,7.44,7.44,1
null,Normal,26,3,BasketZombie,1,SCATTER,7.44,7.44,2
null,Normal,26,4,ZombieMan,2,SCATTER,9.59,9.59,1
null,Normal,26,4,ZombieMan,3,SCATTER,9.59,9.59,2
null,Normal,26,4,NeighborZombie,1,SCATTER,9.59,9.59,1
null,Normal,26,4,NeighborZombie,2,SCATTER,9.59,9.59,2
null,Normal,26,4,BasketZombie,1,SCATTER,9.59,9.59,1
null,Normal,26,4,BasketZombie,2,SCATTER,9.59,9.59,2
null,Normal,26,5,NeighborZombie,1,SCATTER,11.74,11.74,1
null,Normal,26,5,NeighborZombie,2,SCATTER,11.74,11.74,2
null,Normal,26,5,BasketZombie,1,SCATTER,11.74,11.74,1
null,Normal,26,5,BasketZombie,2,SCATTER,11.74,11.74,2
null,Normal,26,5,MaskKnifeZombie,1,SCATTER,11.74,11.74,1
null,Normal,26,5,MaskKnifeZombie,1,SCATTER,11.74,11.74,2
null,Normal,26,5,ZombieBoss,1,LINE_LEFT,11.74,11.74,2
null,Normal,26,6,ZombieMan,1,SCATTER,13.88,13.88,1
null,Normal,26,6,ZombieMan,1,SCATTER,13.88,13.88,2
null,Normal,26,6,NeighborZombie,2,SCATTER,13.88,13.88,1
null,Normal,26,6,NeighborZombie,2,SCATTER,13.88,13.88,2
null,Normal,26,6,BasketZombie,2,SCATTER,13.88,13.88,1
null,Normal,26,6,BasketZombie,2,SCATTER,13.88,13.88,2
null,Normal,26,6,MaskKnifeZombie,1,SCATTER,13.88,13.88,1
null,Normal,26,6,MaskKnifeZombie,1,SCATTER,13.88,13.88,2
null,Normal,26,7,ZombieMan,1,SCATTER,16.03,16.03,1
null,Normal,26,7,ZombieMan,2,SCATTER,16.03,16.03,2
null,Normal,26,7,NeighborZombie,2,SCATTER,16.03,16.03,1
null,Normal,26,7,NeighborZombie,2,SCATTER,16.03,16.03,2
null,Normal,26,7,BasketZombie,2,SCATTER,16.03,16.03,1
null,Normal,26,7,BasketZombie,2,SCATTER,16.03,16.03,2
null,Normal,26,7,MaskKnifeZombie,1,SCATTER,16.03,16.03,1
null,Normal,26,7,MaskKnifeZombie,1,SCATTER,16.03,16.03,2
null,Normal,26,8,ZombieMan,1,SCATTER,18.18,18.18,1
null,Normal,26,8,ZombieMan,2,SCATTER,18.18,18.18,2
null,Normal,26,8,NeighborZombie,2,SCATTER,18.18,18.18,1
null,Normal,26,8,NeighborZombie,2,SCATTER,18.18,18.18,2
null,Normal,26,8,BasketZombie,2,SCATTER,18.18,18.18,1
null,Normal,26,8,BasketZombie,2,SCATTER,18.18,18.18,2
null,Normal,26,8,MaskKnifeZombie,1,SCATTER,18.18,18.18,1
null,Normal,26,8,MaskKnifeZombie,2,SCATTER,18.18,18.18,2
null,Normal,26,9,ZombieMan,1,SCATTER,20.32,20.32,2
null,Normal,26,9,NeighborZombie,2,SCATTER,20.32,20.32,1
null,Normal,26,9,NeighborZombie,3,SCATTER,20.32,20.32,2
null,Normal,26,9,BasketZombie,2,SCATTER,20.32,20.32,1
null,Normal,26,9,BasketZombie,3,SCATTER,20.32,20.32,2
null,Normal,26,9,MaskKnifeZombie,1,SCATTER,20.32,20.32,1
null,Normal,26,9,MaskKnifeZombie,2,SCATTER,20.32,20.32,2
null,Normal,26,10,NeighborZombie,2,SCATTER,22.47,22.47,1
null,Normal,26,10,NeighborZombie,3,SCATTER,22.47,22.47,2
null,Normal,26,10,BasketZombie,2,SCATTER,22.47,22.47,1
null,Normal,26,10,BasketZombie,3,SCATTER,22.47,22.47,2
null,Normal,26,10,MaskKnifeZombie,2,SCATTER,22.47,22.47,1
null,Normal,26,10,MaskKnifeZombie,2,SCATTER,22.47,22.47,2
null,Normal,26,10,HammerZombie,1,LINE_LEFT,22.47,22.47,1
null,Normal,26,10,HammerZombie,1,LINE_LEFT,22.47,22.47,2
null,Normal,26,10,BatSkullZombie,1,LINE_LEFT,22.47,22.47,2
null,Normal,26,11,NeighborZombie,2,SCATTER,24.61,24.61,1
null,Normal,26,11,NeighborZombie,4,SCATTER,24.61,24.61,2
null,Normal,26,11,BasketZombie,2,SCATTER,24.61,24.61,1
null,Normal,26,11,BasketZombie,4,SCATTER,24.61,24.61,2
null,Normal,26,11,MaskKnifeZombie,2,SCATTER,24.61,24.61,1
null,Normal,26,11,MaskKnifeZombie,2,SCATTER,24.61,24.61,2
null,Normal,26,11,HammerZombie,1,LINE_LEFT,24.61,24.61,1
null,Normal,26,11,HammerZombie,1,LINE_LEFT,24.61,24.61,2
null,Normal,26,12,NeighborZombie,2,SCATTER,26.76,26.76,1
null,Normal,26,12,NeighborZombie,4,SCATTER,26.76,26.76,2
null,Normal,26,12,BasketZombie,2,SCATTER,26.76,26.76,1
null,Normal,26,12,BasketZombie,4,SCATTER,26.76,26.76,2
null,Normal,26,12,MaskKnifeZombie,2,SCATTER,26.76,26.76,1
null,Normal,26,12,MaskKnifeZombie,2,SCATTER,26.76,26.76,2
null,Normal,26,12,HammerZombie,1,LINE_LEFT,26.76,26.76,1
null,Normal,26,12,HammerZombie,1,LINE_LEFT,26.76,26.76,2
null,Normal,26,13,NeighborZombie,2,SCATTER,28.91,28.91,1
null,Normal,26,13,NeighborZombie,4,SCATTER,28.91,28.91,2
null,Normal,26,13,BasketZombie,2,SCATTER,28.91,28.91,1
null,Normal,26,13,BasketZombie,4,SCATTER,28.91,28.91,2
null,Normal,26,13,MaskKnifeZombie,2,SCATTER,28.91,28.91,1
null,Normal,26,13,MaskKnifeZombie,3,SCATTER,28.91,28.91,2
null,Normal,26,13,HammerZombie,1,LINE_LEFT,28.91,28.91,1
null,Normal,26,13,HammerZombie,2,LINE_LEFT,28.91,28.91,2
null,Normal,26,14,NeighborZombie,3,SCATTER,31.05,31.05,1
null,Normal,26,14,NeighborZombie,4,SCATTER,31.05,31.05,2
null,Normal,26,14,BasketZombie,3,SCATTER,31.05,31.05,1
null,Normal,26,14,BasketZombie,4,SCATTER,31.05,31.05,2
null,Normal,26,14,MaskKnifeZombie,2,SCATTER,31.05,31.05,1
null,Normal,26,14,MaskKnifeZombie,3,SCATTER,31.05,31.05,2
null,Normal,26,14,HammerZombie,1,LINE_LEFT,31.05,31.05,1
null,Normal,26,14,HammerZombie,2,LINE_LEFT,31.05,31.05,2
null,Normal,26,15,NeighborZombie,3,SCATTER,33.2,33.2,1
null,Normal,26,15,NeighborZombie,4,SCATTER,33.2,33.2,2
null,Normal,26,15,BasketZombie,3,SCATTER,33.2,33.2,1
null,Normal,26,15,BasketZombie,4,SCATTER,33.2,33.2,2
null,Normal,26,15,MaskKnifeZombie,2,SCATTER,33.2,33.2,1
null,Normal,26,15,MaskKnifeZombie,4,SCATTER,33.2,33.2,2
null,Normal,26,15,HammerZombie,2,LINE_LEFT,33.2,33.2,1
null,Normal,26,15,HammerZombie,2,LINE_LEFT,33.2,33.2,2
null,Normal,26,15,AdvBuskerZombie,1,LINE_LEFT,33.2,33.2,2
null,Normal,27,1,ZombieMan,2,SCATTER,3.25,3.25,1
null,Normal,27,1,ZombieMan,3,SCATTER,3.25,3.25,2
null,Normal,27,1,NeighborZombie,1,SCATTER,3.25,3.25,1
null,Normal,27,1,NeighborZombie,1,SCATTER,3.25,3.25,2
null,Normal,27,1,BasketZombie,1,SCATTER,3.25,3.25,1
null,Normal,27,1,BasketZombie,1,SCATTER,3.25,3.25,2
null,Normal,27,2,ZombieMan,2,SCATTER,5.47,5.47,1
null,Normal,27,2,ZombieMan,4,SCATTER,5.47,5.47,2
null,Normal,27,2,NeighborZombie,1,SCATTER,5.47,5.47,1
null,Normal,27,2,NeighborZombie,1,SCATTER,5.47,5.47,2
null,Normal,27,2,BasketZombie,1,SCATTER,5.47,5.47,1
null,Normal,27,2,BasketZombie,1,SCATTER,5.47,5.47,2
null,Normal,27,3,ZombieMan,3,SCATTER,7.7,7.7,1
null,Normal,27,3,ZombieMan,5,SCATTER,7.7,7.7,2
null,Normal,27,3,NeighborZombie,1,SCATTER,7.7,7.7,1
null,Normal,27,3,NeighborZombie,1,SCATTER,7.7,7.7,2
null,Normal,27,3,BasketZombie,1,SCATTER,7.7,7.7,1
null,Normal,27,3,BasketZombie,1,SCATTER,7.7,7.7,2
null,Normal,27,4,ZombieMan,2,SCATTER,9.93,9.93,1
null,Normal,27,4,ZombieMan,3,SCATTER,9.93,9.93,2
null,Normal,27,4,NeighborZombie,1,SCATTER,9.93,9.93,1
null,Normal,27,4,NeighborZombie,2,SCATTER,9.93,9.93,2
null,Normal,27,4,BasketZombie,1,SCATTER,9.93,9.93,1
null,Normal,27,4,BasketZombie,2,SCATTER,9.93,9.93,2
null,Normal,27,5,NeighborZombie,1,SCATTER,12.15,12.15,1
null,Normal,27,5,NeighborZombie,2,SCATTER,12.15,12.15,2
null,Normal,27,5,BasketZombie,1,SCATTER,12.15,12.15,1
null,Normal,27,5,BasketZombie,2,SCATTER,12.15,12.15,2
null,Normal,27,5,AdvandMagZombie,1,LINE_LEFT,12.15,12.15,1
null,Normal,27,5,AdvandMagZombie,1,LINE_LEFT,12.15,12.15,2
null,Normal,27,5,ZombieBoss,1,LINE_LEFT,12.15,12.15,2
null,Normal,27,6,NeighborZombie,2,SCATTER,14.38,14.38,1
null,Normal,27,6,NeighborZombie,2,SCATTER,14.38,14.38,2
null,Normal,27,6,BasketZombie,2,SCATTER,14.38,14.38,1
null,Normal,27,6,BasketZombie,2,SCATTER,14.38,14.38,2
null,Normal,27,6,AdvandMagZombie,1,LINE_LEFT,14.38,14.38,1
null,Normal,27,6,AdvandMagZombie,1,LINE_LEFT,14.38,14.38,2
null,Normal,27,7,NeighborZombie,2,SCATTER,16.6,16.6,1
null,Normal,27,7,NeighborZombie,2,SCATTER,16.6,16.6,2
null,Normal,27,7,BasketZombie,2,SCATTER,16.6,16.6,1
null,Normal,27,7,BasketZombie,2,SCATTER,16.6,16.6,2
null,Normal,27,7,AdvandMagZombie,1,LINE_LEFT,16.6,16.6,1
null,Normal,27,7,AdvandMagZombie,1,LINE_LEFT,16.6,16.6,2
null,Normal,27,8,NeighborZombie,2,SCATTER,18.82,18.82,1
null,Normal,27,8,NeighborZombie,2,SCATTER,18.82,18.82,2
null,Normal,27,8,BasketZombie,2,SCATTER,18.82,18.82,1
null,Normal,27,8,BasketZombie,2,SCATTER,18.82,18.82,2
null,Normal,27,8,AdvandMagZombie,1,LINE_LEFT,18.82,18.82,1
null,Normal,27,8,AdvandMagZombie,2,LINE_LEFT,18.82,18.82,2
null,Normal,27,9,NeighborZombie,2,SCATTER,21.05,21.05,1
null,Normal,27,9,NeighborZombie,3,SCATTER,21.05,21.05,2
null,Normal,27,9,BasketZombie,2,SCATTER,21.05,21.05,1
null,Normal,27,9,BasketZombie,3,SCATTER,21.05,21.05,2
null,Normal,27,9,AdvandMagZombie,1,LINE_LEFT,21.05,21.05,1
null,Normal,27,9,AdvandMagZombie,2,LINE_LEFT,21.05,21.05,2
null,Normal,27,10,NeighborZombie,2,SCATTER,23.27,23.27,1
null,Normal,27,10,NeighborZombie,3,SCATTER,23.27,23.27,2
null,Normal,27,10,BasketZombie,2,SCATTER,23.27,23.27,1
null,Normal,27,10,BasketZombie,3,SCATTER,23.27,23.27,2
null,Normal,27,10,AdvandMagZombie,2,LINE_LEFT,23.27,23.27,1
null,Normal,27,10,AdvandMagZombie,2,LINE_LEFT,23.27,23.27,2
null,Normal,27,10,RedPunchZombie,1,SCATTER,23.27,23.27,1
null,Normal,27,10,RedPunchZombie,1,SCATTER,23.27,23.27,2
null,Normal,27,10,AdvBuskerZombie,1,LINE_LEFT,23.27,23.27,2
null,Normal,27,11,NeighborZombie,2,SCATTER,25.5,25.5,1
null,Normal,27,11,NeighborZombie,4,SCATTER,25.5,25.5,2
null,Normal,27,11,BasketZombie,2,SCATTER,25.5,25.5,1
null,Normal,27,11,BasketZombie,4,SCATTER,25.5,25.5,2
null,Normal,27,11,AdvandMagZombie,2,LINE_LEFT,25.5,25.5,1
null,Normal,27,11,AdvandMagZombie,2,LINE_LEFT,25.5,25.5,2
null,Normal,27,11,RedPunchZombie,1,SCATTER,25.5,25.5,1
null,Normal,27,11,RedPunchZombie,1,SCATTER,25.5,25.5,2
null,Normal,27,12,NeighborZombie,2,SCATTER,27.73,27.73,1
null,Normal,27,12,NeighborZombie,4,SCATTER,27.73,27.73,2
null,Normal,27,12,BasketZombie,2,SCATTER,27.73,27.73,1
null,Normal,27,12,BasketZombie,4,SCATTER,27.73,27.73,2
null,Normal,27,12,AdvandMagZombie,2,LINE_LEFT,27.73,27.73,1
null,Normal,27,12,AdvandMagZombie,2,LINE_LEFT,27.73,27.73,2
null,Normal,27,12,RedPunchZombie,1,SCATTER,27.73,27.73,1
null,Normal,27,12,RedPunchZombie,1,SCATTER,27.73,27.73,2
null,Normal,27,13,NeighborZombie,2,SCATTER,29.95,29.95,1
null,Normal,27,13,NeighborZombie,4,SCATTER,29.95,29.95,2
null,Normal,27,13,BasketZombie,2,SCATTER,29.95,29.95,1
null,Normal,27,13,BasketZombie,4,SCATTER,29.95,29.95,2
null,Normal,27,13,AdvandMagZombie,2,LINE_LEFT,29.95,29.95,1
null,Normal,27,13,AdvandMagZombie,3,LINE_LEFT,29.95,29.95,2
null,Normal,27,13,RedPunchZombie,1,SCATTER,29.95,29.95,1
null,Normal,27,13,RedPunchZombie,2,SCATTER,29.95,29.95,2
null,Normal,27,14,NeighborZombie,3,SCATTER,32.17,32.17,1
null,Normal,27,14,NeighborZombie,4,SCATTER,32.17,32.17,2
null,Normal,27,14,BasketZombie,3,SCATTER,32.17,32.17,1
null,Normal,27,14,BasketZombie,4,SCATTER,32.17,32.17,2
null,Normal,27,14,AdvandMagZombie,2,LINE_LEFT,32.17,32.17,1
null,Normal,27,14,AdvandMagZombie,3,LINE_LEFT,32.17,32.17,2
null,Normal,27,14,RedPunchZombie,1,SCATTER,32.17,32.17,1
null,Normal,27,14,RedPunchZombie,2,SCATTER,32.17,32.17,2
null,Normal,27,15,NeighborZombie,3,SCATTER,34.4,34.4,1
null,Normal,27,15,NeighborZombie,4,SCATTER,34.4,34.4,2
null,Normal,27,15,BasketZombie,3,SCATTER,34.4,34.4,1
null,Normal,27,15,BasketZombie,4,SCATTER,34.4,34.4,2
null,Normal,27,15,AdvandMagZombie,2,LINE_LEFT,34.4,34.4,1
null,Normal,27,15,AdvandMagZombie,4,LINE_LEFT,34.4,34.4,2
null,Normal,27,15,RedPunchZombie,2,SCATTER,34.4,34.4,1
null,Normal,27,15,RedPunchZombie,2,SCATTER,34.4,34.4,2
null,Normal,27,15,AdvandMagBossZombie,1,LINE_LEFT,34.4,34.4,2
null,Normal,28,1,ZombieMan,2,SCATTER,3.35,3.35,1
null,Normal,28,1,ZombieMan,3,SCATTER,3.35,3.35,2
null,Normal,28,1,NeighborZombie,1,SCATTER,3.35,3.35,1
null,Normal,28,1,NeighborZombie,1,SCATTER,3.35,3.35,2
null,Normal,28,1,BasketZombie,1,SCATTER,3.35,3.35,1
null,Normal,28,1,BasketZombie,1,SCATTER,3.35,3.35,2
null,Normal,28,2,ZombieMan,2,SCATTER,5.65,5.65,1
null,Normal,28,2,ZombieMan,4,SCATTER,5.65,5.65,2
null,Normal,28,2,NeighborZombie,1,SCATTER,5.65,5.65,1
null,Normal,28,2,NeighborZombie,1,SCATTER,5.65,5.65,2
null,Normal,28,2,BasketZombie,1,SCATTER,5.65,5.65,1
null,Normal,28,2,BasketZombie,1,SCATTER,5.65,5.65,2
null,Normal,28,3,ZombieMan,3,SCATTER,7.96,7.96,1
null,Normal,28,3,ZombieMan,5,SCATTER,7.96,7.96,2
null,Normal,28,3,NeighborZombie,1,SCATTER,7.96,7.96,1
null,Normal,28,3,NeighborZombie,1,SCATTER,7.96,7.96,2
null,Normal,28,3,BasketZombie,1,SCATTER,7.96,7.96,1
null,Normal,28,3,BasketZombie,1,SCATTER,7.96,7.96,2
null,Normal,28,4,ZombieMan,2,SCATTER,10.26,10.26,1
null,Normal,28,4,ZombieMan,3,SCATTER,10.26,10.26,2
null,Normal,28,4,NeighborZombie,1,SCATTER,10.26,10.26,1
null,Normal,28,4,NeighborZombie,2,SCATTER,10.26,10.26,2
null,Normal,28,4,BasketZombie,1,SCATTER,10.26,10.26,1
null,Normal,28,4,BasketZombie,2,SCATTER,10.26,10.26,2
null,Normal,28,5,NeighborZombie,1,SCATTER,12.56,12.56,1
null,Normal,28,5,NeighborZombie,2,SCATTER,12.56,12.56,2
null,Normal,28,5,BasketZombie,1,SCATTER,12.56,12.56,1
null,Normal,28,5,BasketZombie,2,SCATTER,12.56,12.56,2
null,Normal,28,5,BlueGlobeZombie,1,SCATTER,12.56,12.56,1
null,Normal,28,5,BlueGlobeZombie,1,SCATTER,12.56,12.56,2
null,Normal,28,5,ZombieBoss,1,LINE_LEFT,12.56,12.56,2
null,Normal,28,6,ZombieMan,1,SCATTER,14.87,14.87,1
null,Normal,28,6,ZombieMan,1,SCATTER,14.87,14.87,2
null,Normal,28,6,NeighborZombie,2,SCATTER,14.87,14.87,1
null,Normal,28,6,NeighborZombie,2,SCATTER,14.87,14.87,2
null,Normal,28,6,BasketZombie,2,SCATTER,14.87,14.87,1
null,Normal,28,6,BasketZombie,2,SCATTER,14.87,14.87,2
null,Normal,28,6,BlueGlobeZombie,1,SCATTER,14.87,14.87,1
null,Normal,28,6,BlueGlobeZombie,1,SCATTER,14.87,14.87,2
null,Normal,28,7,ZombieMan,1,SCATTER,17.17,17.17,1
null,Normal,28,7,ZombieMan,2,SCATTER,17.17,17.17,2
null,Normal,28,7,NeighborZombie,2,SCATTER,17.17,17.17,1
null,Normal,28,7,NeighborZombie,2,SCATTER,17.17,17.17,2
null,Normal,28,7,BasketZombie,2,SCATTER,17.17,17.17,1
null,Normal,28,7,BasketZombie,2,SCATTER,17.17,17.17,2
null,Normal,28,7,BlueGlobeZombie,1,SCATTER,17.17,17.17,1
null,Normal,28,7,BlueGlobeZombie,1,SCATTER,17.17,17.17,2
null,Normal,28,8,ZombieMan,1,SCATTER,19.48,19.48,1
null,Normal,28,8,ZombieMan,2,SCATTER,19.48,19.48,2
null,Normal,28,8,NeighborZombie,2,SCATTER,19.48,19.48,1
null,Normal,28,8,NeighborZombie,2,SCATTER,19.48,19.48,2
null,Normal,28,8,BasketZombie,2,SCATTER,19.48,19.48,1
null,Normal,28,8,BasketZombie,2,SCATTER,19.48,19.48,2
null,Normal,28,8,BlueGlobeZombie,1,SCATTER,19.48,19.48,1
null,Normal,28,8,BlueGlobeZombie,2,SCATTER,19.48,19.48,2
null,Normal,28,9,ZombieMan,1,SCATTER,21.78,21.78,2
null,Normal,28,9,NeighborZombie,2,SCATTER,21.78,21.78,1
null,Normal,28,9,NeighborZombie,3,SCATTER,21.78,21.78,2
null,Normal,28,9,BasketZombie,2,SCATTER,21.78,21.78,1
null,Normal,28,9,BasketZombie,3,SCATTER,21.78,21.78,2
null,Normal,28,9,BlueGlobeZombie,1,SCATTER,21.78,21.78,1
null,Normal,28,9,BlueGlobeZombie,2,SCATTER,21.78,21.78,2
null,Normal,28,10,NeighborZombie,2,SCATTER,24.08,24.08,1
null,Normal,28,10,NeighborZombie,3,SCATTER,24.08,24.08,2
null,Normal,28,10,BasketZombie,2,SCATTER,24.08,24.08,1
null,Normal,28,10,BasketZombie,3,SCATTER,24.08,24.08,2
null,Normal,28,10,BlueGlobeZombie,2,SCATTER,24.08,24.08,1
null,Normal,28,10,BlueGlobeZombie,2,SCATTER,24.08,24.08,2
null,Normal,28,10,MaceZombie,1,LINE_LEFT,24.08,24.08,1
null,Normal,28,10,MaceZombie,1,LINE_LEFT,24.08,24.08,2
null,Normal,28,10,AdvandMagBossZombie,1,LINE_LEFT,24.08,24.08,2
null,Normal,28,11,NeighborZombie,2,SCATTER,26.39,26.39,1
null,Normal,28,11,NeighborZombie,4,SCATTER,26.39,26.39,2
null,Normal,28,11,BasketZombie,2,SCATTER,26.39,26.39,1
null,Normal,28,11,BasketZombie,4,SCATTER,26.39,26.39,2
null,Normal,28,11,BlueGlobeZombie,2,SCATTER,26.39,26.39,1
null,Normal,28,11,BlueGlobeZombie,2,SCATTER,26.39,26.39,2
null,Normal,28,11,MaceZombie,1,LINE_LEFT,26.39,26.39,1
null,Normal,28,11,MaceZombie,1,LINE_LEFT,26.39,26.39,2
null,Normal,28,12,NeighborZombie,2,SCATTER,28.69,28.69,1
null,Normal,28,12,NeighborZombie,4,SCATTER,28.69,28.69,2
null,Normal,28,12,BasketZombie,2,SCATTER,28.69,28.69,1
null,Normal,28,12,BasketZombie,4,SCATTER,28.69,28.69,2
null,Normal,28,12,BlueGlobeZombie,2,SCATTER,28.69,28.69,1
null,Normal,28,12,BlueGlobeZombie,2,SCATTER,28.69,28.69,2
null,Normal,28,12,MaceZombie,1,LINE_LEFT,28.69,28.69,1
null,Normal,28,12,MaceZombie,1,LINE_LEFT,28.69,28.69,2
null,Normal,28,13,NeighborZombie,2,SCATTER,30.99,30.99,1
null,Normal,28,13,NeighborZombie,4,SCATTER,30.99,30.99,2
null,Normal,28,13,BasketZombie,2,SCATTER,30.99,30.99,1
null,Normal,28,13,BasketZombie,4,SCATTER,30.99,30.99,2
null,Normal,28,13,BlueGlobeZombie,2,SCATTER,30.99,30.99,1
null,Normal,28,13,BlueGlobeZombie,3,SCATTER,30.99,30.99,2
null,Normal,28,13,MaceZombie,1,LINE_LEFT,30.99,30.99,1
null,Normal,28,13,MaceZombie,2,LINE_LEFT,30.99,30.99,2
null,Normal,28,14,NeighborZombie,3,SCATTER,33.3,33.3,1
null,Normal,28,14,NeighborZombie,4,SCATTER,33.3,33.3,2
null,Normal,28,14,BasketZombie,3,SCATTER,33.3,33.3,1
null,Normal,28,14,BasketZombie,4,SCATTER,33.3,33.3,2
null,Normal,28,14,BlueGlobeZombie,2,SCATTER,33.3,33.3,1
null,Normal,28,14,BlueGlobeZombie,3,SCATTER,33.3,33.3,2
null,Normal,28,14,MaceZombie,1,LINE_LEFT,33.3,33.3,1
null,Normal,28,14,MaceZombie,2,LINE_LEFT,33.3,33.3,2
null,Normal,28,15,NeighborZombie,3,SCATTER,35.6,35.6,1
null,Normal,28,15,NeighborZombie,4,SCATTER,35.6,35.6,2
null,Normal,28,15,BasketZombie,3,SCATTER,35.6,35.6,1
null,Normal,28,15,BasketZombie,4,SCATTER,35.6,35.6,2
null,Normal,28,15,BlueGlobeZombie,2,SCATTER,35.6,35.6,1
null,Normal,28,15,BlueGlobeZombie,4,SCATTER,35.6,35.6,2
null,Normal,28,15,MaceZombie,2,LINE_LEFT,35.6,35.6,1
null,Normal,28,15,MaceZombie,2,LINE_LEFT,35.6,35.6,2
null,Normal,28,15,BatSkullZombie,1,LINE_LEFT,35.6,35.6,2
null,Normal,29,1,ZombieMan,2,SCATTER,3.45,3.45,1
null,Normal,29,1,ZombieMan,3,SCATTER,3.45,3.45,2
null,Normal,29,1,BasketZombie,1,SCATTER,3.45,3.45,1
null,Normal,29,1,BasketZombie,1,SCATTER,3.45,3.45,2
null,Normal,29,1,NeighborZombie,1,SCATTER,3.45,3.45,1
null,Normal,29,1,NeighborZombie,1,SCATTER,3.45,3.45,2
null,Normal,29,2,ZombieMan,2,SCATTER,5.83,5.83,1
null,Normal,29,2,ZombieMan,4,SCATTER,5.83,5.83,2
null,Normal,29,2,BasketZombie,1,SCATTER,5.83,5.83,1
null,Normal,29,2,BasketZombie,1,SCATTER,5.83,5.83,2
null,Normal,29,2,NeighborZombie,1,SCATTER,5.83,5.83,1
null,Normal,29,2,NeighborZombie,1,SCATTER,5.83,5.83,2
null,Normal,29,3,ZombieMan,3,SCATTER,8.21,8.21,1
null,Normal,29,3,ZombieMan,5,SCATTER,8.21,8.21,2
null,Normal,29,3,BasketZombie,1,SCATTER,8.21,8.21,1
null,Normal,29,3,BasketZombie,1,SCATTER,8.21,8.21,2
null,Normal,29,3,NeighborZombie,1,SCATTER,8.21,8.21,1
null,Normal,29,3,NeighborZombie,1,SCATTER,8.21,8.21,2
null,Normal,29,4,ZombieMan,2,SCATTER,10.6,10.6,1
null,Normal,29,4,ZombieMan,3,SCATTER,10.6,10.6,2
null,Normal,29,4,BasketZombie,1,SCATTER,10.6,10.6,1
null,Normal,29,4,BasketZombie,2,SCATTER,10.6,10.6,2
null,Normal,29,4,NeighborZombie,1,SCATTER,10.6,10.6,1
null,Normal,29,4,NeighborZombie,2,SCATTER,10.6,10.6,2
null,Normal,29,5,BasketZombie,1,SCATTER,12.98,12.98,1
null,Normal,29,5,BasketZombie,2,SCATTER,12.98,12.98,2
null,Normal,29,5,NeighborZombie,1,SCATTER,12.98,12.98,1
null,Normal,29,5,NeighborZombie,2,SCATTER,12.98,12.98,2
null,Normal,29,5,AdvArmoredZombie,1,LINE_CENTER,12.98,12.98,1
null,Normal,29,5,AdvArmoredZombie,1,LINE_CENTER,12.98,12.98,2
null,Normal,29,5,ZombieBoss,1,LINE_LEFT,12.98,12.98,2
null,Normal,29,6,ZombieMan,1,SCATTER,15.36,15.36,2
null,Normal,29,6,BasketZombie,2,SCATTER,15.36,15.36,1
null,Normal,29,6,BasketZombie,2,SCATTER,15.36,15.36,2
null,Normal,29,6,NeighborZombie,2,SCATTER,15.36,15.36,1
null,Normal,29,6,NeighborZombie,2,SCATTER,15.36,15.36,2
null,Normal,29,6,AdvArmoredZombie,1,LINE_CENTER,15.36,15.36,1
null,Normal,29,6,AdvArmoredZombie,1,LINE_CENTER,15.36,15.36,2
null,Normal,29,7,ZombieMan,1,SCATTER,17.74,17.74,1
null,Normal,29,7,ZombieMan,2,SCATTER,17.74,17.74,2
null,Normal,29,7,BasketZombie,2,SCATTER,17.74,17.74,1
null,Normal,29,7,BasketZombie,2,SCATTER,17.74,17.74,2
null,Normal,29,7,NeighborZombie,2,SCATTER,17.74,17.74,1
null,Normal,29,7,NeighborZombie,2,SCATTER,17.74,17.74,2
null,Normal,29,7,AdvArmoredZombie,1,LINE_CENTER,17.74,17.74,1
null,Normal,29,7,AdvArmoredZombie,1,LINE_CENTER,17.74,17.74,2
null,Normal,29,8,ZombieMan,1,SCATTER,20.12,20.12,1
null,Normal,29,8,ZombieMan,2,SCATTER,20.12,20.12,2
null,Normal,29,8,BasketZombie,2,SCATTER,20.12,20.12,1
null,Normal,29,8,BasketZombie,2,SCATTER,20.12,20.12,2
null,Normal,29,8,NeighborZombie,2,SCATTER,20.12,20.12,1
null,Normal,29,8,NeighborZombie,2,SCATTER,20.12,20.12,2
null,Normal,29,8,AdvArmoredZombie,1,LINE_CENTER,20.12,20.12,1
null,Normal,29,8,AdvArmoredZombie,2,LINE_CENTER,20.12,20.12,2
null,Normal,29,9,BasketZombie,2,SCATTER,22.51,22.51,1
null,Normal,29,9,BasketZombie,3,SCATTER,22.51,22.51,2
null,Normal,29,9,NeighborZombie,2,SCATTER,22.51,22.51,1
null,Normal,29,9,NeighborZombie,3,SCATTER,22.51,22.51,2
null,Normal,29,9,AdvArmoredZombie,1,LINE_CENTER,22.51,22.51,1
null,Normal,29,9,AdvArmoredZombie,2,LINE_CENTER,22.51,22.51,2
null,Normal,29,10,BasketZombie,2,SCATTER,24.89,24.89,1
null,Normal,29,10,BasketZombie,3,SCATTER,24.89,24.89,2
null,Normal,29,10,NeighborZombie,2,SCATTER,24.89,24.89,1
null,Normal,29,10,NeighborZombie,3,SCATTER,24.89,24.89,2
null,Normal,29,10,AdvArmoredZombie,2,LINE_CENTER,24.89,24.89,1
null,Normal,29,10,AdvArmoredZombie,2,LINE_CENTER,24.89,24.89,2
null,Normal,29,10,AdvSupZombie,1,LINE_LEFT,24.89,24.89,1
null,Normal,29,10,AdvSupZombie,1,LINE_LEFT,24.89,24.89,2
null,Normal,29,10,HighArmoredBossZombie,1,LINE_LEFT,24.89,24.89,2
null,Normal,29,11,BasketZombie,2,SCATTER,27.27,27.27,1
null,Normal,29,11,BasketZombie,4,SCATTER,27.27,27.27,2
null,Normal,29,11,NeighborZombie,2,SCATTER,27.27,27.27,1
null,Normal,29,11,NeighborZombie,4,SCATTER,27.27,27.27,2
null,Normal,29,11,AdvArmoredZombie,2,LINE_CENTER,27.27,27.27,1
null,Normal,29,11,AdvArmoredZombie,2,LINE_CENTER,27.27,27.27,2
null,Normal,29,11,AdvSupZombie,1,LINE_LEFT,27.27,27.27,1
null,Normal,29,11,AdvSupZombie,1,LINE_LEFT,27.27,27.27,2
null,Normal,29,12,BasketZombie,2,SCATTER,29.65,29.65,1
null,Normal,29,12,BasketZombie,4,SCATTER,29.65,29.65,2
null,Normal,29,12,NeighborZombie,2,SCATTER,29.65,29.65,1
null,Normal,29,12,NeighborZombie,4,SCATTER,29.65,29.65,2
null,Normal,29,12,AdvArmoredZombie,2,LINE_CENTER,29.65,29.65,1
null,Normal,29,12,AdvArmoredZombie,2,LINE_CENTER,29.65,29.65,2
null,Normal,29,12,AdvSupZombie,1,LINE_LEFT,29.65,29.65,1
null,Normal,29,12,AdvSupZombie,1,LINE_LEFT,29.65,29.65,2
null,Normal,29,13,BasketZombie,2,SCATTER,32.04,32.04,1
null,Normal,29,13,BasketZombie,4,SCATTER,32.04,32.04,2
null,Normal,29,13,NeighborZombie,2,SCATTER,32.04,32.04,1
null,Normal,29,13,NeighborZombie,4,SCATTER,32.04,32.04,2
null,Normal,29,13,AdvArmoredZombie,2,LINE_CENTER,32.04,32.04,1
null,Normal,29,13,AdvArmoredZombie,3,LINE_CENTER,32.04,32.04,2
null,Normal,29,13,AdvSupZombie,1,LINE_LEFT,32.04,32.04,1
null,Normal,29,13,AdvSupZombie,2,LINE_LEFT,32.04,32.04,2
null,Normal,29,14,BasketZombie,3,SCATTER,34.42,34.42,1
null,Normal,29,14,BasketZombie,4,SCATTER,34.42,34.42,2
null,Normal,29,14,NeighborZombie,3,SCATTER,34.42,34.42,1
null,Normal,29,14,NeighborZombie,4,SCATTER,34.42,34.42,2
null,Normal,29,14,AdvArmoredZombie,2,LINE_CENTER,34.42,34.42,1
null,Normal,29,14,AdvArmoredZombie,3,LINE_CENTER,34.42,34.42,2
null,Normal,29,14,AdvSupZombie,1,LINE_LEFT,34.42,34.42,1
null,Normal,29,14,AdvSupZombie,2,LINE_LEFT,34.42,34.42,2
null,Normal,29,15,BasketZombie,3,SCATTER,36.8,36.8,1
null,Normal,29,15,BasketZombie,4,SCATTER,36.8,36.8,2
null,Normal,29,15,NeighborZombie,3,SCATTER,36.8,36.8,1
null,Normal,29,15,NeighborZombie,4,SCATTER,36.8,36.8,2
null,Normal,29,15,AdvArmoredZombie,2,LINE_CENTER,36.8,36.8,1
null,Normal,29,15,AdvArmoredZombie,4,LINE_CENTER,36.8,36.8,2
null,Normal,29,15,AdvSupZombie,2,LINE_LEFT,36.8,36.8,1
null,Normal,29,15,AdvSupZombie,2,LINE_LEFT,36.8,36.8,2
null,Normal,29,15,AdvandMagBossZombie,1,LINE_LEFT,36.8,36.8,2
null,Normal,30,1,ZombieMan,2,SCATTER,3.55,3.55,1
null,Normal,30,1,ZombieMan,3,SCATTER,3.55,3.55,2
null,Normal,30,1,BasketZombie,1,SCATTER,3.55,3.55,1
null,Normal,30,1,BasketZombie,1,SCATTER,3.55,3.55,2
null,Normal,30,1,NeighborZombie,1,SCATTER,3.55,3.55,1
null,Normal,30,1,NeighborZombie,1,SCATTER,3.55,3.55,2
null,Normal,30,2,ZombieMan,2,SCATTER,5.97,5.97,1
null,Normal,30,2,ZombieMan,4,SCATTER,5.97,5.97,2
null,Normal,30,2,BasketZombie,1,SCATTER,5.97,5.97,1
null,Normal,30,2,BasketZombie,1,SCATTER,5.97,5.97,2
null,Normal,30,2,NeighborZombie,1,SCATTER,5.97,5.97,1
null,Normal,30,2,NeighborZombie,1,SCATTER,5.97,5.97,2
null,Normal,30,3,ZombieMan,3,SCATTER,8.38,8.38,1
null,Normal,30,3,ZombieMan,5,SCATTER,8.38,8.38,2
null,Normal,30,3,BasketZombie,1,SCATTER,8.38,8.38,1
null,Normal,30,3,BasketZombie,1,SCATTER,8.38,8.38,2
null,Normal,30,3,NeighborZombie,1,SCATTER,8.38,8.38,1
null,Normal,30,3,NeighborZombie,1,SCATTER,8.38,8.38,2
null,Normal,30,4,ZombieMan,2,SCATTER,10.8,10.8,1
null,Normal,30,4,ZombieMan,3,SCATTER,10.8,10.8,2
null,Normal,30,4,BasketZombie,1,SCATTER,10.8,10.8,1
null,Normal,30,4,BasketZombie,2,SCATTER,10.8,10.8,2
null,Normal,30,4,NeighborZombie,1,SCATTER,10.8,10.8,1
null,Normal,30,4,NeighborZombie,2,SCATTER,10.8,10.8,2
null,Normal,30,5,ZombieMan,1,SCATTER,13.22,13.22,1
null,Normal,30,5,ZombieMan,2,SCATTER,13.22,13.22,2
null,Normal,30,5,BasketZombie,1,SCATTER,13.22,13.22,1
null,Normal,30,5,BasketZombie,2,SCATTER,13.22,13.22,2
null,Normal,30,5,NeighborZombie,1,SCATTER,13.22,13.22,1
null,Normal,30,5,NeighborZombie,2,SCATTER,13.22,13.22,2
null,Normal,30,5,ZombieBoss,1,LINE_LEFT,13.22,13.22,2
null,Normal,30,6,BasketZombie,2,SCATTER,15.64,15.64,1
null,Normal,30,6,BasketZombie,2,SCATTER,15.64,15.64,2
null,Normal,30,6,NeighborZombie,2,SCATTER,15.64,15.64,1
null,Normal,30,6,NeighborZombie,2,SCATTER,15.64,15.64,2
null,Normal,30,6,AssasineZombie,1,SCATTER,15.64,15.64,1
null,Normal,30,6,AssasineZombie,1,SCATTER,15.64,15.64,2
null,Normal,30,7,ZombieMan,1,SCATTER,18.05,18.05,1
null,Normal,30,7,ZombieMan,1,SCATTER,18.05,18.05,2
null,Normal,30,7,BasketZombie,2,SCATTER,18.05,18.05,1
null,Normal,30,7,BasketZombie,2,SCATTER,18.05,18.05,2
null,Normal,30,7,NeighborZombie,2,SCATTER,18.05,18.05,1
null,Normal,30,7,NeighborZombie,2,SCATTER,18.05,18.05,2
null,Normal,30,7,AssasineZombie,1,SCATTER,18.05,18.05,1
null,Normal,30,7,AssasineZombie,1,SCATTER,18.05,18.05,2
null,Normal,30,8,ZombieMan,1,SCATTER,20.47,20.47,1
null,Normal,30,8,ZombieMan,2,SCATTER,20.47,20.47,2
null,Normal,30,8,BasketZombie,2,SCATTER,20.47,20.47,1
null,Normal,30,8,BasketZombie,2,SCATTER,20.47,20.47,2
null,Normal,30,8,NeighborZombie,2,SCATTER,20.47,20.47,1
null,Normal,30,8,NeighborZombie,2,SCATTER,20.47,20.47,2
null,Normal,30,8,AssasineZombie,1,SCATTER,20.47,20.47,1
null,Normal,30,8,AssasineZombie,1,SCATTER,20.47,20.47,2
null,Normal,30,9,BasketZombie,2,SCATTER,22.89,22.89,1
null,Normal,30,9,BasketZombie,3,SCATTER,22.89,22.89,2
null,Normal,30,9,NeighborZombie,2,SCATTER,22.89,22.89,1
null,Normal,30,9,NeighborZombie,3,SCATTER,22.89,22.89,2
null,Normal,30,9,AssasineZombie,1,SCATTER,22.89,22.89,1
null,Normal,30,9,AssasineZombie,2,SCATTER,22.89,22.89,2
null,Normal,30,10,BasketZombie,2,SCATTER,25.31,25.31,1
null,Normal,30,10,BasketZombie,3,SCATTER,25.31,25.31,2
null,Normal,30,10,NeighborZombie,2,SCATTER,25.31,25.31,1
null,Normal,30,10,NeighborZombie,3,SCATTER,25.31,25.31,2
null,Normal,30,10,AssasineZombie,1,SCATTER,25.31,25.31,1
null,Normal,30,10,AssasineZombie,2,SCATTER,25.31,25.31,2
null,Normal,30,10,POShieldZombie,1,LINE_LEFT,25.31,25.31,2
null,Normal,30,11,BasketZombie,2,SCATTER,27.72,27.72,1
null,Normal,30,11,BasketZombie,4,SCATTER,27.72,27.72,2
null,Normal,30,11,NeighborZombie,2,SCATTER,27.72,27.72,1
null,Normal,30,11,NeighborZombie,4,SCATTER,27.72,27.72,2
null,Normal,30,11,AssasineZombie,2,SCATTER,27.72,27.72,1
null,Normal,30,11,AssasineZombie,2,SCATTER,27.72,27.72,2
null,Normal,30,11,AdvKnifeZombie,1,SCATTER,27.72,27.72,1
null,Normal,30,11,AdvKnifeZombie,1,SCATTER,27.72,27.72,2
null,Normal,30,12,BasketZombie,2,SCATTER,30.14,30.14,1
null,Normal,30,12,BasketZombie,4,SCATTER,30.14,30.14,2
null,Normal,30,12,NeighborZombie,2,SCATTER,30.14,30.14,1
null,Normal,30,12,NeighborZombie,4,SCATTER,30.14,30.14,2
null,Normal,30,12,AssasineZombie,2,SCATTER,30.14,30.14,1
null,Normal,30,12,AssasineZombie,2,SCATTER,30.14,30.14,2
null,Normal,30,12,AdvKnifeZombie,1,SCATTER,30.14,30.14,1
null,Normal,30,12,AdvKnifeZombie,1,SCATTER,30.14,30.14,2
null,Normal,30,13,BasketZombie,2,SCATTER,32.56,32.56,1
null,Normal,30,13,BasketZombie,4,SCATTER,32.56,32.56,2
null,Normal,30,13,NeighborZombie,2,SCATTER,32.56,32.56,1
null,Normal,30,13,NeighborZombie,4,SCATTER,32.56,32.56,2
null,Normal,30,13,AssasineZombie,2,SCATTER,32.56,32.56,1
null,Normal,30,13,AssasineZombie,2,SCATTER,32.56,32.56,2
null,Normal,30,13,AdvKnifeZombie,1,SCATTER,32.56,32.56,1
null,Normal,30,13,AdvKnifeZombie,1,SCATTER,32.56,32.56,2
null,Normal,30,14,BasketZombie,3,SCATTER,34.98,34.98,1
null,Normal,30,14,BasketZombie,4,SCATTER,34.98,34.98,2
null,Normal,30,14,NeighborZombie,3,SCATTER,34.98,34.98,1
null,Normal,30,14,NeighborZombie,4,SCATTER,34.98,34.98,2
null,Normal,30,14,AssasineZombie,2,SCATTER,34.98,34.98,1
null,Normal,30,14,AssasineZombie,3,SCATTER,34.98,34.98,2
null,Normal,30,14,AdvKnifeZombie,1,SCATTER,34.98,34.98,1
null,Normal,30,14,AdvKnifeZombie,2,SCATTER,34.98,34.98,2
null,Normal,30,15,BasketZombie,3,SCATTER,37.39,37.39,1
null,Normal,30,15,BasketZombie,4,SCATTER,37.39,37.39,2
null,Normal,30,15,NeighborZombie,3,SCATTER,37.39,37.39,1
null,Normal,30,15,NeighborZombie,4,SCATTER,37.39,37.39,2
null,Normal,30,15,AssasineZombie,2,SCATTER,37.39,37.39,1
null,Normal,30,15,AssasineZombie,3,SCATTER,37.39,37.39,2
null,Normal,30,15,AdvKnifeZombie,1,SCATTER,37.39,37.39,1
null,Normal,30,15,AdvKnifeZombie,2,SCATTER,37.39,37.39,2
null,Normal,30,15,HighArmoredBossZombie,1,LINE_LEFT,37.39,37.39,2
null,Normal,30,16,BasketZombie,3,SCATTER,39.81,39.81,1
null,Normal,30,16,BasketZombie,5,SCATTER,39.81,39.81,2
null,Normal,30,16,NeighborZombie,3,SCATTER,39.81,39.81,1
null,Normal,30,16,NeighborZombie,5,SCATTER,39.81,39.81,2
null,Normal,30,16,AssasineZombie,2,SCATTER,39.81,39.81,1
null,Normal,30,16,AssasineZombie,4,SCATTER,39.81,39.81,2
null,Normal,30,16,AdvKnifeZombie,2,SCATTER,39.81,39.81,1
null,Normal,30,16,AdvKnifeZombie,2,SCATTER,39.81,39.81,2
null,Normal,30,17,BasketZombie,3,SCATTER,42.23,42.23,1
null,Normal,30,17,BasketZombie,5,SCATTER,42.23,42.23,2
null,Normal,30,17,NeighborZombie,3,SCATTER,42.23,42.23,1
null,Normal,30,17,NeighborZombie,5,SCATTER,42.23,42.23,2
null,Normal,30,17,AssasineZombie,2,SCATTER,42.23,42.23,1
null,Normal,30,17,AssasineZombie,4,SCATTER,42.23,42.23,2
null,Normal,30,17,AdvKnifeZombie,2,SCATTER,42.23,42.23,1
null,Normal,30,17,AdvKnifeZombie,2,SCATTER,42.23,42.23,2
null,Normal,30,18,BasketZombie,3,SCATTER,44.65,44.65,1
null,Normal,30,18,BasketZombie,5,SCATTER,44.65,44.65,2
null,Normal,30,18,NeighborZombie,3,SCATTER,44.65,44.65,1
null,Normal,30,18,NeighborZombie,5,SCATTER,44.65,44.65,2
null,Normal,30,18,AssasineZombie,2,SCATTER,44.65,44.65,1
null,Normal,30,18,AssasineZombie,4,SCATTER,44.65,44.65,2
null,Normal,30,18,AdvKnifeZombie,2,SCATTER,44.65,44.65,1
null,Normal,30,18,AdvKnifeZombie,2,SCATTER,44.65,44.65,2
null,Normal,30,19,BasketZombie,4,SCATTER,47.06,47.06,1
null,Normal,30,19,BasketZombie,5,SCATTER,47.06,47.06,2
null,Normal,30,19,NeighborZombie,4,SCATTER,47.06,47.06,1
null,Normal,30,19,NeighborZombie,5,SCATTER,47.06,47.06,2
null,Normal,30,19,AssasineZombie,3,SCATTER,47.06,47.06,1
null,Normal,30,19,AssasineZombie,4,SCATTER,47.06,47.06,2
null,Normal,30,19,AdvKnifeZombie,2,SCATTER,47.06,47.06,1
null,Normal,30,19,AdvKnifeZombie,3,SCATTER,47.06,47.06,2
null,Normal,30,20,BasketZombie,4,SCATTER,49.48,49.48,1
null,Normal,30,20,BasketZombie,5,SCATTER,49.48,49.48,2
null,Normal,30,20,NeighborZombie,4,SCATTER,49.48,49.48,1
null,Normal,30,20,NeighborZombie,5,SCATTER,49.48,49.48,2
null,Normal,30,20,AssasineZombie,3,SCATTER,49.48,49.48,1
null,Normal,30,20,AssasineZombie,4,SCATTER,49.48,49.48,2
null,Normal,30,20,AdvKnifeZombie,2,SCATTER,49.48,49.48,1
null,Normal,30,20,AdvKnifeZombie,3,SCATTER,49.48,49.48,2
null,Normal,30,20,AdvandMagBossZombie,1,LINE_LEFT,49.48,49.48,2
null,Normal,31,1,ZombieMan,2,SCATTER,3.65,3.65,1
null,Normal,31,1,ZombieMan,3,SCATTER,3.65,3.65,2
null,Normal,31,1,NeighborZombie,1,SCATTER,3.65,3.65,1
null,Normal,31,1,NeighborZombie,1,SCATTER,3.65,3.65,2
null,Normal,31,1,BasketZombie,1,SCATTER,3.65,3.65,1
null,Normal,31,1,BasketZombie,1,SCATTER,3.65,3.65,2
null,Normal,31,2,ZombieMan,2,SCATTER,6.28,6.28,1
null,Normal,31,2,ZombieMan,4,SCATTER,6.28,6.28,2
null,Normal,31,2,NeighborZombie,1,SCATTER,6.28,6.28,1
null,Normal,31,2,NeighborZombie,1,SCATTER,6.28,6.28,2
null,Normal,31,2,BasketZombie,1,SCATTER,6.28,6.28,1
null,Normal,31,2,BasketZombie,1,SCATTER,6.28,6.28,2
null,Normal,31,3,ZombieMan,3,SCATTER,8.92,8.92,1
null,Normal,31,3,ZombieMan,5,SCATTER,8.92,8.92,2
null,Normal,31,3,NeighborZombie,1,SCATTER,8.92,8.92,1
null,Normal,31,3,NeighborZombie,1,SCATTER,8.92,8.92,2
null,Normal,31,3,BasketZombie,1,SCATTER,8.92,8.92,1
null,Normal,31,3,BasketZombie,1,SCATTER,8.92,8.92,2
null,Normal,31,4,NeighborZombie,1,SCATTER,11.55,11.55,1
null,Normal,31,4,NeighborZombie,2,SCATTER,11.55,11.55,2
null,Normal,31,4,BasketZombie,1,SCATTER,11.55,11.55,1
null,Normal,31,4,BasketZombie,2,SCATTER,11.55,11.55,2
null,Normal,31,4,HammerZombie,1,LINE_LEFT,11.55,11.55,1
null,Normal,31,4,HammerZombie,1,LINE_LEFT,11.55,11.55,2
null,Normal,31,5,NeighborZombie,1,SCATTER,14.18,14.18,1
null,Normal,31,5,NeighborZombie,2,SCATTER,14.18,14.18,2
null,Normal,31,5,BasketZombie,1,SCATTER,14.18,14.18,1
null,Normal,31,5,BasketZombie,2,SCATTER,14.18,14.18,2
null,Normal,31,5,HammerZombie,1,LINE_LEFT,14.18,14.18,1
null,Normal,31,5,HammerZombie,1,LINE_LEFT,14.18,14.18,2
null,Normal,31,5,ZombieBoss,1,LINE_LEFT,14.18,14.18,2
null,Normal,31,6,NeighborZombie,2,SCATTER,16.82,16.82,1
null,Normal,31,6,NeighborZombie,2,SCATTER,16.82,16.82,2
null,Normal,31,6,BasketZombie,2,SCATTER,16.82,16.82,1
null,Normal,31,6,BasketZombie,2,SCATTER,16.82,16.82,2
null,Normal,31,6,HammerZombie,1,LINE_LEFT,16.82,16.82,1
null,Normal,31,6,HammerZombie,1,LINE_LEFT,16.82,16.82,2
null,Normal,31,7,NeighborZombie,2,SCATTER,19.45,19.45,1
null,Normal,31,7,NeighborZombie,2,SCATTER,19.45,19.45,2
null,Normal,31,7,BasketZombie,2,SCATTER,19.45,19.45,1
null,Normal,31,7,BasketZombie,2,SCATTER,19.45,19.45,2
null,Normal,31,7,HammerZombie,1,LINE_LEFT,19.45,19.45,1
null,Normal,31,7,HammerZombie,2,LINE_LEFT,19.45,19.45,2
null,Normal,31,7,WarriorTwoZombie,1,LINE_CENTER,19.45,19.45,1
null,Normal,31,7,WarriorTwoZombie,1,LINE_CENTER,19.45,19.45,2
null,Normal,31,8,NeighborZombie,2,SCATTER,22.08,22.08,1
null,Normal,31,8,NeighborZombie,2,SCATTER,22.08,22.08,2
null,Normal,31,8,BasketZombie,2,SCATTER,22.08,22.08,1
null,Normal,31,8,BasketZombie,2,SCATTER,22.08,22.08,2
null,Normal,31,8,HammerZombie,1,LINE_LEFT,22.08,22.08,1
null,Normal,31,8,HammerZombie,2,LINE_LEFT,22.08,22.08,2
null,Normal,31,8,WarriorTwoZombie,1,LINE_CENTER,22.08,22.08,1
null,Normal,31,8,WarriorTwoZombie,1,LINE_CENTER,22.08,22.08,2
null,Normal,31,9,NeighborZombie,2,SCATTER,24.72,24.72,1
null,Normal,31,9,NeighborZombie,3,SCATTER,24.72,24.72,2
null,Normal,31,9,BasketZombie,2,SCATTER,24.72,24.72,1
null,Normal,31,9,BasketZombie,3,SCATTER,24.72,24.72,2
null,Normal,31,9,HammerZombie,2,LINE_LEFT,24.72,24.72,1
null,Normal,31,9,HammerZombie,2,LINE_LEFT,24.72,24.72,2
null,Normal,31,9,WarriorTwoZombie,1,LINE_CENTER,24.72,24.72,1
null,Normal,31,9,WarriorTwoZombie,1,LINE_CENTER,24.72,24.72,2
null,Normal,31,10,NeighborZombie,2,SCATTER,27.35,27.35,1
null,Normal,31,10,NeighborZombie,3,SCATTER,27.35,27.35,2
null,Normal,31,10,BasketZombie,2,SCATTER,27.35,27.35,1
null,Normal,31,10,BasketZombie,3,SCATTER,27.35,27.35,2
null,Normal,31,10,HammerZombie,2,LINE_LEFT,27.35,27.35,1
null,Normal,31,10,HammerZombie,2,LINE_LEFT,27.35,27.35,2
null,Normal,31,10,WarriorTwoZombie,1,LINE_CENTER,27.35,27.35,1
null,Normal,31,10,WarriorTwoZombie,2,LINE_CENTER,27.35,27.35,2
null,Normal,31,10,BatSkullZombie,1,LINE_LEFT,27.35,27.35,2
null,Normal,32,1,ZombieMan,2,SCATTER,3.75,3.75,1
null,Normal,32,1,ZombieMan,3,SCATTER,3.75,3.75,2
null,Normal,32,1,NeighborZombie,1,SCATTER,3.75,3.75,1
null,Normal,32,1,NeighborZombie,1,SCATTER,3.75,3.75,2
null,Normal,32,1,BasketZombie,1,SCATTER,3.75,3.75,1
null,Normal,32,1,BasketZombie,1,SCATTER,3.75,3.75,2
null,Normal,32,2,ZombieMan,2,SCATTER,6.37,6.37,1
null,Normal,32,2,ZombieMan,4,SCATTER,6.37,6.37,2
null,Normal,32,2,NeighborZombie,1,SCATTER,6.37,6.37,1
null,Normal,32,2,NeighborZombie,1,SCATTER,6.37,6.37,2
null,Normal,32,2,BasketZombie,1,SCATTER,6.37,6.37,1
null,Normal,32,2,BasketZombie,1,SCATTER,6.37,6.37,2
null,Normal,32,3,ZombieMan,3,SCATTER,8.99,8.99,1
null,Normal,32,3,ZombieMan,5,SCATTER,8.99,8.99,2
null,Normal,32,3,NeighborZombie,1,SCATTER,8.99,8.99,1
null,Normal,32,3,NeighborZombie,1,SCATTER,8.99,8.99,2
null,Normal,32,3,BasketZombie,1,SCATTER,8.99,8.99,1
null,Normal,32,3,BasketZombie,1,SCATTER,8.99,8.99,2
null,Normal,32,4,ZombieMan,2,SCATTER,11.6,11.6,1
null,Normal,32,4,ZombieMan,3,SCATTER,11.6,11.6,2
null,Normal,32,4,NeighborZombie,1,SCATTER,11.6,11.6,1
null,Normal,32,4,NeighborZombie,2,SCATTER,11.6,11.6,2
null,Normal,32,4,BasketZombie,1,SCATTER,11.6,11.6,1
null,Normal,32,4,BasketZombie,2,SCATTER,11.6,11.6,2
null,Normal,32,5,NeighborZombie,1,SCATTER,14.22,14.22,1
null,Normal,32,5,NeighborZombie,2,SCATTER,14.22,14.22,2
null,Normal,32,5,BasketZombie,1,SCATTER,14.22,14.22,1
null,Normal,32,5,BasketZombie,2,SCATTER,14.22,14.22,2
null,Normal,32,5,AxSkullZombie,1,LINE_CENTER,14.22,14.22,1
null,Normal,32,5,AxSkullZombie,1,LINE_CENTER,14.22,14.22,2
null,Normal,32,5,ZombieBoss,1,LINE_LEFT,14.22,14.22,2
null,Normal,32,6,ZombieMan,1,SCATTER,16.84,16.84,2
null,Normal,32,6,NeighborZombie,2,SCATTER,16.84,16.84,1
null,Normal,32,6,NeighborZombie,2,SCATTER,16.84,16.84,2
null,Normal,32,6,BasketZombie,2,SCATTER,16.84,16.84,1
null,Normal,32,6,BasketZombie,2,SCATTER,16.84,16.84,2
null,Normal,32,6,AxSkullZombie,1,LINE_CENTER,16.84,16.84,1
null,Normal,32,6,AxSkullZombie,1,LINE_CENTER,16.84,16.84,2
null,Normal,32,7,ZombieMan,1,SCATTER,19.46,19.46,1
null,Normal,32,7,ZombieMan,1,SCATTER,19.46,19.46,2
null,Normal,32,7,NeighborZombie,2,SCATTER,19.46,19.46,1
null,Normal,32,7,NeighborZombie,2,SCATTER,19.46,19.46,2
null,Normal,32,7,BasketZombie,2,SCATTER,19.46,19.46,1
null,Normal,32,7,BasketZombie,2,SCATTER,19.46,19.46,2
null,Normal,32,7,AxSkullZombie,1,LINE_CENTER,19.46,19.46,1
null,Normal,32,7,AxSkullZombie,1,LINE_CENTER,19.46,19.46,2
null,Normal,32,8,ZombieMan,1,SCATTER,22.07,22.07,1
null,Normal,32,8,ZombieMan,1,SCATTER,22.07,22.07,2
null,Normal,32,8,NeighborZombie,2,SCATTER,22.07,22.07,1
null,Normal,32,8,NeighborZombie,2,SCATTER,22.07,22.07,2
null,Normal,32,8,BasketZombie,2,SCATTER,22.07,22.07,1
null,Normal,32,8,BasketZombie,2,SCATTER,22.07,22.07,2
null,Normal,32,8,AxSkullZombie,1,LINE_CENTER,22.07,22.07,1
null,Normal,32,8,AxSkullZombie,2,LINE_CENTER,22.07,22.07,2
null,Normal,32,9,NeighborZombie,2,SCATTER,24.69,24.69,1
null,Normal,32,9,NeighborZombie,3,SCATTER,24.69,24.69,2
null,Normal,32,9,BasketZombie,2,SCATTER,24.69,24.69,1
null,Normal,32,9,BasketZombie,3,SCATTER,24.69,24.69,2
null,Normal,32,9,AxSkullZombie,1,LINE_CENTER,24.69,24.69,1
null,Normal,32,9,AxSkullZombie,2,LINE_CENTER,24.69,24.69,2
null,Normal,32,10,NeighborZombie,2,SCATTER,27.31,27.31,1
null,Normal,32,10,NeighborZombie,3,SCATTER,27.31,27.31,2
null,Normal,32,10,BasketZombie,2,SCATTER,27.31,27.31,1
null,Normal,32,10,BasketZombie,3,SCATTER,27.31,27.31,2
null,Normal,32,10,AxSkullZombie,2,LINE_CENTER,27.31,27.31,1
null,Normal,32,10,AxSkullZombie,2,LINE_CENTER,27.31,27.31,2
null,Normal,32,10,RedPunchZombie,1,SCATTER,27.31,27.31,1
null,Normal,32,10,RedPunchZombie,1,SCATTER,27.31,27.31,2
null,Normal,32,10,AdvBuskerZombie,1,LINE_LEFT,27.31,27.31,2
null,Normal,32,11,NeighborZombie,2,SCATTER,29.93,29.93,1
null,Normal,32,11,NeighborZombie,4,SCATTER,29.93,29.93,2
null,Normal,32,11,BasketZombie,2,SCATTER,29.93,29.93,1
null,Normal,32,11,BasketZombie,4,SCATTER,29.93,29.93,2
null,Normal,32,11,AxSkullZombie,2,LINE_CENTER,29.93,29.93,1
null,Normal,32,11,AxSkullZombie,2,LINE_CENTER,29.93,29.93,2
null,Normal,32,11,RedPunchZombie,1,SCATTER,29.93,29.93,1
null,Normal,32,11,RedPunchZombie,1,SCATTER,29.93,29.93,2
null,Normal,32,12,NeighborZombie,2,SCATTER,32.55,32.55,1
null,Normal,32,12,NeighborZombie,4,SCATTER,32.55,32.55,2
null,Normal,32,12,BasketZombie,2,SCATTER,32.55,32.55,1
null,Normal,32,12,BasketZombie,4,SCATTER,32.55,32.55,2
null,Normal,32,12,AxSkullZombie,2,LINE_CENTER,32.55,32.55,1
null,Normal,32,12,AxSkullZombie,2,LINE_CENTER,32.55,32.55,2
null,Normal,32,12,RedPunchZombie,1,SCATTER,32.55,32.55,1
null,Normal,32,12,RedPunchZombie,1,SCATTER,32.55,32.55,2
null,Normal,32,13,NeighborZombie,2,SCATTER,35.16,35.16,1
null,Normal,32,13,NeighborZombie,4,SCATTER,35.16,35.16,2
null,Normal,32,13,BasketZombie,2,SCATTER,35.16,35.16,1
null,Normal,32,13,BasketZombie,4,SCATTER,35.16,35.16,2
null,Normal,32,13,AxSkullZombie,2,LINE_CENTER,35.16,35.16,1
null,Normal,32,13,AxSkullZombie,3,LINE_CENTER,35.16,35.16,2
null,Normal,32,13,RedPunchZombie,1,SCATTER,35.16,35.16,1
null,Normal,32,13,RedPunchZombie,2,SCATTER,35.16,35.16,2
null,Normal,32,14,NeighborZombie,3,SCATTER,37.78,37.78,1
null,Normal,32,14,NeighborZombie,4,SCATTER,37.78,37.78,2
null,Normal,32,14,BasketZombie,3,SCATTER,37.78,37.78,1
null,Normal,32,14,BasketZombie,4,SCATTER,37.78,37.78,2
null,Normal,32,14,AxSkullZombie,2,LINE_CENTER,37.78,37.78,1
null,Normal,32,14,AxSkullZombie,3,LINE_CENTER,37.78,37.78,2
null,Normal,32,14,RedPunchZombie,1,SCATTER,37.78,37.78,1
null,Normal,32,14,RedPunchZombie,2,SCATTER,37.78,37.78,2
null,Normal,32,15,NeighborZombie,3,SCATTER,40.4,40.4,1
null,Normal,32,15,NeighborZombie,4,SCATTER,40.4,40.4,2
null,Normal,32,15,BasketZombie,3,SCATTER,40.4,40.4,1
null,Normal,32,15,BasketZombie,4,SCATTER,40.4,40.4,2
null,Normal,32,15,AxSkullZombie,2,LINE_CENTER,40.4,40.4,1
null,Normal,32,15,AxSkullZombie,4,LINE_CENTER,40.4,40.4,2
null,Normal,32,15,RedPunchZombie,2,SCATTER,40.4,40.4,1
null,Normal,32,15,RedPunchZombie,2,SCATTER,40.4,40.4,2
null,Normal,32,15,BatSkullZombie,1,LINE_LEFT,40.4,40.4,2
null,Normal,33,1,ZombieMan,2,SCATTER,3.85,3.85,1
null,Normal,33,1,ZombieMan,3,SCATTER,3.85,3.85,2
null,Normal,33,1,NeighborZombie,1,SCATTER,3.85,3.85,1
null,Normal,33,1,NeighborZombie,1,SCATTER,3.85,3.85,2
null,Normal,33,1,BasketZombie,1,SCATTER,3.85,3.85,1
null,Normal,33,1,BasketZombie,1,SCATTER,3.85,3.85,2
null,Normal,33,2,ZombieMan,2,SCATTER,6.55,6.55,1
null,Normal,33,2,ZombieMan,4,SCATTER,6.55,6.55,2
null,Normal,33,2,NeighborZombie,1,SCATTER,6.55,6.55,1
null,Normal,33,2,NeighborZombie,1,SCATTER,6.55,6.55,2
null,Normal,33,2,BasketZombie,1,SCATTER,6.55,6.55,1
null,Normal,33,2,BasketZombie,1,SCATTER,6.55,6.55,2
null,Normal,33,3,ZombieMan,3,SCATTER,9.24,9.24,1
null,Normal,33,3,ZombieMan,5,SCATTER,9.24,9.24,2
null,Normal,33,3,NeighborZombie,1,SCATTER,9.24,9.24,1
null,Normal,33,3,NeighborZombie,1,SCATTER,9.24,9.24,2
null,Normal,33,3,BasketZombie,1,SCATTER,9.24,9.24,1
null,Normal,33,3,BasketZombie,1,SCATTER,9.24,9.24,2
null,Normal,33,4,ZombieMan,2,SCATTER,11.94,11.94,1
null,Normal,33,4,ZombieMan,3,SCATTER,11.94,11.94,2
null,Normal,33,4,NeighborZombie,1,SCATTER,11.94,11.94,1
null,Normal,33,4,NeighborZombie,2,SCATTER,11.94,11.94,2
null,Normal,33,4,BasketZombie,1,SCATTER,11.94,11.94,1
null,Normal,33,4,BasketZombie,2,SCATTER,11.94,11.94,2
null,Normal,33,5,NeighborZombie,1,SCATTER,14.64,14.64,1
null,Normal,33,5,NeighborZombie,2,SCATTER,14.64,14.64,2
null,Normal,33,5,BasketZombie,1,SCATTER,14.64,14.64,1
null,Normal,33,5,BasketZombie,2,SCATTER,14.64,14.64,2
null,Normal,33,5,AdvandMagZombie,1,LINE_LEFT,14.64,14.64,1
null,Normal,33,5,AdvandMagZombie,1,LINE_LEFT,14.64,14.64,2
null,Normal,33,5,ZombieBoss,1,LINE_LEFT,14.64,14.64,2
null,Normal,33,6,NeighborZombie,2,SCATTER,17.33,17.33,1
null,Normal,33,6,NeighborZombie,2,SCATTER,17.33,17.33,2
null,Normal,33,6,BasketZombie,2,SCATTER,17.33,17.33,1
null,Normal,33,6,BasketZombie,2,SCATTER,17.33,17.33,2
null,Normal,33,6,AdvandMagZombie,1,LINE_LEFT,17.33,17.33,1
null,Normal,33,6,AdvandMagZombie,1,LINE_LEFT,17.33,17.33,2
null,Normal,33,7,NeighborZombie,2,SCATTER,20.03,20.03,1
null,Normal,33,7,NeighborZombie,2,SCATTER,20.03,20.03,2
null,Normal,33,7,BasketZombie,2,SCATTER,20.03,20.03,1
null,Normal,33,7,BasketZombie,2,SCATTER,20.03,20.03,2
null,Normal,33,7,AdvandMagZombie,1,LINE_LEFT,20.03,20.03,1
null,Normal,33,7,AdvandMagZombie,1,LINE_LEFT,20.03,20.03,2
null,Normal,33,8,NeighborZombie,2,SCATTER,22.73,22.73,1
null,Normal,33,8,NeighborZombie,2,SCATTER,22.73,22.73,2
null,Normal,33,8,BasketZombie,2,SCATTER,22.73,22.73,1
null,Normal,33,8,BasketZombie,2,SCATTER,22.73,22.73,2
null,Normal,33,8,AdvandMagZombie,1,LINE_LEFT,22.73,22.73,1
null,Normal,33,8,AdvandMagZombie,2,LINE_LEFT,22.73,22.73,2
null,Normal,33,9,NeighborZombie,2,SCATTER,25.42,25.42,1
null,Normal,33,9,NeighborZombie,3,SCATTER,25.42,25.42,2
null,Normal,33,9,BasketZombie,2,SCATTER,25.42,25.42,1
null,Normal,33,9,BasketZombie,3,SCATTER,25.42,25.42,2
null,Normal,33,9,AdvandMagZombie,1,LINE_LEFT,25.42,25.42,1
null,Normal,33,9,AdvandMagZombie,2,LINE_LEFT,25.42,25.42,2
null,Normal,33,10,NeighborZombie,2,SCATTER,28.12,28.12,1
null,Normal,33,10,NeighborZombie,3,SCATTER,28.12,28.12,2
null,Normal,33,10,BasketZombie,2,SCATTER,28.12,28.12,1
null,Normal,33,10,BasketZombie,3,SCATTER,28.12,28.12,2
null,Normal,33,10,AdvandMagZombie,2,LINE_LEFT,28.12,28.12,1
null,Normal,33,10,AdvandMagZombie,2,LINE_LEFT,28.12,28.12,2
null,Normal,33,10,MaceZombie,1,LINE_LEFT,28.12,28.12,1
null,Normal,33,10,MaceZombie,1,LINE_LEFT,28.12,28.12,2
null,Normal,33,10,AdvandMagBossZombie,1,LINE_LEFT,28.12,28.12,2
null,Normal,33,11,NeighborZombie,2,SCATTER,30.81,30.81,1
null,Normal,33,11,NeighborZombie,4,SCATTER,30.81,30.81,2
null,Normal,33,11,BasketZombie,2,SCATTER,30.81,30.81,1
null,Normal,33,11,BasketZombie,4,SCATTER,30.81,30.81,2
null,Normal,33,11,AdvandMagZombie,2,LINE_LEFT,30.81,30.81,1
null,Normal,33,11,AdvandMagZombie,2,LINE_LEFT,30.81,30.81,2
null,Normal,33,11,MaceZombie,1,LINE_LEFT,30.81,30.81,1
null,Normal,33,11,MaceZombie,1,LINE_LEFT,30.81,30.81,2
null,Normal,33,12,NeighborZombie,2,SCATTER,33.51,33.51,1
null,Normal,33,12,NeighborZombie,4,SCATTER,33.51,33.51,2
null,Normal,33,12,BasketZombie,2,SCATTER,33.51,33.51,1
null,Normal,33,12,BasketZombie,4,SCATTER,33.51,33.51,2
null,Normal,33,12,AdvandMagZombie,2,LINE_LEFT,33.51,33.51,1
null,Normal,33,12,AdvandMagZombie,2,LINE_LEFT,33.51,33.51,2
null,Normal,33,12,MaceZombie,1,LINE_LEFT,33.51,33.51,1
null,Normal,33,12,MaceZombie,1,LINE_LEFT,33.51,33.51,2
null,Normal,33,13,NeighborZombie,2,SCATTER,36.21,36.21,1
null,Normal,33,13,NeighborZombie,4,SCATTER,36.21,36.21,2
null,Normal,33,13,BasketZombie,2,SCATTER,36.21,36.21,1
null,Normal,33,13,BasketZombie,4,SCATTER,36.21,36.21,2
null,Normal,33,13,AdvandMagZombie,2,LINE_LEFT,36.21,36.21,1
null,Normal,33,13,AdvandMagZombie,3,LINE_LEFT,36.21,36.21,2
null,Normal,33,13,MaceZombie,1,LINE_LEFT,36.21,36.21,1
null,Normal,33,13,MaceZombie,2,LINE_LEFT,36.21,36.21,2
null,Normal,33,14,NeighborZombie,3,SCATTER,38.9,38.9,1
null,Normal,33,14,NeighborZombie,4,SCATTER,38.9,38.9,2
null,Normal,33,14,BasketZombie,3,SCATTER,38.9,38.9,1
null,Normal,33,14,BasketZombie,4,SCATTER,38.9,38.9,2
null,Normal,33,14,AdvandMagZombie,2,LINE_LEFT,38.9,38.9,1
null,Normal,33,14,AdvandMagZombie,3,LINE_LEFT,38.9,38.9,2
null,Normal,33,14,MaceZombie,1,LINE_LEFT,38.9,38.9,1
null,Normal,33,14,MaceZombie,2,LINE_LEFT,38.9,38.9,2
null,Normal,33,15,NeighborZombie,3,SCATTER,41.6,41.6,1
null,Normal,33,15,NeighborZombie,4,SCATTER,41.6,41.6,2
null,Normal,33,15,BasketZombie,3,SCATTER,41.6,41.6,1
null,Normal,33,15,BasketZombie,4,SCATTER,41.6,41.6,2
null,Normal,33,15,AdvandMagZombie,2,LINE_LEFT,41.6,41.6,1
null,Normal,33,15,AdvandMagZombie,4,LINE_LEFT,41.6,41.6,2
null,Normal,33,15,MaceZombie,2,LINE_LEFT,41.6,41.6,1
null,Normal,33,15,MaceZombie,2,LINE_LEFT,41.6,41.6,2
null,Normal,33,15,AdvBuskerZombie,1,LINE_LEFT,41.6,41.6,2
null,Normal,34,1,ZombieMan,2,SCATTER,3.95,3.95,1
null,Normal,34,1,ZombieMan,3,SCATTER,3.95,3.95,2
null,Normal,34,1,BasketZombie,1,SCATTER,3.95,3.95,1
null,Normal,34,1,BasketZombie,1,SCATTER,3.95,3.95,2
null,Normal,34,1,NeighborZombie,1,SCATTER,3.95,3.95,1
null,Normal,34,1,NeighborZombie,1,SCATTER,3.95,3.95,2
null,Normal,34,2,ZombieMan,2,SCATTER,6.72,6.72,1
null,Normal,34,2,ZombieMan,4,SCATTER,6.72,6.72,2
null,Normal,34,2,BasketZombie,1,SCATTER,6.72,6.72,1
null,Normal,34,2,BasketZombie,1,SCATTER,6.72,6.72,2
null,Normal,34,2,NeighborZombie,1,SCATTER,6.72,6.72,1
null,Normal,34,2,NeighborZombie,1,SCATTER,6.72,6.72,2
null,Normal,34,3,ZombieMan,3,SCATTER,9.5,9.5,1
null,Normal,34,3,ZombieMan,5,SCATTER,9.5,9.5,2
null,Normal,34,3,BasketZombie,1,SCATTER,9.5,9.5,1
null,Normal,34,3,BasketZombie,1,SCATTER,9.5,9.5,2
null,Normal,34,3,NeighborZombie,1,SCATTER,9.5,9.5,1
null,Normal,34,3,NeighborZombie,1,SCATTER,9.5,9.5,2
null,Normal,34,4,ZombieMan,2,SCATTER,12.28,12.28,1
null,Normal,34,4,ZombieMan,3,SCATTER,12.28,12.28,2
null,Normal,34,4,BasketZombie,1,SCATTER,12.28,12.28,1
null,Normal,34,4,BasketZombie,2,SCATTER,12.28,12.28,2
null,Normal,34,4,NeighborZombie,1,SCATTER,12.28,12.28,1
null,Normal,34,4,NeighborZombie,2,SCATTER,12.28,12.28,2
null,Normal,34,5,BasketZombie,1,SCATTER,15.05,15.05,1
null,Normal,34,5,BasketZombie,2,SCATTER,15.05,15.05,2
null,Normal,34,5,NeighborZombie,1,SCATTER,15.05,15.05,1
null,Normal,34,5,NeighborZombie,2,SCATTER,15.05,15.05,2
null,Normal,34,5,WarriorZombie,1,LINE_CENTER,15.05,15.05,1
null,Normal,34,5,WarriorZombie,1,LINE_CENTER,15.05,15.05,2
null,Normal,34,5,ZombieBoss,1,LINE_LEFT,15.05,15.05,2
null,Normal,34,6,BasketZombie,2,SCATTER,17.82,17.82,1
null,Normal,34,6,BasketZombie,2,SCATTER,17.82,17.82,2
null,Normal,34,6,NeighborZombie,2,SCATTER,17.82,17.82,1
null,Normal,34,6,NeighborZombie,2,SCATTER,17.82,17.82,2
null,Normal,34,6,WarriorZombie,1,LINE_CENTER,17.82,17.82,1
null,Normal,34,6,WarriorZombie,1,LINE_CENTER,17.82,17.82,2
null,Normal,34,7,ZombieMan,1,SCATTER,20.6,20.6,2
null,Normal,34,7,BasketZombie,2,SCATTER,20.6,20.6,1
null,Normal,34,7,BasketZombie,2,SCATTER,20.6,20.6,2
null,Normal,34,7,NeighborZombie,2,SCATTER,20.6,20.6,1
null,Normal,34,7,NeighborZombie,2,SCATTER,20.6,20.6,2
null,Normal,34,7,WarriorZombie,1,LINE_CENTER,20.6,20.6,1
null,Normal,34,7,WarriorZombie,1,LINE_CENTER,20.6,20.6,2
null,Normal,34,8,BasketZombie,2,SCATTER,23.38,23.38,1
null,Normal,34,8,BasketZombie,2,SCATTER,23.38,23.38,2
null,Normal,34,8,NeighborZombie,2,SCATTER,23.38,23.38,1
null,Normal,34,8,NeighborZombie,2,SCATTER,23.38,23.38,2
null,Normal,34,8,WarriorZombie,1,LINE_CENTER,23.38,23.38,1
null,Normal,34,8,WarriorZombie,2,LINE_CENTER,23.38,23.38,2
null,Normal,34,9,BasketZombie,2,SCATTER,26.15,26.15,1
null,Normal,34,9,BasketZombie,3,SCATTER,26.15,26.15,2
null,Normal,34,9,NeighborZombie,2,SCATTER,26.15,26.15,1
null,Normal,34,9,NeighborZombie,3,SCATTER,26.15,26.15,2
null,Normal,34,9,WarriorZombie,1,LINE_CENTER,26.15,26.15,1
null,Normal,34,9,WarriorZombie,2,LINE_CENTER,26.15,26.15,2
null,Normal,34,10,BasketZombie,2,SCATTER,28.93,28.93,1
null,Normal,34,10,BasketZombie,3,SCATTER,28.93,28.93,2
null,Normal,34,10,NeighborZombie,2,SCATTER,28.93,28.93,1
null,Normal,34,10,NeighborZombie,3,SCATTER,28.93,28.93,2
null,Normal,34,10,WarriorZombie,2,LINE_CENTER,28.93,28.93,1
null,Normal,34,10,WarriorZombie,2,LINE_CENTER,28.93,28.93,2
null,Normal,34,10,AdvArmoredZombie,1,LINE_CENTER,28.93,28.93,1
null,Normal,34,10,AdvArmoredZombie,1,LINE_CENTER,28.93,28.93,2
null,Normal,34,10,HighArmoredBossZombie,1,LINE_LEFT,28.93,28.93,2
null,Normal,34,11,BasketZombie,2,SCATTER,31.7,31.7,1
null,Normal,34,11,BasketZombie,4,SCATTER,31.7,31.7,2
null,Normal,34,11,NeighborZombie,2,SCATTER,31.7,31.7,1
null,Normal,34,11,NeighborZombie,4,SCATTER,31.7,31.7,2
null,Normal,34,11,WarriorZombie,2,LINE_CENTER,31.7,31.7,1
null,Normal,34,11,WarriorZombie,2,LINE_CENTER,31.7,31.7,2
null,Normal,34,11,AdvArmoredZombie,1,LINE_CENTER,31.7,31.7,1
null,Normal,34,11,AdvArmoredZombie,1,LINE_CENTER,31.7,31.7,2
null,Normal,34,12,BasketZombie,2,SCATTER,34.48,34.48,1
null,Normal,34,12,BasketZombie,4,SCATTER,34.48,34.48,2
null,Normal,34,12,NeighborZombie,2,SCATTER,34.48,34.48,1
null,Normal,34,12,NeighborZombie,4,SCATTER,34.48,34.48,2
null,Normal,34,12,WarriorZombie,2,LINE_CENTER,34.48,34.48,1
null,Normal,34,12,WarriorZombie,2,LINE_CENTER,34.48,34.48,2
null,Normal,34,12,AdvArmoredZombie,1,LINE_CENTER,34.48,34.48,1
null,Normal,34,12,AdvArmoredZombie,1,LINE_CENTER,34.48,34.48,2
null,Normal,34,13,BasketZombie,2,SCATTER,37.25,37.25,1
null,Normal,34,13,BasketZombie,4,SCATTER,37.25,37.25,2
null,Normal,34,13,NeighborZombie,2,SCATTER,37.25,37.25,1
null,Normal,34,13,NeighborZombie,4,SCATTER,37.25,37.25,2
null,Normal,34,13,WarriorZombie,2,LINE_CENTER,37.25,37.25,1
null,Normal,34,13,WarriorZombie,3,LINE_CENTER,37.25,37.25,2
null,Normal,34,13,AdvArmoredZombie,1,LINE_CENTER,37.25,37.25,1
null,Normal,34,13,AdvArmoredZombie,2,LINE_CENTER,37.25,37.25,2
null,Normal,34,14,BasketZombie,3,SCATTER,40.02,40.02,1
null,Normal,34,14,BasketZombie,4,SCATTER,40.02,40.02,2
null,Normal,34,14,NeighborZombie,3,SCATTER,40.02,40.02,1
null,Normal,34,14,NeighborZombie,4,SCATTER,40.02,40.02,2
null,Normal,34,14,WarriorZombie,2,LINE_CENTER,40.02,40.02,1
null,Normal,34,14,WarriorZombie,3,LINE_CENTER,40.02,40.02,2
null,Normal,34,14,AdvArmoredZombie,1,LINE_CENTER,40.02,40.02,1
null,Normal,34,14,AdvArmoredZombie,2,LINE_CENTER,40.02,40.02,2
null,Normal,34,15,BasketZombie,3,SCATTER,42.8,42.8,1
null,Normal,34,15,BasketZombie,4,SCATTER,42.8,42.8,2
null,Normal,34,15,NeighborZombie,3,SCATTER,42.8,42.8,1
null,Normal,34,15,NeighborZombie,4,SCATTER,42.8,42.8,2
null,Normal,34,15,WarriorZombie,2,LINE_CENTER,42.8,42.8,1
null,Normal,34,15,WarriorZombie,4,LINE_CENTER,42.8,42.8,2
null,Normal,34,15,AdvArmoredZombie,2,LINE_CENTER,42.8,42.8,1
null,Normal,34,15,AdvArmoredZombie,2,LINE_CENTER,42.8,42.8,2
null,Normal,34,15,AdvandMagBossZombie,1,LINE_LEFT,42.8,42.8,2
null,Normal,35,1,ZombieMan,2,SCATTER,4.05,4.05,1
null,Normal,35,1,ZombieMan,3,SCATTER,4.05,4.05,2
null,Normal,35,1,BasketZombie,1,SCATTER,4.05,4.05,1
null,Normal,35,1,BasketZombie,1,SCATTER,4.05,4.05,2
null,Normal,35,1,NeighborZombie,1,SCATTER,4.05,4.05,1
null,Normal,35,1,NeighborZombie,1,SCATTER,4.05,4.05,2
null,Normal,35,2,ZombieMan,2,SCATTER,6.85,6.85,1
null,Normal,35,2,ZombieMan,4,SCATTER,6.85,6.85,2
null,Normal,35,2,BasketZombie,1,SCATTER,6.85,6.85,1
null,Normal,35,2,BasketZombie,1,SCATTER,6.85,6.85,2
null,Normal,35,2,NeighborZombie,1,SCATTER,6.85,6.85,1
null,Normal,35,2,NeighborZombie,1,SCATTER,6.85,6.85,2
null,Normal,35,3,ZombieMan,3,SCATTER,9.66,9.66,1
null,Normal,35,3,ZombieMan,5,SCATTER,9.66,9.66,2
null,Normal,35,3,BasketZombie,1,SCATTER,9.66,9.66,1
null,Normal,35,3,BasketZombie,1,SCATTER,9.66,9.66,2
null,Normal,35,3,NeighborZombie,1,SCATTER,9.66,9.66,1
null,Normal,35,3,NeighborZombie,1,SCATTER,9.66,9.66,2
null,Normal,35,4,ZombieMan,2,SCATTER,12.46,12.46,1
null,Normal,35,4,ZombieMan,3,SCATTER,12.46,12.46,2
null,Normal,35,4,BasketZombie,1,SCATTER,12.46,12.46,1
null,Normal,35,4,BasketZombie,2,SCATTER,12.46,12.46,2
null,Normal,35,4,NeighborZombie,1,SCATTER,12.46,12.46,1
null,Normal,35,4,NeighborZombie,2,SCATTER,12.46,12.46,2
null,Normal,35,5,ZombieMan,1,SCATTER,15.26,15.26,1
null,Normal,35,5,ZombieMan,2,SCATTER,15.26,15.26,2
null,Normal,35,5,BasketZombie,1,SCATTER,15.26,15.26,1
null,Normal,35,5,BasketZombie,2,SCATTER,15.26,15.26,2
null,Normal,35,5,NeighborZombie,1,SCATTER,15.26,15.26,1
null,Normal,35,5,NeighborZombie,2,SCATTER,15.26,15.26,2
null,Normal,35,5,ZombieBoss,1,LINE_LEFT,15.26,15.26,2
null,Normal,35,6,BasketZombie,2,SCATTER,18.07,18.07,1
null,Normal,35,6,BasketZombie,2,SCATTER,18.07,18.07,2
null,Normal,35,6,NeighborZombie,2,SCATTER,18.07,18.07,1
null,Normal,35,6,NeighborZombie,2,SCATTER,18.07,18.07,2
null,Normal,35,6,AssasineZombie,1,SCATTER,18.07,18.07,1
null,Normal,35,6,AssasineZombie,1,SCATTER,18.07,18.07,2
null,Normal,35,7,ZombieMan,1,SCATTER,20.87,20.87,1
null,Normal,35,7,ZombieMan,1,SCATTER,20.87,20.87,2
null,Normal,35,7,BasketZombie,2,SCATTER,20.87,20.87,1
null,Normal,35,7,BasketZombie,2,SCATTER,20.87,20.87,2
null,Normal,35,7,NeighborZombie,2,SCATTER,20.87,20.87,1
null,Normal,35,7,NeighborZombie,2,SCATTER,20.87,20.87,2
null,Normal,35,7,AssasineZombie,1,SCATTER,20.87,20.87,1
null,Normal,35,7,AssasineZombie,1,SCATTER,20.87,20.87,2
null,Normal,35,8,ZombieMan,1,SCATTER,23.68,23.68,1
null,Normal,35,8,ZombieMan,2,SCATTER,23.68,23.68,2
null,Normal,35,8,BasketZombie,2,SCATTER,23.68,23.68,1
null,Normal,35,8,BasketZombie,2,SCATTER,23.68,23.68,2
null,Normal,35,8,NeighborZombie,2,SCATTER,23.68,23.68,1
null,Normal,35,8,NeighborZombie,2,SCATTER,23.68,23.68,2
null,Normal,35,8,AssasineZombie,1,SCATTER,23.68,23.68,1
null,Normal,35,8,AssasineZombie,1,SCATTER,23.68,23.68,2
null,Normal,35,9,BasketZombie,2,SCATTER,26.48,26.48,1
null,Normal,35,9,BasketZombie,3,SCATTER,26.48,26.48,2
null,Normal,35,9,NeighborZombie,2,SCATTER,26.48,26.48,1
null,Normal,35,9,NeighborZombie,3,SCATTER,26.48,26.48,2
null,Normal,35,9,AssasineZombie,1,SCATTER,26.48,26.48,1
null,Normal,35,9,AssasineZombie,2,SCATTER,26.48,26.48,2
null,Normal,35,10,BasketZombie,2,SCATTER,29.28,29.28,1
null,Normal,35,10,BasketZombie,3,SCATTER,29.28,29.28,2
null,Normal,35,10,NeighborZombie,2,SCATTER,29.28,29.28,1
null,Normal,35,10,NeighborZombie,3,SCATTER,29.28,29.28,2
null,Normal,35,10,AssasineZombie,1,SCATTER,29.28,29.28,1
null,Normal,35,10,AssasineZombie,2,SCATTER,29.28,29.28,2
null,Normal,35,10,DoctorZombie,1,LINE_LEFT,29.28,29.28,2
null,Normal,35,11,BasketZombie,2,SCATTER,32.09,32.09,1
null,Normal,35,11,BasketZombie,4,SCATTER,32.09,32.09,2
null,Normal,35,11,NeighborZombie,2,SCATTER,32.09,32.09,1
null,Normal,35,11,NeighborZombie,4,SCATTER,32.09,32.09,2
null,Normal,35,11,AssasineZombie,2,SCATTER,32.09,32.09,1
null,Normal,35,11,AssasineZombie,2,SCATTER,32.09,32.09,2
null,Normal,35,11,AdvKnifePotionZombie,1,SCATTER,32.09,32.09,1
null,Normal,35,11,AdvKnifePotionZombie,1,SCATTER,32.09,32.09,2
null,Normal,35,12,BasketZombie,2,SCATTER,34.89,34.89,1
null,Normal,35,12,BasketZombie,4,SCATTER,34.89,34.89,2
null,Normal,35,12,NeighborZombie,2,SCATTER,34.89,34.89,1
null,Normal,35,12,NeighborZombie,4,SCATTER,34.89,34.89,2
null,Normal,35,12,AssasineZombie,2,SCATTER,34.89,34.89,1
null,Normal,35,12,AssasineZombie,2,SCATTER,34.89,34.89,2
null,Normal,35,12,AdvKnifePotionZombie,1,SCATTER,34.89,34.89,1
null,Normal,35,12,AdvKnifePotionZombie,1,SCATTER,34.89,34.89,2
null,Normal,35,13,BasketZombie,2,SCATTER,37.69,37.69,1
null,Normal,35,13,BasketZombie,4,SCATTER,37.69,37.69,2
null,Normal,35,13,NeighborZombie,2,SCATTER,37.69,37.69,1
null,Normal,35,13,NeighborZombie,4,SCATTER,37.69,37.69,2
null,Normal,35,13,AssasineZombie,2,SCATTER,37.69,37.69,1
null,Normal,35,13,AssasineZombie,2,SCATTER,37.69,37.69,2
null,Normal,35,13,AdvKnifePotionZombie,1,SCATTER,37.69,37.69,1
null,Normal,35,13,AdvKnifePotionZombie,1,SCATTER,37.69,37.69,2
null,Normal,35,14,BasketZombie,3,SCATTER,40.5,40.5,1
null,Normal,35,14,BasketZombie,4,SCATTER,40.5,40.5,2
null,Normal,35,14,NeighborZombie,3,SCATTER,40.5,40.5,1
null,Normal,35,14,NeighborZombie,4,SCATTER,40.5,40.5,2
null,Normal,35,14,AssasineZombie,2,SCATTER,40.5,40.5,1
null,Normal,35,14,AssasineZombie,3,SCATTER,40.5,40.5,2
null,Normal,35,14,AdvKnifePotionZombie,1,SCATTER,40.5,40.5,1
null,Normal,35,14,AdvKnifePotionZombie,2,SCATTER,40.5,40.5,2
null,Normal,35,15,BasketZombie,3,SCATTER,43.3,43.3,1
null,Normal,35,15,BasketZombie,4,SCATTER,43.3,43.3,2
null,Normal,35,15,NeighborZombie,3,SCATTER,43.3,43.3,1
null,Normal,35,15,NeighborZombie,4,SCATTER,43.3,43.3,2
null,Normal,35,15,AssasineZombie,2,SCATTER,43.3,43.3,1
null,Normal,35,15,AssasineZombie,3,SCATTER,43.3,43.3,2
null,Normal,35,15,AdvKnifePotionZombie,1,SCATTER,43.3,43.3,1
null,Normal,35,15,AdvKnifePotionZombie,2,SCATTER,43.3,43.3,2
null,Normal,35,15,HighArmoredBossZombie,1,LINE_LEFT,43.3,43.3,2
null,Normal,35,16,BasketZombie,3,SCATTER,46.11,46.11,1
null,Normal,35,16,BasketZombie,5,SCATTER,46.11,46.11,2
null,Normal,35,16,NeighborZombie,3,SCATTER,46.11,46.11,1
null,Normal,35,16,NeighborZombie,5,SCATTER,46.11,46.11,2
null,Normal,35,16,AssasineZombie,2,SCATTER,46.11,46.11,1
null,Normal,35,16,AssasineZombie,4,SCATTER,46.11,46.11,2
null,Normal,35,16,AdvKnifePotionZombie,2,SCATTER,46.11,46.11,1
null,Normal,35,16,AdvKnifePotionZombie,2,SCATTER,46.11,46.11,2
null,Normal,35,17,BasketZombie,3,SCATTER,48.91,48.91,1
null,Normal,35,17,BasketZombie,5,SCATTER,48.91,48.91,2
null,Normal,35,17,NeighborZombie,3,SCATTER,48.91,48.91,1
null,Normal,35,17,NeighborZombie,5,SCATTER,48.91,48.91,2
null,Normal,35,17,AssasineZombie,2,SCATTER,48.91,48.91,1
null,Normal,35,17,AssasineZombie,4,SCATTER,48.91,48.91,2
null,Normal,35,17,AdvKnifePotionZombie,2,SCATTER,48.91,48.91,1
null,Normal,35,17,AdvKnifePotionZombie,2,SCATTER,48.91,48.91,2
null,Normal,35,18,BasketZombie,3,SCATTER,51.71,51.71,1
null,Normal,35,18,BasketZombie,5,SCATTER,51.71,51.71,2
null,Normal,35,18,NeighborZombie,3,SCATTER,51.71,51.71,1
null,Normal,35,18,NeighborZombie,5,SCATTER,51.71,51.71,2
null,Normal,35,18,AssasineZombie,2,SCATTER,51.71,51.71,1
null,Normal,35,18,AssasineZombie,4,SCATTER,51.71,51.71,2
null,Normal,35,18,AdvKnifePotionZombie,2,SCATTER,51.71,51.71,1
null,Normal,35,18,AdvKnifePotionZombie,2,SCATTER,51.71,51.71,2
null,Normal,35,19,BasketZombie,4,SCATTER,54.52,54.52,1
null,Normal,35,19,BasketZombie,5,SCATTER,54.52,54.52,2
null,Normal,35,19,NeighborZombie,4,SCATTER,54.52,54.52,1
null,Normal,35,19,NeighborZombie,5,SCATTER,54.52,54.52,2
null,Normal,35,19,AssasineZombie,3,SCATTER,54.52,54.52,1
null,Normal,35,19,AssasineZombie,4,SCATTER,54.52,54.52,2
null,Normal,35,19,AdvKnifePotionZombie,2,SCATTER,54.52,54.52,1
null,Normal,35,19,AdvKnifePotionZombie,3,SCATTER,54.52,54.52,2
null,Normal,35,20,BasketZombie,4,SCATTER,57.32,57.32,1
null,Normal,35,20,BasketZombie,5,SCATTER,57.32,57.32,2
null,Normal,35,20,NeighborZombie,4,SCATTER,57.32,57.32,1
null,Normal,35,20,NeighborZombie,5,SCATTER,57.32,57.32,2
null,Normal,35,20,AssasineZombie,3,SCATTER,57.32,57.32,1
null,Normal,35,20,AssasineZombie,4,SCATTER,57.32,57.32,2
null,Normal,35,20,AdvKnifePotionZombie,2,SCATTER,57.32,57.32,1
null,Normal,35,20,AdvKnifePotionZombie,3,SCATTER,57.32,57.32,2
null,Normal,35,20,AdvandMagBossZombie,1,LINE_LEFT,57.32,57.32,2
null,Normal,36,1,ZombieMan,2,SCATTER,4.15,4.15,1
null,Normal,36,1,ZombieMan,3,SCATTER,4.15,4.15,2
null,Normal,36,1,BasketZombie,1,SCATTER,4.15,4.15,1
null,Normal,36,1,BasketZombie,1,SCATTER,4.15,4.15,2
null,Normal,36,1,NeighborZombie,1,SCATTER,4.15,4.15,1
null,Normal,36,1,NeighborZombie,1,SCATTER,4.15,4.15,2
null,Normal,36,2,ZombieMan,2,SCATTER,7.08,7.08,1
null,Normal,36,2,ZombieMan,4,SCATTER,7.08,7.08,2
null,Normal,36,2,BasketZombie,1,SCATTER,7.08,7.08,1
null,Normal,36,2,BasketZombie,1,SCATTER,7.08,7.08,2
null,Normal,36,2,NeighborZombie,1,SCATTER,7.08,7.08,1
null,Normal,36,2,NeighborZombie,1,SCATTER,7.08,7.08,2
null,Normal,36,3,ZombieMan,3,SCATTER,10.01,10.01,1
null,Normal,36,3,ZombieMan,5,SCATTER,10.01,10.01,2
null,Normal,36,3,BasketZombie,1,SCATTER,10.01,10.01,1
null,Normal,36,3,BasketZombie,1,SCATTER,10.01,10.01,2
null,Normal,36,3,NeighborZombie,1,SCATTER,10.01,10.01,1
null,Normal,36,3,NeighborZombie,1,SCATTER,10.01,10.01,2
null,Normal,36,4,ZombieMan,2,SCATTER,12.95,12.95,1
null,Normal,36,4,ZombieMan,3,SCATTER,12.95,12.95,2
null,Normal,36,4,BasketZombie,1,SCATTER,12.95,12.95,1
null,Normal,36,4,BasketZombie,2,SCATTER,12.95,12.95,2
null,Normal,36,4,NeighborZombie,1,SCATTER,12.95,12.95,1
null,Normal,36,4,NeighborZombie,2,SCATTER,12.95,12.95,2
null,Normal,36,5,BasketZombie,1,SCATTER,15.88,15.88,1
null,Normal,36,5,BasketZombie,2,SCATTER,15.88,15.88,2
null,Normal,36,5,NeighborZombie,1,SCATTER,15.88,15.88,1
null,Normal,36,5,NeighborZombie,2,SCATTER,15.88,15.88,2
null,Normal,36,5,AdvKnifeZombie,1,SCATTER,15.88,15.88,1
null,Normal,36,5,AdvKnifeZombie,1,SCATTER,15.88,15.88,2
null,Normal,36,5,ZombieBoss,1,LINE_LEFT,15.88,15.88,2
null,Normal,36,6,BasketZombie,2,SCATTER,18.81,18.81,1
null,Normal,36,6,BasketZombie,2,SCATTER,18.81,18.81,2
null,Normal,36,6,NeighborZombie,2,SCATTER,18.81,18.81,1
null,Normal,36,6,NeighborZombie,2,SCATTER,18.81,18.81,2
null,Normal,36,6,AdvKnifeZombie,1,SCATTER,18.81,18.81,1
null,Normal,36,6,AdvKnifeZombie,1,SCATTER,18.81,18.81,2
null,Normal,36,7,BasketZombie,2,SCATTER,21.74,21.74,1
null,Normal,36,7,BasketZombie,2,SCATTER,21.74,21.74,2
null,Normal,36,7,NeighborZombie,2,SCATTER,21.74,21.74,1
null,Normal,36,7,NeighborZombie,2,SCATTER,21.74,21.74,2
null,Normal,36,7,AdvKnifeZombie,1,SCATTER,21.74,21.74,1
null,Normal,36,7,AdvKnifeZombie,1,SCATTER,21.74,21.74,2
null,Normal,36,8,BasketZombie,2,SCATTER,24.68,24.68,1
null,Normal,36,8,BasketZombie,2,SCATTER,24.68,24.68,2
null,Normal,36,8,NeighborZombie,2,SCATTER,24.68,24.68,1
null,Normal,36,8,NeighborZombie,2,SCATTER,24.68,24.68,2
null,Normal,36,8,AdvKnifeZombie,1,SCATTER,24.68,24.68,1
null,Normal,36,8,AdvKnifeZombie,2,SCATTER,24.68,24.68,2
null,Normal,36,9,BasketZombie,2,SCATTER,27.61,27.61,1
null,Normal,36,9,BasketZombie,3,SCATTER,27.61,27.61,2
null,Normal,36,9,NeighborZombie,2,SCATTER,27.61,27.61,1
null,Normal,36,9,NeighborZombie,3,SCATTER,27.61,27.61,2
null,Normal,36,9,AdvKnifeZombie,1,SCATTER,27.61,27.61,1
null,Normal,36,9,AdvKnifeZombie,2,SCATTER,27.61,27.61,2
null,Normal,36,10,BasketZombie,2,SCATTER,30.54,30.54,1
null,Normal,36,10,BasketZombie,3,SCATTER,30.54,30.54,2
null,Normal,36,10,NeighborZombie,2,SCATTER,30.54,30.54,1
null,Normal,36,10,NeighborZombie,3,SCATTER,30.54,30.54,2
null,Normal,36,10,AdvKnifeZombie,2,SCATTER,30.54,30.54,1
null,Normal,36,10,AdvKnifeZombie,2,SCATTER,30.54,30.54,2
null,Normal,36,10,RedPunchZombie,1,SCATTER,30.54,30.54,1
null,Normal,36,10,RedPunchZombie,1,SCATTER,30.54,30.54,2
null,Normal,36,10,BatSkullZombie,1,LINE_LEFT,30.54,30.54,2
null,Normal,36,11,BasketZombie,2,SCATTER,33.47,33.47,1
null,Normal,36,11,BasketZombie,4,SCATTER,33.47,33.47,2
null,Normal,36,11,NeighborZombie,2,SCATTER,33.47,33.47,1
null,Normal,36,11,NeighborZombie,4,SCATTER,33.47,33.47,2
null,Normal,36,11,AdvKnifeZombie,2,SCATTER,33.47,33.47,1
null,Normal,36,11,AdvKnifeZombie,2,SCATTER,33.47,33.47,2
null,Normal,36,11,RedPunchZombie,1,SCATTER,33.47,33.47,1
null,Normal,36,11,RedPunchZombie,1,SCATTER,33.47,33.47,2
null,Normal,36,12,BasketZombie,2,SCATTER,36.4,36.4,1
null,Normal,36,12,BasketZombie,4,SCATTER,36.4,36.4,2
null,Normal,36,12,NeighborZombie,2,SCATTER,36.4,36.4,1
null,Normal,36,12,NeighborZombie,4,SCATTER,36.4,36.4,2
null,Normal,36,12,AdvKnifeZombie,2,SCATTER,36.4,36.4,1
null,Normal,36,12,AdvKnifeZombie,2,SCATTER,36.4,36.4,2
null,Normal,36,12,RedPunchZombie,1,SCATTER,36.4,36.4,1
null,Normal,36,12,RedPunchZombie,1,SCATTER,36.4,36.4,2
null,Normal,36,13,BasketZombie,2,SCATTER,39.34,39.34,1
null,Normal,36,13,BasketZombie,4,SCATTER,39.34,39.34,2
null,Normal,36,13,NeighborZombie,2,SCATTER,39.34,39.34,1
null,Normal,36,13,NeighborZombie,4,SCATTER,39.34,39.34,2
null,Normal,36,13,AdvKnifeZombie,2,SCATTER,39.34,39.34,1
null,Normal,36,13,AdvKnifeZombie,3,SCATTER,39.34,39.34,2
null,Normal,36,13,RedPunchZombie,1,SCATTER,39.34,39.34,1
null,Normal,36,13,RedPunchZombie,2,SCATTER,39.34,39.34,2
null,Normal,36,14,BasketZombie,3,SCATTER,42.27,42.27,1
null,Normal,36,14,BasketZombie,4,SCATTER,42.27,42.27,2
null,Normal,36,14,NeighborZombie,3,SCATTER,42.27,42.27,1
null,Normal,36,14,NeighborZombie,4,SCATTER,42.27,42.27,2
null,Normal,36,14,AdvKnifeZombie,2,SCATTER,42.27,42.27,1
null,Normal,36,14,AdvKnifeZombie,3,SCATTER,42.27,42.27,2
null,Normal,36,14,RedPunchZombie,1,SCATTER,42.27,42.27,1
null,Normal,36,14,RedPunchZombie,2,SCATTER,42.27,42.27,2
null,Normal,36,15,BasketZombie,3,SCATTER,45.2,45.2,1
null,Normal,36,15,BasketZombie,4,SCATTER,45.2,45.2,2
null,Normal,36,15,NeighborZombie,3,SCATTER,45.2,45.2,1
null,Normal,36,15,NeighborZombie,4,SCATTER,45.2,45.2,2
null,Normal,36,15,AdvKnifeZombie,2,SCATTER,45.2,45.2,1
null,Normal,36,15,AdvKnifeZombie,4,SCATTER,45.2,45.2,2
null,Normal,36,15,RedPunchZombie,2,SCATTER,45.2,45.2,1
null,Normal,36,15,RedPunchZombie,2,SCATTER,45.2,45.2,2
null,Normal,36,15,AdvBuskerZombie,1,LINE_LEFT,45.2,45.2,2
null,Normal,37,1,ZombieMan,2,SCATTER,4.25,4.25,1
null,Normal,37,1,ZombieMan,3,SCATTER,4.25,4.25,2
null,Normal,37,1,BasketZombie,1,SCATTER,4.25,4.25,1
null,Normal,37,1,BasketZombie,1,SCATTER,4.25,4.25,2
null,Normal,37,1,NeighborZombie,1,SCATTER,4.25,4.25,1
null,Normal,37,1,NeighborZombie,1,SCATTER,4.25,4.25,2
null,Normal,37,2,ZombieMan,2,SCATTER,7.26,7.26,1
null,Normal,37,2,ZombieMan,4,SCATTER,7.26,7.26,2
null,Normal,37,2,BasketZombie,1,SCATTER,7.26,7.26,1
null,Normal,37,2,BasketZombie,1,SCATTER,7.26,7.26,2
null,Normal,37,2,NeighborZombie,1,SCATTER,7.26,7.26,1
null,Normal,37,2,NeighborZombie,1,SCATTER,7.26,7.26,2
null,Normal,37,3,ZombieMan,3,SCATTER,10.27,10.27,1
null,Normal,37,3,ZombieMan,5,SCATTER,10.27,10.27,2
null,Normal,37,3,BasketZombie,1,SCATTER,10.27,10.27,1
null,Normal,37,3,BasketZombie,1,SCATTER,10.27,10.27,2
null,Normal,37,3,NeighborZombie,1,SCATTER,10.27,10.27,1
null,Normal,37,3,NeighborZombie,1,SCATTER,10.27,10.27,2
null,Normal,37,4,ZombieMan,2,SCATTER,13.28,13.28,1
null,Normal,37,4,ZombieMan,3,SCATTER,13.28,13.28,2
null,Normal,37,4,BasketZombie,1,SCATTER,13.28,13.28,1
null,Normal,37,4,BasketZombie,2,SCATTER,13.28,13.28,2
null,Normal,37,4,NeighborZombie,1,SCATTER,13.28,13.28,1
null,Normal,37,4,NeighborZombie,2,SCATTER,13.28,13.28,2
null,Normal,37,5,BasketZombie,1,SCATTER,16.29,16.29,1
null,Normal,37,5,BasketZombie,2,SCATTER,16.29,16.29,2
null,Normal,37,5,NeighborZombie,1,SCATTER,16.29,16.29,1
null,Normal,37,5,NeighborZombie,2,SCATTER,16.29,16.29,2
null,Normal,37,5,AdvandMagZombie,1,LINE_LEFT,16.29,16.29,1
null,Normal,37,5,AdvandMagZombie,1,LINE_LEFT,16.29,16.29,2
null,Normal,37,5,ZombieBoss,1,LINE_LEFT,16.29,16.29,2
null,Normal,37,6,BasketZombie,2,SCATTER,19.3,19.3,1
null,Normal,37,6,BasketZombie,2,SCATTER,19.3,19.3,2
null,Normal,37,6,NeighborZombie,2,SCATTER,19.3,19.3,1
null,Normal,37,6,NeighborZombie,2,SCATTER,19.3,19.3,2
null,Normal,37,6,AdvandMagZombie,1,LINE_LEFT,19.3,19.3,1
null,Normal,37,6,AdvandMagZombie,1,LINE_LEFT,19.3,19.3,2
null,Normal,37,7,BasketZombie,2,SCATTER,22.31,22.31,1
null,Normal,37,7,BasketZombie,2,SCATTER,22.31,22.31,2
null,Normal,37,7,NeighborZombie,2,SCATTER,22.31,22.31,1
null,Normal,37,7,NeighborZombie,2,SCATTER,22.31,22.31,2
null,Normal,37,7,AdvandMagZombie,1,LINE_LEFT,22.31,22.31,1
null,Normal,37,7,AdvandMagZombie,1,LINE_LEFT,22.31,22.31,2
null,Normal,37,8,BasketZombie,2,SCATTER,25.32,25.32,1
null,Normal,37,8,BasketZombie,2,SCATTER,25.32,25.32,2
null,Normal,37,8,NeighborZombie,2,SCATTER,25.32,25.32,1
null,Normal,37,8,NeighborZombie,2,SCATTER,25.32,25.32,2
null,Normal,37,8,AdvandMagZombie,1,LINE_LEFT,25.32,25.32,1
null,Normal,37,8,AdvandMagZombie,2,LINE_LEFT,25.32,25.32,2
null,Normal,37,9,BasketZombie,2,SCATTER,28.34,28.34,1
null,Normal,37,9,BasketZombie,3,SCATTER,28.34,28.34,2
null,Normal,37,9,NeighborZombie,2,SCATTER,28.34,28.34,1
null,Normal,37,9,NeighborZombie,3,SCATTER,28.34,28.34,2
null,Normal,37,9,AdvandMagZombie,1,LINE_LEFT,28.34,28.34,1
null,Normal,37,9,AdvandMagZombie,2,LINE_LEFT,28.34,28.34,2
null,Normal,37,10,BasketZombie,2,SCATTER,31.35,31.35,1
null,Normal,37,10,BasketZombie,3,SCATTER,31.35,31.35,2
null,Normal,37,10,NeighborZombie,2,SCATTER,31.35,31.35,1
null,Normal,37,10,NeighborZombie,3,SCATTER,31.35,31.35,2
null,Normal,37,10,AdvandMagZombie,2,LINE_LEFT,31.35,31.35,1
null,Normal,37,10,AdvandMagZombie,2,LINE_LEFT,31.35,31.35,2
null,Normal,37,10,AdvArmoredTwoZombie,1,LINE_LEFT,31.35,31.35,1
null,Normal,37,10,AdvArmoredTwoZombie,1,LINE_LEFT,31.35,31.35,2
null,Normal,37,10,AdvandMagBossZombie,1,LINE_LEFT,31.35,31.35,2
null,Normal,37,11,BasketZombie,2,SCATTER,34.36,34.36,1
null,Normal,37,11,BasketZombie,4,SCATTER,34.36,34.36,2
null,Normal,37,11,NeighborZombie,2,SCATTER,34.36,34.36,1
null,Normal,37,11,NeighborZombie,4,SCATTER,34.36,34.36,2
null,Normal,37,11,AdvandMagZombie,2,LINE_LEFT,34.36,34.36,1
null,Normal,37,11,AdvandMagZombie,2,LINE_LEFT,34.36,34.36,2
null,Normal,37,11,AdvArmoredTwoZombie,1,LINE_LEFT,34.36,34.36,1
null,Normal,37,11,AdvArmoredTwoZombie,1,LINE_LEFT,34.36,34.36,2
null,Normal,37,12,BasketZombie,2,SCATTER,37.37,37.37,1
null,Normal,37,12,BasketZombie,4,SCATTER,37.37,37.37,2
null,Normal,37,12,NeighborZombie,2,SCATTER,37.37,37.37,1
null,Normal,37,12,NeighborZombie,4,SCATTER,37.37,37.37,2
null,Normal,37,12,AdvandMagZombie,2,LINE_LEFT,37.37,37.37,1
null,Normal,37,12,AdvandMagZombie,2,LINE_LEFT,37.37,37.37,2
null,Normal,37,12,AdvArmoredTwoZombie,1,LINE_LEFT,37.37,37.37,1
null,Normal,37,12,AdvArmoredTwoZombie,1,LINE_LEFT,37.37,37.37,2
null,Normal,37,13,BasketZombie,2,SCATTER,40.38,40.38,1
null,Normal,37,13,BasketZombie,4,SCATTER,40.38,40.38,2
null,Normal,37,13,NeighborZombie,2,SCATTER,40.38,40.38,1
null,Normal,37,13,NeighborZombie,4,SCATTER,40.38,40.38,2
null,Normal,37,13,AdvandMagZombie,2,LINE_LEFT,40.38,40.38,1
null,Normal,37,13,AdvandMagZombie,3,LINE_LEFT,40.38,40.38,2
null,Normal,37,13,AdvArmoredTwoZombie,1,LINE_LEFT,40.38,40.38,1
null,Normal,37,13,AdvArmoredTwoZombie,2,LINE_LEFT,40.38,40.38,2
null,Normal,37,14,BasketZombie,3,SCATTER,43.39,43.39,1
null,Normal,37,14,BasketZombie,4,SCATTER,43.39,43.39,2
null,Normal,37,14,NeighborZombie,3,SCATTER,43.39,43.39,1
null,Normal,37,14,NeighborZombie,4,SCATTER,43.39,43.39,2
null,Normal,37,14,AdvandMagZombie,2,LINE_LEFT,43.39,43.39,1
null,Normal,37,14,AdvandMagZombie,3,LINE_LEFT,43.39,43.39,2
null,Normal,37,14,AdvArmoredTwoZombie,1,LINE_LEFT,43.39,43.39,1
null,Normal,37,14,AdvArmoredTwoZombie,2,LINE_LEFT,43.39,43.39,2
null,Normal,37,15,BasketZombie,3,SCATTER,46.4,46.4,1
null,Normal,37,15,BasketZombie,4,SCATTER,46.4,46.4,2
null,Normal,37,15,NeighborZombie,3,SCATTER,46.4,46.4,1
null,Normal,37,15,NeighborZombie,4,SCATTER,46.4,46.4,2
null,Normal,37,15,AdvandMagZombie,2,LINE_LEFT,46.4,46.4,1
null,Normal,37,15,AdvandMagZombie,4,LINE_LEFT,46.4,46.4,2
null,Normal,37,15,AdvArmoredTwoZombie,2,LINE_LEFT,46.4,46.4,1
null,Normal,37,15,AdvArmoredTwoZombie,2,LINE_LEFT,46.4,46.4,2
null,Normal,37,15,HighArmoredBossZombie,1,LINE_LEFT,46.4,46.4,2
null,Normal,38,1,ZombieMan,2,SCATTER,4.35,4.35,1
null,Normal,38,1,ZombieMan,3,SCATTER,4.35,4.35,2
null,Normal,38,1,NeighborZombie,1,SCATTER,4.35,4.35,1
null,Normal,38,1,NeighborZombie,1,SCATTER,4.35,4.35,2
null,Normal,38,1,BasketZombie,1,SCATTER,4.35,4.35,1
null,Normal,38,1,BasketZombie,1,SCATTER,4.35,4.35,2
null,Normal,38,2,ZombieMan,2,SCATTER,7.44,7.44,1
null,Normal,38,2,ZombieMan,4,SCATTER,7.44,7.44,2
null,Normal,38,2,NeighborZombie,1,SCATTER,7.44,7.44,1
null,Normal,38,2,NeighborZombie,1,SCATTER,7.44,7.44,2
null,Normal,38,2,BasketZombie,1,SCATTER,7.44,7.44,1
null,Normal,38,2,BasketZombie,1,SCATTER,7.44,7.44,2
null,Normal,38,3,ZombieMan,3,SCATTER,10.53,10.53,1
null,Normal,38,3,ZombieMan,5,SCATTER,10.53,10.53,2
null,Normal,38,3,NeighborZombie,1,SCATTER,10.53,10.53,1
null,Normal,38,3,NeighborZombie,1,SCATTER,10.53,10.53,2
null,Normal,38,3,BasketZombie,1,SCATTER,10.53,10.53,1
null,Normal,38,3,BasketZombie,1,SCATTER,10.53,10.53,2
null,Normal,38,4,ZombieMan,2,SCATTER,13.62,13.62,1
null,Normal,38,4,ZombieMan,3,SCATTER,13.62,13.62,2
null,Normal,38,4,NeighborZombie,1,SCATTER,13.62,13.62,1
null,Normal,38,4,NeighborZombie,2,SCATTER,13.62,13.62,2
null,Normal,38,4,BasketZombie,1,SCATTER,13.62,13.62,1
null,Normal,38,4,BasketZombie,2,SCATTER,13.62,13.62,2
null,Normal,38,5,NeighborZombie,1,SCATTER,16.71,16.71,1
null,Normal,38,5,NeighborZombie,2,SCATTER,16.71,16.71,2
null,Normal,38,5,BasketZombie,1,SCATTER,16.71,16.71,1
null,Normal,38,5,BasketZombie,2,SCATTER,16.71,16.71,2
null,Normal,38,5,AssasineZombie,1,SCATTER,16.71,16.71,1
null,Normal,38,5,AssasineZombie,1,SCATTER,16.71,16.71,2
null,Normal,38,5,ZombieBoss,1,LINE_LEFT,16.71,16.71,2
null,Normal,38,6,NeighborZombie,2,SCATTER,19.8,19.8,1
null,Normal,38,6,NeighborZombie,2,SCATTER,19.8,19.8,2
null,Normal,38,6,BasketZombie,2,SCATTER,19.8,19.8,1
null,Normal,38,6,BasketZombie,2,SCATTER,19.8,19.8,2
null,Normal,38,6,AssasineZombie,1,SCATTER,19.8,19.8,1
null,Normal,38,6,AssasineZombie,1,SCATTER,19.8,19.8,2
null,Normal,38,7,ZombieMan,1,SCATTER,22.89,22.89,1
null,Normal,38,7,ZombieMan,1,SCATTER,22.89,22.89,2
null,Normal,38,7,NeighborZombie,2,SCATTER,22.89,22.89,1
null,Normal,38,7,NeighborZombie,2,SCATTER,22.89,22.89,2
null,Normal,38,7,BasketZombie,2,SCATTER,22.89,22.89,1
null,Normal,38,7,BasketZombie,2,SCATTER,22.89,22.89,2
null,Normal,38,7,AssasineZombie,1,SCATTER,22.89,22.89,1
null,Normal,38,7,AssasineZombie,1,SCATTER,22.89,22.89,2
null,Normal,38,8,ZombieMan,1,SCATTER,25.98,25.98,2
null,Normal,38,8,NeighborZombie,2,SCATTER,25.98,25.98,1
null,Normal,38,8,NeighborZombie,2,SCATTER,25.98,25.98,2
null,Normal,38,8,BasketZombie,2,SCATTER,25.98,25.98,1
null,Normal,38,8,BasketZombie,2,SCATTER,25.98,25.98,2
null,Normal,38,8,AssasineZombie,1,SCATTER,25.98,25.98,1
null,Normal,38,8,AssasineZombie,2,SCATTER,25.98,25.98,2
null,Normal,38,9,NeighborZombie,2,SCATTER,29.06,29.06,1
null,Normal,38,9,NeighborZombie,3,SCATTER,29.06,29.06,2
null,Normal,38,9,BasketZombie,2,SCATTER,29.06,29.06,1
null,Normal,38,9,BasketZombie,3,SCATTER,29.06,29.06,2
null,Normal,38,9,AssasineZombie,1,SCATTER,29.06,29.06,1
null,Normal,38,9,AssasineZombie,2,SCATTER,29.06,29.06,2
null,Normal,38,10,NeighborZombie,2,SCATTER,32.15,32.15,1
null,Normal,38,10,NeighborZombie,3,SCATTER,32.15,32.15,2
null,Normal,38,10,BasketZombie,2,SCATTER,32.15,32.15,1
null,Normal,38,10,BasketZombie,3,SCATTER,32.15,32.15,2
null,Normal,38,10,AssasineZombie,2,SCATTER,32.15,32.15,1
null,Normal,38,10,AssasineZombie,2,SCATTER,32.15,32.15,2
null,Normal,38,10,AdvKnifePotionZombie,1,SCATTER,32.15,32.15,1
null,Normal,38,10,AdvKnifePotionZombie,1,SCATTER,32.15,32.15,2
null,Normal,38,10,AdvBuskerZombie,1,LINE_LEFT,32.15,32.15,2
null,Normal,38,11,NeighborZombie,2,SCATTER,35.24,35.24,1
null,Normal,38,11,NeighborZombie,4,SCATTER,35.24,35.24,2
null,Normal,38,11,BasketZombie,2,SCATTER,35.24,35.24,1
null,Normal,38,11,BasketZombie,4,SCATTER,35.24,35.24,2
null,Normal,38,11,AssasineZombie,2,SCATTER,35.24,35.24,1
null,Normal,38,11,AssasineZombie,2,SCATTER,35.24,35.24,2
null,Normal,38,11,AdvKnifePotionZombie,1,SCATTER,35.24,35.24,1
null,Normal,38,11,AdvKnifePotionZombie,1,SCATTER,35.24,35.24,2
null,Normal,38,12,NeighborZombie,2,SCATTER,38.33,38.33,1
null,Normal,38,12,NeighborZombie,4,SCATTER,38.33,38.33,2
null,Normal,38,12,BasketZombie,2,SCATTER,38.33,38.33,1
null,Normal,38,12,BasketZombie,4,SCATTER,38.33,38.33,2
null,Normal,38,12,AssasineZombie,2,SCATTER,38.33,38.33,1
null,Normal,38,12,AssasineZombie,2,SCATTER,38.33,38.33,2
null,Normal,38,12,AdvKnifePotionZombie,1,SCATTER,38.33,38.33,1
null,Normal,38,12,AdvKnifePotionZombie,1,SCATTER,38.33,38.33,2
null,Normal,38,13,NeighborZombie,2,SCATTER,41.42,41.42,1
null,Normal,38,13,NeighborZombie,4,SCATTER,41.42,41.42,2
null,Normal,38,13,BasketZombie,2,SCATTER,41.42,41.42,1
null,Normal,38,13,BasketZombie,4,SCATTER,41.42,41.42,2
null,Normal,38,13,AssasineZombie,2,SCATTER,41.42,41.42,1
null,Normal,38,13,AssasineZombie,3,SCATTER,41.42,41.42,2
null,Normal,38,13,AdvKnifePotionZombie,1,SCATTER,41.42,41.42,1
null,Normal,38,13,AdvKnifePotionZombie,2,SCATTER,41.42,41.42,2
null,Normal,38,14,NeighborZombie,3,SCATTER,44.51,44.51,1
null,Normal,38,14,NeighborZombie,4,SCATTER,44.51,44.51,2
null,Normal,38,14,BasketZombie,3,SCATTER,44.51,44.51,1
null,Normal,38,14,BasketZombie,4,SCATTER,44.51,44.51,2
null,Normal,38,14,AssasineZombie,2,SCATTER,44.51,44.51,1
null,Normal,38,14,AssasineZombie,3,SCATTER,44.51,44.51,2
null,Normal,38,14,AdvKnifePotionZombie,1,SCATTER,44.51,44.51,1
null,Normal,38,14,AdvKnifePotionZombie,2,SCATTER,44.51,44.51,2
null,Normal,38,15,NeighborZombie,3,SCATTER,47.6,47.6,1
null,Normal,38,15,NeighborZombie,4,SCATTER,47.6,47.6,2
null,Normal,38,15,BasketZombie,3,SCATTER,47.6,47.6,1
null,Normal,38,15,BasketZombie,4,SCATTER,47.6,47.6,2
null,Normal,38,15,AssasineZombie,2,SCATTER,47.6,47.6,1
null,Normal,38,15,AssasineZombie,4,SCATTER,47.6,47.6,2
null,Normal,38,15,AdvKnifePotionZombie,2,SCATTER,47.6,47.6,1
null,Normal,38,15,AdvKnifePotionZombie,2,SCATTER,47.6,47.6,2
null,Normal,38,15,HighArmoredBossZombie,1,LINE_LEFT,47.6,47.6,2
null,Normal,39,1,ZombieMan,2,SCATTER,4.45,4.45,1
null,Normal,39,1,ZombieMan,3,SCATTER,4.45,4.45,2
null,Normal,39,1,BasketZombie,1,SCATTER,4.45,4.45,1
null,Normal,39,1,BasketZombie,1,SCATTER,4.45,4.45,2
null,Normal,39,1,NeighborZombie,1,SCATTER,4.45,4.45,1
null,Normal,39,1,NeighborZombie,1,SCATTER,4.45,4.45,2
null,Normal,39,2,ZombieMan,2,SCATTER,7.62,7.62,1
null,Normal,39,2,ZombieMan,4,SCATTER,7.62,7.62,2
null,Normal,39,2,BasketZombie,1,SCATTER,7.62,7.62,1
null,Normal,39,2,BasketZombie,1,SCATTER,7.62,7.62,2
null,Normal,39,2,NeighborZombie,1,SCATTER,7.62,7.62,1
null,Normal,39,2,NeighborZombie,1,SCATTER,7.62,7.62,2
null,Normal,39,3,ZombieMan,3,SCATTER,10.79,10.79,1
null,Normal,39,3,ZombieMan,5,SCATTER,10.79,10.79,2
null,Normal,39,3,BasketZombie,1,SCATTER,10.79,10.79,1
null,Normal,39,3,BasketZombie,1,SCATTER,10.79,10.79,2
null,Normal,39,3,NeighborZombie,1,SCATTER,10.79,10.79,1
null,Normal,39,3,NeighborZombie,1,SCATTER,10.79,10.79,2
null,Normal,39,4,ZombieMan,2,SCATTER,13.95,13.95,1
null,Normal,39,4,ZombieMan,3,SCATTER,13.95,13.95,2
null,Normal,39,4,BasketZombie,1,SCATTER,13.95,13.95,1
null,Normal,39,4,BasketZombie,2,SCATTER,13.95,13.95,2
null,Normal,39,4,NeighborZombie,1,SCATTER,13.95,13.95,1
null,Normal,39,4,NeighborZombie,2,SCATTER,13.95,13.95,2
null,Normal,39,5,BasketZombie,1,SCATTER,17.12,17.12,1
null,Normal,39,5,BasketZombie,2,SCATTER,17.12,17.12,2
null,Normal,39,5,NeighborZombie,1,SCATTER,17.12,17.12,1
null,Normal,39,5,NeighborZombie,2,SCATTER,17.12,17.12,2
null,Normal,39,5,AdvArmoredZombie,1,LINE_CENTER,17.12,17.12,1
null,Normal,39,5,AdvArmoredZombie,1,LINE_CENTER,17.12,17.12,2
null,Normal,39,5,ZombieBoss,1,LINE_LEFT,17.12,17.12,2
null,Normal,39,6,ZombieMan,1,SCATTER,20.29,20.29,2
null,Normal,39,6,BasketZombie,2,SCATTER,20.29,20.29,1
null,Normal,39,6,BasketZombie,2,SCATTER,20.29,20.29,2
null,Normal,39,6,NeighborZombie,2,SCATTER,20.29,20.29,1
null,Normal,39,6,NeighborZombie,2,SCATTER,20.29,20.29,2
null,Normal,39,6,AdvArmoredZombie,1,LINE_CENTER,20.29,20.29,1
null,Normal,39,6,AdvArmoredZombie,1,LINE_CENTER,20.29,20.29,2
null,Normal,39,7,ZombieMan,1,SCATTER,23.46,23.46,1
null,Normal,39,7,ZombieMan,2,SCATTER,23.46,23.46,2
null,Normal,39,7,BasketZombie,2,SCATTER,23.46,23.46,1
null,Normal,39,7,BasketZombie,2,SCATTER,23.46,23.46,2
null,Normal,39,7,NeighborZombie,2,SCATTER,23.46,23.46,1
null,Normal,39,7,NeighborZombie,2,SCATTER,23.46,23.46,2
null,Normal,39,7,AdvArmoredZombie,1,LINE_CENTER,23.46,23.46,1
null,Normal,39,7,AdvArmoredZombie,1,LINE_CENTER,23.46,23.46,2
null,Normal,39,8,ZombieMan,1,SCATTER,26.62,26.62,1
null,Normal,39,8,ZombieMan,2,SCATTER,26.62,26.62,2
null,Normal,39,8,BasketZombie,2,SCATTER,26.62,26.62,1
null,Normal,39,8,BasketZombie,2,SCATTER,26.62,26.62,2
null,Normal,39,8,NeighborZombie,2,SCATTER,26.62,26.62,1
null,Normal,39,8,NeighborZombie,2,SCATTER,26.62,26.62,2
null,Normal,39,8,AdvArmoredZombie,1,LINE_CENTER,26.62,26.62,1
null,Normal,39,8,AdvArmoredZombie,2,LINE_CENTER,26.62,26.62,2
null,Normal,39,9,BasketZombie,2,SCATTER,29.79,29.79,1
null,Normal,39,9,BasketZombie,3,SCATTER,29.79,29.79,2
null,Normal,39,9,NeighborZombie,2,SCATTER,29.79,29.79,1
null,Normal,39,9,NeighborZombie,3,SCATTER,29.79,29.79,2
null,Normal,39,9,AdvArmoredZombie,1,LINE_CENTER,29.79,29.79,1
null,Normal,39,9,AdvArmoredZombie,2,LINE_CENTER,29.79,29.79,2
null,Normal,39,10,BasketZombie,2,SCATTER,32.96,32.96,1
null,Normal,39,10,BasketZombie,3,SCATTER,32.96,32.96,2
null,Normal,39,10,NeighborZombie,2,SCATTER,32.96,32.96,1
null,Normal,39,10,NeighborZombie,3,SCATTER,32.96,32.96,2
null,Normal,39,10,AdvArmoredZombie,2,LINE_CENTER,32.96,32.96,1
null,Normal,39,10,AdvArmoredZombie,2,LINE_CENTER,32.96,32.96,2
null,Normal,39,10,AdvSupZombie,1,LINE_LEFT,32.96,32.96,1
null,Normal,39,10,AdvSupZombie,1,LINE_LEFT,32.96,32.96,2
null,Normal,39,10,HighArmoredBossZombie,1,LINE_LEFT,32.96,32.96,2
null,Normal,39,11,BasketZombie,2,SCATTER,36.13,36.13,1
null,Normal,39,11,BasketZombie,4,SCATTER,36.13,36.13,2
null,Normal,39,11,NeighborZombie,2,SCATTER,36.13,36.13,1
null,Normal,39,11,NeighborZombie,4,SCATTER,36.13,36.13,2
null,Normal,39,11,AdvArmoredZombie,2,LINE_CENTER,36.13,36.13,1
null,Normal,39,11,AdvArmoredZombie,2,LINE_CENTER,36.13,36.13,2
null,Normal,39,11,AdvSupZombie,1,LINE_LEFT,36.13,36.13,1
null,Normal,39,11,AdvSupZombie,1,LINE_LEFT,36.13,36.13,2
null,Normal,39,12,BasketZombie,2,SCATTER,39.3,39.3,1
null,Normal,39,12,BasketZombie,4,SCATTER,39.3,39.3,2
null,Normal,39,12,NeighborZombie,2,SCATTER,39.3,39.3,1
null,Normal,39,12,NeighborZombie,4,SCATTER,39.3,39.3,2
null,Normal,39,12,AdvArmoredZombie,2,LINE_CENTER,39.3,39.3,1
null,Normal,39,12,AdvArmoredZombie,2,LINE_CENTER,39.3,39.3,2
null,Normal,39,12,AdvSupZombie,1,LINE_LEFT,39.3,39.3,1
null,Normal,39,12,AdvSupZombie,1,LINE_LEFT,39.3,39.3,2
null,Normal,39,13,BasketZombie,2,SCATTER,42.46,42.46,1
null,Normal,39,13,BasketZombie,4,SCATTER,42.46,42.46,2
null,Normal,39,13,NeighborZombie,2,SCATTER,42.46,42.46,1
null,Normal,39,13,NeighborZombie,4,SCATTER,42.46,42.46,2
null,Normal,39,13,AdvArmoredZombie,2,LINE_CENTER,42.46,42.46,1
null,Normal,39,13,AdvArmoredZombie,3,LINE_CENTER,42.46,42.46,2
null,Normal,39,13,AdvSupZombie,1,LINE_LEFT,42.46,42.46,1
null,Normal,39,13,AdvSupZombie,2,LINE_LEFT,42.46,42.46,2
null,Normal,39,14,BasketZombie,3,SCATTER,45.63,45.63,1
null,Normal,39,14,BasketZombie,4,SCATTER,45.63,45.63,2
null,Normal,39,14,NeighborZombie,3,SCATTER,45.63,45.63,1
null,Normal,39,14,NeighborZombie,4,SCATTER,45.63,45.63,2
null,Normal,39,14,AdvArmoredZombie,2,LINE_CENTER,45.63,45.63,1
null,Normal,39,14,AdvArmoredZombie,3,LINE_CENTER,45.63,45.63,2
null,Normal,39,14,AdvSupZombie,1,LINE_LEFT,45.63,45.63,1
null,Normal,39,14,AdvSupZombie,2,LINE_LEFT,45.63,45.63,2
null,Normal,39,15,BasketZombie,3,SCATTER,48.8,48.8,1
null,Normal,39,15,BasketZombie,4,SCATTER,48.8,48.8,2
null,Normal,39,15,NeighborZombie,3,SCATTER,48.8,48.8,1
null,Normal,39,15,NeighborZombie,4,SCATTER,48.8,48.8,2
null,Normal,39,15,AdvArmoredZombie,2,LINE_CENTER,48.8,48.8,1
null,Normal,39,15,AdvArmoredZombie,4,LINE_CENTER,48.8,48.8,2
null,Normal,39,15,AdvSupZombie,2,LINE_LEFT,48.8,48.8,1
null,Normal,39,15,AdvSupZombie,2,LINE_LEFT,48.8,48.8,2
null,Normal,39,15,AdvandMagBossZombie,1,LINE_LEFT,48.8,48.8,2
null,Normal,40,1,ZombieMan,2,SCATTER,4.55,4.55,1
null,Normal,40,1,ZombieMan,3,SCATTER,4.55,4.55,2
null,Normal,40,1,NeighborZombie,1,SCATTER,4.55,4.55,1
null,Normal,40,1,NeighborZombie,1,SCATTER,4.55,4.55,2
null,Normal,40,1,BasketZombie,1,SCATTER,4.55,4.55,1
null,Normal,40,1,BasketZombie,1,SCATTER,4.55,4.55,2
null,Normal,40,2,ZombieMan,2,SCATTER,7.74,7.74,1
null,Normal,40,2,ZombieMan,4,SCATTER,7.74,7.74,2
null,Normal,40,2,NeighborZombie,1,SCATTER,7.74,7.74,1
null,Normal,40,2,NeighborZombie,1,SCATTER,7.74,7.74,2
null,Normal,40,2,BasketZombie,1,SCATTER,7.74,7.74,1
null,Normal,40,2,BasketZombie,1,SCATTER,7.74,7.74,2
null,Normal,40,3,ZombieMan,3,SCATTER,10.93,10.93,1
null,Normal,40,3,ZombieMan,5,SCATTER,10.93,10.93,2
null,Normal,40,3,NeighborZombie,1,SCATTER,10.93,10.93,1
null,Normal,40,3,NeighborZombie,1,SCATTER,10.93,10.93,2
null,Normal,40,3,BasketZombie,1,SCATTER,10.93,10.93,1
null,Normal,40,3,BasketZombie,1,SCATTER,10.93,10.93,2
null,Normal,40,4,ZombieMan,2,SCATTER,14.12,14.12,1
null,Normal,40,4,ZombieMan,3,SCATTER,14.12,14.12,2
null,Normal,40,4,NeighborZombie,1,SCATTER,14.12,14.12,1
null,Normal,40,4,NeighborZombie,2,SCATTER,14.12,14.12,2
null,Normal,40,4,BasketZombie,1,SCATTER,14.12,14.12,1
null,Normal,40,4,BasketZombie,2,SCATTER,14.12,14.12,2
null,Normal,40,5,ZombieMan,1,SCATTER,17.31,17.31,1
null,Normal,40,5,ZombieMan,2,SCATTER,17.31,17.31,2
null,Normal,40,5,NeighborZombie,1,SCATTER,17.31,17.31,1
null,Normal,40,5,NeighborZombie,2,SCATTER,17.31,17.31,2
null,Normal,40,5,BasketZombie,1,SCATTER,17.31,17.31,1
null,Normal,40,5,BasketZombie,2,SCATTER,17.31,17.31,2
null,Normal,40,5,ZombieBoss,1,LINE_LEFT,17.31,17.31,2
null,Normal,40,6,NeighborZombie,2,SCATTER,20.5,20.5,1
null,Normal,40,6,NeighborZombie,2,SCATTER,20.5,20.5,2
null,Normal,40,6,BasketZombie,2,SCATTER,20.5,20.5,1
null,Normal,40,6,BasketZombie,2,SCATTER,20.5,20.5,2
null,Normal,40,6,AssasineZombie,1,SCATTER,20.5,20.5,1
null,Normal,40,6,AssasineZombie,1,SCATTER,20.5,20.5,2
null,Normal,40,7,ZombieMan,1,SCATTER,23.69,23.69,1
null,Normal,40,7,ZombieMan,1,SCATTER,23.69,23.69,2
null,Normal,40,7,NeighborZombie,2,SCATTER,23.69,23.69,1
null,Normal,40,7,NeighborZombie,2,SCATTER,23.69,23.69,2
null,Normal,40,7,BasketZombie,2,SCATTER,23.69,23.69,1
null,Normal,40,7,BasketZombie,2,SCATTER,23.69,23.69,2
null,Normal,40,7,AssasineZombie,1,SCATTER,23.69,23.69,1
null,Normal,40,7,AssasineZombie,1,SCATTER,23.69,23.69,2
null,Normal,40,8,ZombieMan,1,SCATTER,26.88,26.88,1
null,Normal,40,8,ZombieMan,2,SCATTER,26.88,26.88,2
null,Normal,40,8,NeighborZombie,2,SCATTER,26.88,26.88,1
null,Normal,40,8,NeighborZombie,2,SCATTER,26.88,26.88,2
null,Normal,40,8,BasketZombie,2,SCATTER,26.88,26.88,1
null,Normal,40,8,BasketZombie,2,SCATTER,26.88,26.88,2
null,Normal,40,8,AssasineZombie,1,SCATTER,26.88,26.88,1
null,Normal,40,8,AssasineZombie,1,SCATTER,26.88,26.88,2
null,Normal,40,9,NeighborZombie,2,SCATTER,30.07,30.07,1
null,Normal,40,9,NeighborZombie,3,SCATTER,30.07,30.07,2
null,Normal,40,9,BasketZombie,2,SCATTER,30.07,30.07,1
null,Normal,40,9,BasketZombie,3,SCATTER,30.07,30.07,2
null,Normal,40,9,AssasineZombie,1,SCATTER,30.07,30.07,1
null,Normal,40,9,AssasineZombie,2,SCATTER,30.07,30.07,2
null,Normal,40,10,NeighborZombie,2,SCATTER,33.26,33.26,1
null,Normal,40,10,NeighborZombie,3,SCATTER,33.26,33.26,2
null,Normal,40,10,BasketZombie,2,SCATTER,33.26,33.26,1
null,Normal,40,10,BasketZombie,3,SCATTER,33.26,33.26,2
null,Normal,40,10,AssasineZombie,1,SCATTER,33.26,33.26,1
null,Normal,40,10,AssasineZombie,2,SCATTER,33.26,33.26,2
null,Normal,40,10,HighArmoredBossZombie,1,LINE_LEFT,33.26,33.26,2
null,Normal,40,11,NeighborZombie,2,SCATTER,36.44,36.44,1
null,Normal,40,11,NeighborZombie,4,SCATTER,36.44,36.44,2
null,Normal,40,11,BasketZombie,2,SCATTER,36.44,36.44,1
null,Normal,40,11,BasketZombie,4,SCATTER,36.44,36.44,2
null,Normal,40,11,AssasineZombie,2,SCATTER,36.44,36.44,1
null,Normal,40,11,AssasineZombie,2,SCATTER,36.44,36.44,2
null,Normal,40,11,AdvKnifeZombie,1,SCATTER,36.44,36.44,1
null,Normal,40,11,AdvKnifeZombie,1,SCATTER,36.44,36.44,2
null,Normal,40,12,NeighborZombie,2,SCATTER,39.63,39.63,1
null,Normal,40,12,NeighborZombie,4,SCATTER,39.63,39.63,2
null,Normal,40,12,BasketZombie,2,SCATTER,39.63,39.63,1
null,Normal,40,12,BasketZombie,4,SCATTER,39.63,39.63,2
null,Normal,40,12,AssasineZombie,2,SCATTER,39.63,39.63,1
null,Normal,40,12,AssasineZombie,2,SCATTER,39.63,39.63,2
null,Normal,40,12,AdvKnifeZombie,1,SCATTER,39.63,39.63,1
null,Normal,40,12,AdvKnifeZombie,1,SCATTER,39.63,39.63,2
null,Normal,40,13,NeighborZombie,2,SCATTER,42.82,42.82,1
null,Normal,40,13,NeighborZombie,4,SCATTER,42.82,42.82,2
null,Normal,40,13,BasketZombie,2,SCATTER,42.82,42.82,1
null,Normal,40,13,BasketZombie,4,SCATTER,42.82,42.82,2
null,Normal,40,13,AssasineZombie,2,SCATTER,42.82,42.82,1
null,Normal,40,13,AssasineZombie,2,SCATTER,42.82,42.82,2
null,Normal,40,13,AdvKnifeZombie,1,SCATTER,42.82,42.82,1
null,Normal,40,13,AdvKnifeZombie,1,SCATTER,42.82,42.82,2
null,Normal,40,14,NeighborZombie,3,SCATTER,46.01,46.01,1
null,Normal,40,14,NeighborZombie,4,SCATTER,46.01,46.01,2
null,Normal,40,14,BasketZombie,3,SCATTER,46.01,46.01,1
null,Normal,40,14,BasketZombie,4,SCATTER,46.01,46.01,2
null,Normal,40,14,AssasineZombie,2,SCATTER,46.01,46.01,1
null,Normal,40,14,AssasineZombie,3,SCATTER,46.01,46.01,2
null,Normal,40,14,AdvKnifeZombie,1,SCATTER,46.01,46.01,1
null,Normal,40,14,AdvKnifeZombie,2,SCATTER,46.01,46.01,2
null,Normal,40,15,NeighborZombie,3,SCATTER,49.2,49.2,1
null,Normal,40,15,NeighborZombie,4,SCATTER,49.2,49.2,2
null,Normal,40,15,BasketZombie,3,SCATTER,49.2,49.2,1
null,Normal,40,15,BasketZombie,4,SCATTER,49.2,49.2,2
null,Normal,40,15,AssasineZombie,2,SCATTER,49.2,49.2,1
null,Normal,40,15,AssasineZombie,3,SCATTER,49.2,49.2,2
null,Normal,40,15,AdvKnifeZombie,1,SCATTER,49.2,49.2,1
null,Normal,40,15,AdvKnifeZombie,2,SCATTER,49.2,49.2,2
null,Normal,40,15,AdvandMagBossZombie,1,LINE_LEFT,49.2,49.2,2
null,Normal,40,16,NeighborZombie,3,SCATTER,52.39,52.39,1
null,Normal,40,16,NeighborZombie,5,SCATTER,52.39,52.39,2
null,Normal,40,16,BasketZombie,3,SCATTER,52.39,52.39,1
null,Normal,40,16,BasketZombie,5,SCATTER,52.39,52.39,2
null,Normal,40,16,AssasineZombie,2,SCATTER,52.39,52.39,1
null,Normal,40,16,AssasineZombie,4,SCATTER,52.39,52.39,2
null,Normal,40,16,AdvKnifeZombie,2,SCATTER,52.39,52.39,1
null,Normal,40,16,AdvKnifeZombie,2,SCATTER,52.39,52.39,2
null,Normal,40,17,NeighborZombie,3,SCATTER,55.58,55.58,1
null,Normal,40,17,NeighborZombie,5,SCATTER,55.58,55.58,2
null,Normal,40,17,BasketZombie,3,SCATTER,55.58,55.58,1
null,Normal,40,17,BasketZombie,5,SCATTER,55.58,55.58,2
null,Normal,40,17,AssasineZombie,2,SCATTER,55.58,55.58,1
null,Normal,40,17,AssasineZombie,4,SCATTER,55.58,55.58,2
null,Normal,40,17,AdvKnifeZombie,2,SCATTER,55.58,55.58,1
null,Normal,40,17,AdvKnifeZombie,2,SCATTER,55.58,55.58,2
null,Normal,40,18,NeighborZombie,3,SCATTER,58.77,58.77,1
null,Normal,40,18,NeighborZombie,5,SCATTER,58.77,58.77,2
null,Normal,40,18,BasketZombie,3,SCATTER,58.77,58.77,1
null,Normal,40,18,BasketZombie,5,SCATTER,58.77,58.77,2
null,Normal,40,18,AssasineZombie,2,SCATTER,58.77,58.77,1
null,Normal,40,18,AssasineZombie,4,SCATTER,58.77,58.77,2
null,Normal,40,18,AdvKnifeZombie,2,SCATTER,58.77,58.77,1
null,Normal,40,18,AdvKnifeZombie,2,SCATTER,58.77,58.77,2
null,Normal,40,19,NeighborZombie,4,SCATTER,61.96,61.96,1
null,Normal,40,19,NeighborZombie,5,SCATTER,61.96,61.96,2
null,Normal,40,19,BasketZombie,4,SCATTER,61.96,61.96,1
null,Normal,40,19,BasketZombie,5,SCATTER,61.96,61.96,2
null,Normal,40,19,AssasineZombie,3,SCATTER,61.96,61.96,1
null,Normal,40,19,AssasineZombie,4,SCATTER,61.96,61.96,2
null,Normal,40,19,AdvKnifeZombie,2,SCATTER,61.96,61.96,1
null,Normal,40,19,AdvKnifeZombie,3,SCATTER,61.96,61.96,2
null,Normal,40,20,NeighborZombie,4,SCATTER,65.15,65.15,1
null,Normal,40,20,NeighborZombie,5,SCATTER,65.15,65.15,2
null,Normal,40,20,BasketZombie,4,SCATTER,65.15,65.15,1
null,Normal,40,20,BasketZombie,5,SCATTER,65.15,65.15,2
null,Normal,40,20,AssasineZombie,3,SCATTER,65.15,65.15,1
null,Normal,40,20,AssasineZombie,4,SCATTER,65.15,65.15,2
null,Normal,40,20,AdvKnifeZombie,2,SCATTER,65.15,65.15,1
null,Normal,40,20,AdvKnifeZombie,3,SCATTER,65.15,65.15,2
null,Normal,40,20,AdvBuskerZombie,1,LINE_LEFT,65.15,65.15,2
null,Hard,1,1,ZombieMan,5,SCATTER,1.0,1.0,1
null,Hard,1,1,ZombieMan,7,SCATTER,1.0,1.0,2
null,Hard,1,2,ZombieMan,6,SCATTER,1.16,1.16,1
null,Hard,1,2,ZombieMan,8,SCATTER,1.16,1.16,2
null,Hard,1,3,ZombieMan,6,SCATTER,1.32,1.32,1
null,Hard,1,3,ZombieMan,9,SCATTER,1.32,1.32,2
null,Hard,1,4,ZombieMan,6,SCATTER,1.47,1.47,1
null,Hard,1,4,ZombieMan,8,SCATTER,1.47,1.47,2
null,Hard,1,4,RushZombie,1,SCATTER,1.47,1.47,1
null,Hard,1,4,RushZombie,1,SCATTER,1.47,1.47,2
null,Hard,1,5,ZombieMan,4,SCATTER,1.63,1.63,1
null,Hard,1,5,ZombieMan,7,SCATTER,1.63,1.63,2
null,Hard,1,5,RushZombie,1,SCATTER,1.63,1.63,1
null,Hard,1,5,RushZombie,1,SCATTER,1.63,1.63,2
null,Hard,1,5,ZombieBoss,1,LINE_LEFT,1.63,1.63,2
null,Hard,1,6,ZombieMan,7,SCATTER,1.79,1.79,1
null,Hard,1,6,ZombieMan,10,SCATTER,1.79,1.79,2
null,Hard,1,6,RushZombie,1,SCATTER,1.79,1.79,1
null,Hard,1,6,RushZombie,1,SCATTER,1.79,1.79,2
null,Hard,1,7,ZombieMan,7,SCATTER,1.95,1.95,1
null,Hard,1,7,ZombieMan,10,SCATTER,1.95,1.95,2
null,Hard,1,7,RushZombie,1,SCATTER,1.95,1.95,1
null,Hard,1,7,RushZombie,2,SCATTER,1.95,1.95,2
null,Hard,1,8,ZombieMan,7,SCATTER,2.11,2.11,1
null,Hard,1,8,ZombieMan,11,SCATTER,2.11,2.11,2
null,Hard,1,8,RushZombie,1,SCATTER,2.11,2.11,1
null,Hard,1,8,RushZombie,2,SCATTER,2.11,2.11,2
null,Hard,1,9,ZombieMan,7,SCATTER,2.26,2.26,1
null,Hard,1,9,ZombieMan,10,SCATTER,2.26,2.26,2
null,Hard,1,9,RushZombie,2,SCATTER,2.26,2.26,1
null,Hard,1,9,RushZombie,2,SCATTER,2.26,2.26,2
null,Hard,1,9,ZzangDoleZombie,1,LINE_LEFT,2.26,2.26,1
null,Hard,1,9,ZzangDoleZombie,1,LINE_LEFT,2.26,2.26,2
null,Hard,1,10,ZombieMan,5,SCATTER,2.42,2.42,1
null,Hard,1,10,ZombieMan,8,SCATTER,2.42,2.42,2
null,Hard,1,10,RushZombie,2,SCATTER,2.42,2.42,1
null,Hard,1,10,RushZombie,2,SCATTER,2.42,2.42,2
null,Hard,1,10,ZzangDoleZombie,1,LINE_LEFT,2.42,2.42,1
null,Hard,1,10,ZzangDoleZombie,1,LINE_LEFT,2.42,2.42,2
null,Hard,1,10,RushZombieBoss,1,LINE_LEFT,2.42,2.42,2
null,Hard,1,11,ZombieMan,8,SCATTER,2.58,2.58,1
null,Hard,1,11,ZombieMan,12,SCATTER,2.58,2.58,2
null,Hard,1,11,RushZombie,2,SCATTER,2.58,2.58,1
null,Hard,1,11,RushZombie,2,SCATTER,2.58,2.58,2
null,Hard,1,11,ZzangDoleZombie,1,LINE_LEFT,2.58,2.58,1
null,Hard,1,11,ZzangDoleZombie,1,LINE_LEFT,2.58,2.58,2
null,Hard,1,12,ZombieMan,8,SCATTER,2.74,2.74,1
null,Hard,1,12,ZombieMan,11,SCATTER,2.74,2.74,2
null,Hard,1,12,RushZombie,2,SCATTER,2.74,2.74,1
null,Hard,1,12,RushZombie,3,SCATTER,2.74,2.74,2
null,Hard,1,12,ZzangDoleZombie,1,LINE_LEFT,2.74,2.74,1
null,Hard,1,12,ZzangDoleZombie,2,LINE_LEFT,2.74,2.74,2
null,Hard,1,13,ZombieMan,8,SCATTER,2.89,2.89,1
null,Hard,1,13,ZombieMan,12,SCATTER,2.89,2.89,2
null,Hard,1,13,RushZombie,2,SCATTER,2.89,2.89,1
null,Hard,1,13,RushZombie,3,SCATTER,2.89,2.89,2
null,Hard,1,13,ZzangDoleZombie,1,LINE_LEFT,2.89,2.89,1
null,Hard,1,13,ZzangDoleZombie,2,LINE_LEFT,2.89,2.89,2
null,Hard,1,14,ZombieMan,8,SCATTER,3.05,3.05,1
null,Hard,1,14,ZombieMan,12,SCATTER,3.05,3.05,2
null,Hard,1,14,RushZombie,2,SCATTER,3.05,3.05,1
null,Hard,1,14,RushZombie,4,SCATTER,3.05,3.05,2
null,Hard,1,14,ZzangDoleZombie,2,LINE_LEFT,3.05,3.05,1
null,Hard,1,14,ZzangDoleZombie,2,LINE_LEFT,3.05,3.05,2
null,Hard,1,15,ZombieMan,6,SCATTER,3.21,3.21,1
null,Hard,1,15,ZombieMan,9,SCATTER,3.21,3.21,2
null,Hard,1,15,RushZombie,2,SCATTER,3.21,3.21,1
null,Hard,1,15,RushZombie,4,SCATTER,3.21,3.21,2
null,Hard,1,15,ZzangDoleZombie,2,LINE_LEFT,3.21,3.21,1
null,Hard,1,15,ZzangDoleZombie,2,LINE_LEFT,3.21,3.21,2
null,Hard,1,15,ZzangDoleZombieBoss,1,LINE_LEFT,3.21,3.21,2
null,Hard,1,16,ZombieMan,9,SCATTER,3.37,3.37,1
null,Hard,1,16,ZombieMan,14,SCATTER,3.37,3.37,2
null,Hard,1,16,RushZombie,2,SCATTER,3.37,3.37,1
null,Hard,1,16,RushZombie,4,SCATTER,3.37,3.37,2
null,Hard,1,16,ZzangDoleZombie,2,LINE_LEFT,3.37,3.37,1
null,Hard,1,16,ZzangDoleZombie,2,LINE_LEFT,3.37,3.37,2
null,Hard,1,17,ZombieMan,9,SCATTER,3.53,3.53,1
null,Hard,1,17,ZombieMan,13,SCATTER,3.53,3.53,2
null,Hard,1,17,RushZombie,3,SCATTER,3.53,3.53,1
null,Hard,1,17,RushZombie,4,SCATTER,3.53,3.53,2
null,Hard,1,17,ZzangDoleZombie,2,LINE_LEFT,3.53,3.53,1
null,Hard,1,17,ZzangDoleZombie,3,LINE_LEFT,3.53,3.53,2
null,Hard,1,18,ZombieMan,10,SCATTER,3.68,3.68,1
null,Hard,1,18,ZombieMan,14,SCATTER,3.68,3.68,2
null,Hard,1,18,RushZombie,3,SCATTER,3.68,3.68,1
null,Hard,1,18,RushZombie,4,SCATTER,3.68,3.68,2
null,Hard,1,18,ZzangDoleZombie,2,LINE_LEFT,3.68,3.68,1
null,Hard,1,18,ZzangDoleZombie,3,LINE_LEFT,3.68,3.68,2
null,Hard,1,19,ZombieMan,9,SCATTER,3.84,3.84,1
null,Hard,1,19,ZombieMan,14,SCATTER,3.84,3.84,2
null,Hard,1,19,RushZombie,3,SCATTER,3.84,3.84,1
null,Hard,1,19,RushZombie,5,SCATTER,3.84,3.84,2
null,Hard,1,19,ZzangDoleZombie,2,LINE_LEFT,3.84,3.84,1
null,Hard,1,19,ZzangDoleZombie,4,LINE_LEFT,3.84,3.84,2
null,Hard,1,20,ZombieMan,6,SCATTER,4.0,4.0,1
null,Hard,1,20,ZombieMan,10,SCATTER,4.0,4.0,2
null,Hard,1,20,RushZombie,3,SCATTER,4.0,4.0,1
null,Hard,1,20,RushZombie,5,SCATTER,4.0,4.0,2
null,Hard,1,20,ZzangDoleZombie,2,LINE_LEFT,4.0,4.0,1
null,Hard,1,20,ZzangDoleZombie,4,LINE_LEFT,4.0,4.0,2
null,Hard,1,20,ZombieBoss,1,LINE_LEFT,4.0,4.0,2
null,Hard,1,20,ZzangDoleZombieBoss,1,LINE_LEFT,4.0,4.0,2
null,Hard,2,1,ZombieMan,5,SCATTER,1.25,1.25,1
null,Hard,2,1,ZombieMan,7,SCATTER,1.25,1.25,2
null,Hard,2,2,ZombieMan,6,SCATTER,1.47,1.47,1
null,Hard,2,2,ZombieMan,8,SCATTER,1.47,1.47,2
null,Hard,2,3,ZombieMan,6,SCATTER,1.7,1.7,1
null,Hard,2,3,ZombieMan,9,SCATTER,1.7,1.7,2
null,Hard,2,4,ZombieMan,5,SCATTER,1.92,1.92,1
null,Hard,2,4,ZombieMan,8,SCATTER,1.92,1.92,2
null,Hard,2,4,PushZombie,1,LINE_RIGHT,1.92,1.92,1
null,Hard,2,4,PushZombie,1,LINE_RIGHT,1.92,1.92,2
null,Hard,2,5,ZombieMan,4,SCATTER,2.14,2.14,1
null,Hard,2,5,ZombieMan,7,SCATTER,2.14,2.14,2
null,Hard,2,5,PushZombie,1,LINE_RIGHT,2.14,2.14,1
null,Hard,2,5,PushZombie,1,LINE_RIGHT,2.14,2.14,2
null,Hard,2,5,ZombieBoss,1,LINE_LEFT,2.14,2.14,2
null,Hard,2,6,ZombieMan,6,SCATTER,2.37,2.37,1
null,Hard,2,6,ZombieMan,10,SCATTER,2.37,2.37,2
null,Hard,2,6,PushZombie,1,LINE_RIGHT,2.37,2.37,1
null,Hard,2,6,PushZombie,1,LINE_RIGHT,2.37,2.37,2
null,Hard,2,7,ZombieMan,6,SCATTER,2.59,2.59,1
null,Hard,2,7,ZombieMan,10,SCATTER,2.59,2.59,2
null,Hard,2,7,PushZombie,1,LINE_RIGHT,2.59,2.59,1
null,Hard,2,7,PushZombie,2,LINE_RIGHT,2.59,2.59,2
null,Hard,2,8,ZombieMan,7,SCATTER,2.82,2.82,1
null,Hard,2,8,ZombieMan,11,SCATTER,2.82,2.82,2
null,Hard,2,8,PushZombie,1,LINE_RIGHT,2.82,2.82,1
null,Hard,2,8,PushZombie,2,LINE_RIGHT,2.82,2.82,2
null,Hard,2,9,ZombieMan,6,SCATTER,3.04,3.04,1
null,Hard,2,9,ZombieMan,10,SCATTER,3.04,3.04,2
null,Hard,2,9,PushZombie,2,LINE_RIGHT,3.04,3.04,1
null,Hard,2,9,PushZombie,2,LINE_RIGHT,3.04,3.04,2
null,Hard,2,9,ZzangDoleZombie,1,LINE_LEFT,3.04,3.04,1
null,Hard,2,9,ZzangDoleZombie,1,LINE_LEFT,3.04,3.04,2
null,Hard,2,10,ZombieMan,5,SCATTER,3.26,3.26,1
null,Hard,2,10,ZombieMan,8,SCATTER,3.26,3.26,2
null,Hard,2,10,PushZombie,2,LINE_RIGHT,3.26,3.26,1
null,Hard,2,10,PushZombie,2,LINE_RIGHT,3.26,3.26,2
null,Hard,2,10,ZzangDoleZombie,1,LINE_LEFT,3.26,3.26,1
null,Hard,2,10,ZzangDoleZombie,1,LINE_LEFT,3.26,3.26,2
null,Hard,2,10,PushZombieBoss,1,LINE_LEFT,3.26,3.26,2
null,Hard,2,11,ZombieMan,8,SCATTER,3.49,3.49,1
null,Hard,2,11,ZombieMan,11,SCATTER,3.49,3.49,2
null,Hard,2,11,PushZombie,2,LINE_RIGHT,3.49,3.49,1
null,Hard,2,11,PushZombie,2,LINE_RIGHT,3.49,3.49,2
null,Hard,2,11,ZzangDoleZombie,1,LINE_LEFT,3.49,3.49,1
null,Hard,2,11,ZzangDoleZombie,1,LINE_LEFT,3.49,3.49,2
null,Hard,2,12,ZombieMan,7,SCATTER,3.71,3.71,1
null,Hard,2,12,ZombieMan,11,SCATTER,3.71,3.71,2
null,Hard,2,12,PushZombie,2,LINE_RIGHT,3.71,3.71,1
null,Hard,2,12,PushZombie,3,LINE_RIGHT,3.71,3.71,2
null,Hard,2,12,ZzangDoleZombie,1,LINE_LEFT,3.71,3.71,1
null,Hard,2,12,ZzangDoleZombie,2,LINE_LEFT,3.71,3.71,2
null,Hard,2,13,ZombieMan,8,SCATTER,3.93,3.93,1
null,Hard,2,13,ZombieMan,12,SCATTER,3.93,3.93,2
null,Hard,2,13,PushZombie,2,LINE_RIGHT,3.93,3.93,1
null,Hard,2,13,PushZombie,3,LINE_RIGHT,3.93,3.93,2
null,Hard,2,13,ZzangDoleZombie,1,LINE_LEFT,3.93,3.93,1
null,Hard,2,13,ZzangDoleZombie,2,LINE_LEFT,3.93,3.93,2
null,Hard,2,14,ZombieMan,8,SCATTER,4.16,4.16,1
null,Hard,2,14,ZombieMan,11,SCATTER,4.16,4.16,2
null,Hard,2,14,PushZombie,2,LINE_RIGHT,4.16,4.16,1
null,Hard,2,14,PushZombie,4,LINE_RIGHT,4.16,4.16,2
null,Hard,2,14,ZzangDoleZombie,2,LINE_LEFT,4.16,4.16,1
null,Hard,2,14,ZzangDoleZombie,2,LINE_LEFT,4.16,4.16,2
null,Hard,2,15,ZombieMan,6,SCATTER,4.38,4.38,1
null,Hard,2,15,ZombieMan,8,SCATTER,4.38,4.38,2
null,Hard,2,15,PushZombie,2,LINE_RIGHT,4.38,4.38,1
null,Hard,2,15,PushZombie,4,LINE_RIGHT,4.38,4.38,2
null,Hard,2,15,ZzangDoleZombie,2,LINE_LEFT,4.38,4.38,1
null,Hard,2,15,ZzangDoleZombie,2,LINE_LEFT,4.38,4.38,2
null,Hard,2,15,ZzangDoleZombieBoss,1,LINE_LEFT,4.38,4.38,2
null,Hard,2,16,ZombieMan,9,SCATTER,4.61,4.61,1
null,Hard,2,16,ZombieMan,13,SCATTER,4.61,4.61,2
null,Hard,2,16,PushZombie,2,LINE_RIGHT,4.61,4.61,1
null,Hard,2,16,PushZombie,4,LINE_RIGHT,4.61,4.61,2
null,Hard,2,16,ZzangDoleZombie,2,LINE_LEFT,4.61,4.61,1
null,Hard,2,16,ZzangDoleZombie,2,LINE_LEFT,4.61,4.61,2
null,Hard,2,17,ZombieMan,8,SCATTER,4.83,4.83,1
null,Hard,2,17,ZombieMan,13,SCATTER,4.83,4.83,2
null,Hard,2,17,PushZombie,3,LINE_RIGHT,4.83,4.83,1
null,Hard,2,17,PushZombie,4,LINE_RIGHT,4.83,4.83,2
null,Hard,2,17,ZzangDoleZombie,2,LINE_LEFT,4.83,4.83,1
null,Hard,2,17,ZzangDoleZombie,3,LINE_LEFT,4.83,4.83,2
null,Hard,2,18,ZombieMan,9,SCATTER,5.05,5.05,1
null,Hard,2,18,ZombieMan,14,SCATTER,5.05,5.05,2
null,Hard,2,18,PushZombie,3,LINE_RIGHT,5.05,5.05,1
null,Hard,2,18,PushZombie,4,LINE_RIGHT,5.05,5.05,2
null,Hard,2,18,ZzangDoleZombie,2,LINE_LEFT,5.05,5.05,1
null,Hard,2,18,ZzangDoleZombie,3,LINE_LEFT,5.05,5.05,2
null,Hard,2,19,ZombieMan,9,SCATTER,5.28,5.28,1
null,Hard,2,19,ZombieMan,13,SCATTER,5.28,5.28,2
null,Hard,2,19,PushZombie,3,LINE_RIGHT,5.28,5.28,1
null,Hard,2,19,PushZombie,5,LINE_RIGHT,5.28,5.28,2
null,Hard,2,19,ZzangDoleZombie,2,LINE_LEFT,5.28,5.28,1
null,Hard,2,19,ZzangDoleZombie,4,LINE_LEFT,5.28,5.28,2
null,Hard,2,20,ZombieMan,6,SCATTER,5.5,5.5,1
null,Hard,2,20,ZombieMan,9,SCATTER,5.5,5.5,2
null,Hard,2,20,PushZombie,3,LINE_RIGHT,5.5,5.5,1
null,Hard,2,20,PushZombie,5,LINE_RIGHT,5.5,5.5,2
null,Hard,2,20,ZzangDoleZombie,2,LINE_LEFT,5.5,5.5,1
null,Hard,2,20,ZzangDoleZombie,4,LINE_LEFT,5.5,5.5,2
null,Hard,2,20,ZombieBoss,1,LINE_LEFT,5.5,5.5,2
null,Hard,2,20,PushZombieBoss,1,LINE_LEFT,5.5,5.5,2
null,Hard,3,1,ZombieMan,5,SCATTER,1.5,1.5,1
null,Hard,3,1,ZombieMan,7,SCATTER,1.5,1.5,2
null,Hard,3,2,ZombieMan,6,SCATTER,1.79,1.79,1
null,Hard,3,2,ZombieMan,8,SCATTER,1.79,1.79,2
null,Hard,3,3,ZombieMan,6,SCATTER,2.08,2.08,1
null,Hard,3,3,ZombieMan,9,SCATTER,2.08,2.08,2
null,Hard,3,4,ZombieMan,6,SCATTER,2.37,2.37,1
null,Hard,3,4,ZombieMan,8,SCATTER,2.37,2.37,2
null,Hard,3,4,BoomZombie,1,SCATTER,2.37,2.37,1
null,Hard,3,4,BoomZombie,1,SCATTER,2.37,2.37,2
null,Hard,3,5,ZombieMan,4,SCATTER,2.66,2.66,1
null,Hard,3,5,ZombieMan,7,SCATTER,2.66,2.66,2
null,Hard,3,5,BoomZombie,1,SCATTER,2.66,2.66,1
null,Hard,3,5,BoomZombie,1,SCATTER,2.66,2.66,2
null,Hard,3,5,BoomZombieBoss,1,LINE_LEFT,2.66,2.66,2
null,Hard,3,6,ZombieMan,7,SCATTER,2.95,2.95,1
null,Hard,3,6,ZombieMan,10,SCATTER,2.95,2.95,2
null,Hard,3,6,BoomZombie,1,SCATTER,2.95,2.95,1
null,Hard,3,6,BoomZombie,1,SCATTER,2.95,2.95,2
null,Hard,3,7,ZombieMan,7,SCATTER,3.24,3.24,1
null,Hard,3,7,ZombieMan,10,SCATTER,3.24,3.24,2
null,Hard,3,7,BoomZombie,1,SCATTER,3.24,3.24,1
null,Hard,3,7,BoomZombie,2,SCATTER,3.24,3.24,2
null,Hard,3,8,ZombieMan,7,SCATTER,3.53,3.53,1
null,Hard,3,8,ZombieMan,11,SCATTER,3.53,3.53,2
null,Hard,3,8,BoomZombie,1,SCATTER,3.53,3.53,1
null,Hard,3,8,BoomZombie,2,SCATTER,3.53,3.53,2
null,Hard,3,9,ZombieMan,6,SCATTER,3.82,3.82,1
null,Hard,3,9,ZombieMan,9,SCATTER,3.82,3.82,2
null,Hard,3,9,BoomZombie,2,SCATTER,3.82,3.82,1
null,Hard,3,9,BoomZombie,2,SCATTER,3.82,3.82,2
null,Hard,3,9,RushZombie,1,SCATTER,3.82,3.82,1
null,Hard,3,9,RushZombie,1,SCATTER,3.82,3.82,2
null,Hard,3,10,ZombieMan,4,SCATTER,4.11,4.11,1
null,Hard,3,10,ZombieMan,7,SCATTER,4.11,4.11,2
null,Hard,3,10,BoomZombie,2,SCATTER,4.11,4.11,1
null,Hard,3,10,BoomZombie,2,SCATTER,4.11,4.11,2
null,Hard,3,10,RushZombie,1,SCATTER,4.11,4.11,1
null,Hard,3,10,RushZombie,1,SCATTER,4.11,4.11,2
null,Hard,3,10,RushZombieBoss,1,LINE_LEFT,4.11,4.11,2
null,Hard,3,11,ZombieMan,7,SCATTER,4.39,4.39,1
null,Hard,3,11,ZombieMan,11,SCATTER,4.39,4.39,2
null,Hard,3,11,BoomZombie,2,SCATTER,4.39,4.39,1
null,Hard,3,11,BoomZombie,2,SCATTER,4.39,4.39,2
null,Hard,3,11,RushZombie,1,SCATTER,4.39,4.39,1
null,Hard,3,11,RushZombie,1,SCATTER,4.39,4.39,2
null,Hard,3,12,ZombieMan,7,SCATTER,4.68,4.68,1
null,Hard,3,12,ZombieMan,10,SCATTER,4.68,4.68,2
null,Hard,3,12,BoomZombie,2,SCATTER,4.68,4.68,1
null,Hard,3,12,BoomZombie,3,SCATTER,4.68,4.68,2
null,Hard,3,12,RushZombie,1,SCATTER,4.68,4.68,1
null,Hard,3,12,RushZombie,2,SCATTER,4.68,4.68,2
null,Hard,3,13,ZombieMan,7,SCATTER,4.97,4.97,1
null,Hard,3,13,ZombieMan,11,SCATTER,4.97,4.97,2
null,Hard,3,13,BoomZombie,2,SCATTER,4.97,4.97,1
null,Hard,3,13,BoomZombie,3,SCATTER,4.97,4.97,2
null,Hard,3,13,RushZombie,1,SCATTER,4.97,4.97,1
null,Hard,3,13,RushZombie,2,SCATTER,4.97,4.97,2
null,Hard,3,14,ZombieMan,7,SCATTER,5.26,5.26,1
null,Hard,3,14,ZombieMan,10,SCATTER,5.26,5.26,2
null,Hard,3,14,BoomZombie,2,SCATTER,5.26,5.26,1
null,Hard,3,14,BoomZombie,4,SCATTER,5.26,5.26,2
null,Hard,3,14,RushZombie,2,SCATTER,5.26,5.26,1
null,Hard,3,14,RushZombie,2,SCATTER,5.26,5.26,2
null,Hard,3,15,ZombieMan,4,SCATTER,5.55,5.55,1
null,Hard,3,15,ZombieMan,7,SCATTER,5.55,5.55,2
null,Hard,3,15,BoomZombie,2,SCATTER,5.55,5.55,1
null,Hard,3,15,BoomZombie,4,SCATTER,5.55,5.55,2
null,Hard,3,15,RushZombie,2,SCATTER,5.55,5.55,1
null,Hard,3,15,RushZombie,2,SCATTER,5.55,5.55,2
null,Hard,3,15,BoomZombieBoss,1,LINE_LEFT,5.55,5.55,2
null,Hard,3,16,ZombieMan,8,SCATTER,5.84,5.84,1
null,Hard,3,16,ZombieMan,12,SCATTER,5.84,5.84,2
null,Hard,3,16,BoomZombie,2,SCATTER,5.84,5.84,1
null,Hard,3,16,BoomZombie,4,SCATTER,5.84,5.84,2
null,Hard,3,16,RushZombie,2,SCATTER,5.84,5.84,1
null,Hard,3,16,RushZombie,2,SCATTER,5.84,5.84,2
null,Hard,3,17,ZombieMan,7,SCATTER,6.13,6.13,1
null,Hard,3,17,ZombieMan,11,SCATTER,6.13,6.13,2
null,Hard,3,17,BoomZombie,3,SCATTER,6.13,6.13,1
null,Hard,3,17,BoomZombie,4,SCATTER,6.13,6.13,2
null,Hard,3,17,RushZombie,2,SCATTER,6.13,6.13,1
null,Hard,3,17,RushZombie,3,SCATTER,6.13,6.13,2
null,Hard,3,18,ZombieMan,8,SCATTER,6.42,6.42,1
null,Hard,3,18,ZombieMan,12,SCATTER,6.42,6.42,2
null,Hard,3,18,BoomZombie,3,SCATTER,6.42,6.42,1
null,Hard,3,18,BoomZombie,4,SCATTER,6.42,6.42,2
null,Hard,3,18,RushZombie,2,SCATTER,6.42,6.42,1
null,Hard,3,18,RushZombie,3,SCATTER,6.42,6.42,2
null,Hard,3,19,ZombieMan,7,SCATTER,6.71,6.71,1
null,Hard,3,19,ZombieMan,11,SCATTER,6.71,6.71,2
null,Hard,3,19,BoomZombie,3,SCATTER,6.71,6.71,1
null,Hard,3,19,BoomZombie,5,SCATTER,6.71,6.71,2
null,Hard,3,19,RushZombie,2,SCATTER,6.71,6.71,1
null,Hard,3,19,RushZombie,4,SCATTER,6.71,6.71,2
null,Hard,3,20,ZombieMan,4,SCATTER,7.0,7.0,1
null,Hard,3,20,ZombieMan,7,SCATTER,7.0,7.0,2
null,Hard,3,20,BoomZombie,3,SCATTER,7.0,7.0,1
null,Hard,3,20,BoomZombie,5,SCATTER,7.0,7.0,2
null,Hard,3,20,RushZombie,2,SCATTER,7.0,7.0,1
null,Hard,3,20,RushZombie,4,SCATTER,7.0,7.0,2
null,Hard,3,20,RushZombieBoss,1,LINE_LEFT,7.0,7.0,2
null,Hard,3,20,BoomZombieBoss,1,LINE_LEFT,7.0,7.0,2
null,Hard,4,1,ZombieMan,5,SCATTER,1.75,1.75,1
null,Hard,4,1,ZombieMan,7,SCATTER,1.75,1.75,2
null,Hard,4,2,ZombieMan,6,SCATTER,2.11,2.11,1
null,Hard,4,2,ZombieMan,8,SCATTER,2.11,2.11,2
null,Hard,4,3,ZombieMan,6,SCATTER,2.46,2.46,1
null,Hard,4,3,ZombieMan,9,SCATTER,2.46,2.46,2
null,Hard,4,4,ZombieMan,6,SCATTER,2.82,2.82,1
null,Hard,4,4,ZombieMan,9,SCATTER,2.82,2.82,2
null,Hard,4,4,ZzangDoleZombie,1,LINE_LEFT,2.82,2.82,1
null,Hard,4,4,ZzangDoleZombie,1,LINE_LEFT,2.82,2.82,2
null,Hard,4,5,ZombieMan,5,SCATTER,3.17,3.17,1
null,Hard,4,5,ZombieMan,8,SCATTER,3.17,3.17,2
null,Hard,4,5,ZzangDoleZombie,1,LINE_LEFT,3.17,3.17,1
null,Hard,4,5,ZzangDoleZombie,1,LINE_LEFT,3.17,3.17,2
null,Hard,4,5,ZzangDoleZombieBoss,1,LINE_LEFT,3.17,3.17,2
null,Hard,4,6,ZombieMan,7,SCATTER,3.53,3.53,1
null,Hard,4,6,ZombieMan,11,SCATTER,3.53,3.53,2
null,Hard,4,6,ZzangDoleZombie,1,LINE_LEFT,3.53,3.53,1
null,Hard,4,6,ZzangDoleZombie,1,LINE_LEFT,3.53,3.53,2
null,Hard,4,7,ZombieMan,8,SCATTER,3.88,3.88,1
null,Hard,4,7,ZombieMan,11,SCATTER,3.88,3.88,2
null,Hard,4,7,ZzangDoleZombie,1,LINE_LEFT,3.88,3.88,1
null,Hard,4,7,ZzangDoleZombie,2,LINE_LEFT,3.88,3.88,2
null,Hard,4,8,ZombieMan,8,SCATTER,4.24,4.24,1
null,Hard,4,8,ZombieMan,12,SCATTER,4.24,4.24,2
null,Hard,4,8,ZzangDoleZombie,1,LINE_LEFT,4.24,4.24,1
null,Hard,4,8,ZzangDoleZombie,2,LINE_LEFT,4.24,4.24,2
null,Hard,4,9,ZombieMan,7,SCATTER,4.59,4.59,1
null,Hard,4,9,ZombieMan,11,SCATTER,4.59,4.59,2
null,Hard,4,9,ZzangDoleZombie,2,LINE_LEFT,4.59,4.59,1
null,Hard,4,9,ZzangDoleZombie,2,LINE_LEFT,4.59,4.59,2
null,Hard,4,9,PushZombie,1,LINE_RIGHT,4.59,4.59,1
null,Hard,4,9,PushZombie,1,LINE_RIGHT,4.59,4.59,2
null,Hard,4,10,ZombieMan,6,SCATTER,4.95,4.95,1
null,Hard,4,10,ZombieMan,8,SCATTER,4.95,4.95,2
null,Hard,4,10,ZzangDoleZombie,2,LINE_LEFT,4.95,4.95,1
null,Hard,4,10,ZzangDoleZombie,2,LINE_LEFT,4.95,4.95,2
null,Hard,4,10,PushZombie,1,LINE_RIGHT,4.95,4.95,1
null,Hard,4,10,PushZombie,1,LINE_RIGHT,4.95,4.95,2
null,Hard,4,10,PushZombieBoss,1,LINE_LEFT,4.95,4.95,2
null,Hard,4,11,ZombieMan,8,SCATTER,5.3,5.3,1
null,Hard,4,11,ZombieMan,13,SCATTER,5.3,5.3,2
null,Hard,4,11,ZzangDoleZombie,2,LINE_LEFT,5.3,5.3,1
null,Hard,4,11,ZzangDoleZombie,2,LINE_LEFT,5.3,5.3,2
null,Hard,4,11,PushZombie,1,LINE_RIGHT,5.3,5.3,1
null,Hard,4,11,PushZombie,1,LINE_RIGHT,5.3,5.3,2
null,Hard,4,12,ZombieMan,8,SCATTER,5.66,5.66,1
null,Hard,4,12,ZombieMan,12,SCATTER,5.66,5.66,2
null,Hard,4,12,ZzangDoleZombie,2,LINE_LEFT,5.66,5.66,1
null,Hard,4,12,ZzangDoleZombie,3,LINE_LEFT,5.66,5.66,2
null,Hard,4,12,PushZombie,1,LINE_RIGHT,5.66,5.66,1
null,Hard,4,12,PushZombie,2,LINE_RIGHT,5.66,5.66,2
null,Hard,4,13,ZombieMan,9,SCATTER,6.01,6.01,1
null,Hard,4,13,ZombieMan,13,SCATTER,6.01,6.01,2
null,Hard,4,13,ZzangDoleZombie,2,LINE_LEFT,6.01,6.01,1
null,Hard,4,13,ZzangDoleZombie,3,LINE_LEFT,6.01,6.01,2
null,Hard,4,13,PushZombie,1,LINE_RIGHT,6.01,6.01,1
null,Hard,4,13,PushZombie,2,LINE_RIGHT,6.01,6.01,2
null,Hard,4,14,ZombieMan,7,SCATTER,6.37,6.37,1
null,Hard,4,14,ZombieMan,11,SCATTER,6.37,6.37,2
null,Hard,4,14,ZzangDoleZombie,2,LINE_LEFT,6.37,6.37,1
null,Hard,4,14,ZzangDoleZombie,4,LINE_LEFT,6.37,6.37,2
null,Hard,4,14,PushZombie,2,LINE_RIGHT,6.37,6.37,1
null,Hard,4,14,PushZombie,2,LINE_RIGHT,6.37,6.37,2
null,Hard,4,14,BoomZombie,1,SCATTER,6.37,6.37,1
null,Hard,4,14,BoomZombie,1,SCATTER,6.37,6.37,2
null,Hard,4,15,ZombieMan,5,SCATTER,6.72,6.72,1
null,Hard,4,15,ZombieMan,8,SCATTER,6.72,6.72,2
null,Hard,4,15,ZzangDoleZombie,2,LINE_LEFT,6.72,6.72,1
null,Hard,4,15,ZzangDoleZombie,4,LINE_LEFT,6.72,6.72,2
null,Hard,4,15,PushZombie,2,LINE_RIGHT,6.72,6.72,1
null,Hard,4,15,PushZombie,2,LINE_RIGHT,6.72,6.72,2
null,Hard,4,15,BoomZombie,1,SCATTER,6.72,6.72,1
null,Hard,4,15,BoomZombie,1,SCATTER,6.72,6.72,2
null,Hard,4,15,BoomZombieBoss,1,LINE_LEFT,6.72,6.72,2
null,Hard,4,16,ZombieMan,8,SCATTER,7.08,7.08,1
null,Hard,4,16,ZombieMan,13,SCATTER,7.08,7.08,2
null,Hard,4,16,ZzangDoleZombie,2,LINE_LEFT,7.08,7.08,1
null,Hard,4,16,ZzangDoleZombie,4,LINE_LEFT,7.08,7.08,2
null,Hard,4,16,PushZombie,2,LINE_RIGHT,7.08,7.08,1
null,Hard,4,16,PushZombie,2,LINE_RIGHT,7.08,7.08,2
null,Hard,4,16,BoomZombie,1,SCATTER,7.08,7.08,1
null,Hard,4,16,BoomZombie,1,SCATTER,7.08,7.08,2
null,Hard,4,17,ZombieMan,8,SCATTER,7.43,7.43,1
null,Hard,4,17,ZombieMan,11,SCATTER,7.43,7.43,2
null,Hard,4,17,ZzangDoleZombie,3,LINE_LEFT,7.43,7.43,1
null,Hard,4,17,ZzangDoleZombie,4,LINE_LEFT,7.43,7.43,2
null,Hard,4,17,PushZombie,2,LINE_RIGHT,7.43,7.43,1
null,Hard,4,17,PushZombie,3,LINE_RIGHT,7.43,7.43,2
null,Hard,4,17,BoomZombie,1,SCATTER,7.43,7.43,1
null,Hard,4,17,BoomZombie,2,SCATTER,7.43,7.43,2
null,Hard,4,18,ZombieMan,8,SCATTER,7.79,7.79,1
null,Hard,4,18,ZombieMan,12,SCATTER,7.79,7.79,2
null,Hard,4,18,ZzangDoleZombie,3,LINE_LEFT,7.79,7.79,1
null,Hard,4,18,ZzangDoleZombie,4,LINE_LEFT,7.79,7.79,2
null,Hard,4,18,PushZombie,2,LINE_RIGHT,7.79,7.79,1
null,Hard,4,18,PushZombie,3,LINE_RIGHT,7.79,7.79,2
null,Hard,4,18,BoomZombie,1,SCATTER,7.79,7.79,1
null,Hard,4,18,BoomZombie,2,SCATTER,7.79,7.79,2
null,Hard,4,19,ZombieMan,7,SCATTER,8.14,8.14,1
null,Hard,4,19,ZombieMan,11,SCATTER,8.14,8.14,2
null,Hard,4,19,ZzangDoleZombie,3,LINE_LEFT,8.14,8.14,1
null,Hard,4,19,ZzangDoleZombie,5,LINE_LEFT,8.14,8.14,2
null,Hard,4,19,PushZombie,2,LINE_RIGHT,8.14,8.14,1
null,Hard,4,19,PushZombie,4,LINE_RIGHT,8.14,8.14,2
null,Hard,4,19,BoomZombie,2,SCATTER,8.14,8.14,1
null,Hard,4,19,BoomZombie,2,SCATTER,8.14,8.14,2
null,Hard,4,20,ZombieMan,4,SCATTER,8.5,8.5,1
null,Hard,4,20,ZombieMan,7,SCATTER,8.5,8.5,2
null,Hard,4,20,ZzangDoleZombie,3,LINE_LEFT,8.5,8.5,1
null,Hard,4,20,ZzangDoleZombie,5,LINE_LEFT,8.5,8.5,2
null,Hard,4,20,PushZombie,2,LINE_RIGHT,8.5,8.5,1
null,Hard,4,20,PushZombie,4,LINE_RIGHT,8.5,8.5,2
null,Hard,4,20,BoomZombie,2,SCATTER,8.5,8.5,1
null,Hard,4,20,BoomZombie,2,SCATTER,8.5,8.5,2
null,Hard,4,20,PushZombieBoss,1,LINE_LEFT,8.5,8.5,2
null,Hard,4,20,BoomZombieBoss,1,LINE_LEFT,8.5,8.5,2
null,Hard,5,1,ZombieMan,5,SCATTER,2.0,2.0,1
null,Hard,5,1,ZombieMan,7,SCATTER,2.0,2.0,2
null,Hard,5,2,ZombieMan,6,SCATTER,2.42,2.42,1
null,Hard,5,2,ZombieMan,8,SCATTER,2.42,2.42,2
null,Hard,5,3,ZombieMan,6,SCATTER,2.84,2.84,1
null,Hard,5,3,ZombieMan,9,SCATTER,2.84,2.84,2
null,Hard,5,4,ZombieMan,6,SCATTER,3.26,3.26,1
null,Hard,5,4,ZombieMan,8,SCATTER,3.26,3.26,2
null,Hard,5,4,RushZombie,1,SCATTER,3.26,3.26,1
null,Hard,5,4,RushZombie,1,SCATTER,3.26,3.26,2
null,Hard,5,5,ZombieMan,4,SCATTER,3.68,3.68,1
null,Hard,5,5,ZombieMan,7,SCATTER,3.68,3.68,2
null,Hard,5,5,RushZombie,1,SCATTER,3.68,3.68,1
null,Hard,5,5,RushZombie,1,SCATTER,3.68,3.68,2
null,Hard,5,5,RushZombieBoss2,1,LINE_LEFT,3.68,3.68,2
null,Hard,5,6,ZombieMan,7,SCATTER,4.11,4.11,1
null,Hard,5,6,ZombieMan,10,SCATTER,4.11,4.11,2
null,Hard,5,6,RushZombie,1,SCATTER,4.11,4.11,1
null,Hard,5,6,RushZombie,1,SCATTER,4.11,4.11,2
null,Hard,5,7,ZombieMan,7,SCATTER,4.53,4.53,1
null,Hard,5,7,ZombieMan,10,SCATTER,4.53,4.53,2
null,Hard,5,7,RushZombie,1,SCATTER,4.53,4.53,1
null,Hard,5,7,RushZombie,2,SCATTER,4.53,4.53,2
null,Hard,5,8,ZombieMan,7,SCATTER,4.95,4.95,1
null,Hard,5,8,ZombieMan,11,SCATTER,4.95,4.95,2
null,Hard,5,8,RushZombie,1,SCATTER,4.95,4.95,1
null,Hard,5,8,RushZombie,2,SCATTER,4.95,4.95,2
null,Hard,5,9,ZombieMan,6,SCATTER,5.37,5.37,1
null,Hard,5,9,ZombieMan,9,SCATTER,5.37,5.37,2
null,Hard,5,9,RushZombie,2,SCATTER,5.37,5.37,1
null,Hard,5,9,RushZombie,2,SCATTER,5.37,5.37,2
null,Hard,5,9,BoomZombie,1,SCATTER,5.37,5.37,1
null,Hard,5,9,BoomZombie,1,SCATTER,5.37,5.37,2
null,Hard,5,10,ZombieMan,4,SCATTER,5.79,5.79,1
null,Hard,5,10,ZombieMan,7,SCATTER,5.79,5.79,2
null,Hard,5,10,RushZombie,2,SCATTER,5.79,5.79,1
null,Hard,5,10,RushZombie,2,SCATTER,5.79,5.79,2
null,Hard,5,10,BoomZombie,1,SCATTER,5.79,5.79,1
null,Hard,5,10,BoomZombie,1,SCATTER,5.79,5.79,2
null,Hard,5,10,BoomZombieBoss,1,LINE_LEFT,5.79,5.79,2
null,Hard,5,11,ZombieMan,7,SCATTER,6.21,6.21,1
null,Hard,5,11,ZombieMan,11,SCATTER,6.21,6.21,2
null,Hard,5,11,RushZombie,2,SCATTER,6.21,6.21,1
null,Hard,5,11,RushZombie,2,SCATTER,6.21,6.21,2
null,Hard,5,11,BoomZombie,1,SCATTER,6.21,6.21,1
null,Hard,5,11,BoomZombie,1,SCATTER,6.21,6.21,2
null,Hard,5,12,ZombieMan,7,SCATTER,6.63,6.63,1
null,Hard,5,12,ZombieMan,10,SCATTER,6.63,6.63,2
null,Hard,5,12,RushZombie,2,SCATTER,6.63,6.63,1
null,Hard,5,12,RushZombie,3,SCATTER,6.63,6.63,2
null,Hard,5,12,BoomZombie,1,SCATTER,6.63,6.63,1
null,Hard,5,12,BoomZombie,2,SCATTER,6.63,6.63,2
null,Hard,5,13,ZombieMan,7,SCATTER,7.05,7.05,1
null,Hard,5,13,ZombieMan,11,SCATTER,7.05,7.05,2
null,Hard,5,13,RushZombie,2,SCATTER,7.05,7.05,1
null,Hard,5,13,RushZombie,3,SCATTER,7.05,7.05,2
null,Hard,5,13,BoomZombie,1,SCATTER,7.05,7.05,1
null,Hard,5,13,BoomZombie,2,SCATTER,7.05,7.05,2
null,Hard,5,14,ZombieMan,7,SCATTER,7.47,7.47,1
null,Hard,5,14,ZombieMan,10,SCATTER,7.47,7.47,2
null,Hard,5,14,RushZombie,2,SCATTER,7.47,7.47,1
null,Hard,5,14,RushZombie,4,SCATTER,7.47,7.47,2
null,Hard,5,14,BoomZombie,2,SCATTER,7.47,7.47,1
null,Hard,5,14,BoomZombie,2,SCATTER,7.47,7.47,2
null,Hard,5,15,ZombieMan,4,SCATTER,7.89,7.89,1
null,Hard,5,15,ZombieMan,7,SCATTER,7.89,7.89,2
null,Hard,5,15,RushZombie,2,SCATTER,7.89,7.89,1
null,Hard,5,15,RushZombie,4,SCATTER,7.89,7.89,2
null,Hard,5,15,BoomZombie,2,SCATTER,7.89,7.89,1
null,Hard,5,15,BoomZombie,2,SCATTER,7.89,7.89,2
null,Hard,5,15,RushZombieBoss,1,LINE_LEFT,7.89,7.89,2
null,Hard,5,16,ZombieMan,8,SCATTER,8.32,8.32,1
null,Hard,5,16,ZombieMan,12,SCATTER,8.32,8.32,2
null,Hard,5,16,RushZombie,2,SCATTER,8.32,8.32,1
null,Hard,5,16,RushZombie,4,SCATTER,8.32,8.32,2
null,Hard,5,16,BoomZombie,2,SCATTER,8.32,8.32,1
null,Hard,5,16,BoomZombie,2,SCATTER,8.32,8.32,2
null,Hard,5,17,ZombieMan,7,SCATTER,8.74,8.74,1
null,Hard,5,17,ZombieMan,11,SCATTER,8.74,8.74,2
null,Hard,5,17,RushZombie,3,SCATTER,8.74,8.74,1
null,Hard,5,17,RushZombie,4,SCATTER,8.74,8.74,2
null,Hard,5,17,BoomZombie,2,SCATTER,8.74,8.74,1
null,Hard,5,17,BoomZombie,3,SCATTER,8.74,8.74,2
null,Hard,5,18,ZombieMan,8,SCATTER,9.16,9.16,1
null,Hard,5,18,ZombieMan,12,SCATTER,9.16,9.16,2
null,Hard,5,18,RushZombie,3,SCATTER,9.16,9.16,1
null,Hard,5,18,RushZombie,4,SCATTER,9.16,9.16,2
null,Hard,5,18,BoomZombie,2,SCATTER,9.16,9.16,1
null,Hard,5,18,BoomZombie,3,SCATTER,9.16,9.16,2
null,Hard,5,19,ZombieMan,7,SCATTER,9.58,9.58,1
null,Hard,5,19,ZombieMan,11,SCATTER,9.58,9.58,2
null,Hard,5,19,RushZombie,3,SCATTER,9.58,9.58,1
null,Hard,5,19,RushZombie,5,SCATTER,9.58,9.58,2
null,Hard,5,19,BoomZombie,2,SCATTER,9.58,9.58,1
null,Hard,5,19,BoomZombie,4,SCATTER,9.58,9.58,2
null,Hard,5,20,ZombieMan,4,SCATTER,10.0,10.0,1
null,Hard,5,20,ZombieMan,7,SCATTER,10.0,10.0,2
null,Hard,5,20,RushZombie,3,SCATTER,10.0,10.0,1
null,Hard,5,20,RushZombie,5,SCATTER,10.0,10.0,2
null,Hard,5,20,BoomZombie,2,SCATTER,10.0,10.0,1
null,Hard,5,20,BoomZombie,4,SCATTER,10.0,10.0,2
null,Hard,5,20,RushZombieBoss2,1,LINE_LEFT,10.0,10.0,2
null,Hard,5,20,BoomZombieBoss,1,LINE_LEFT,10.0,10.0,2
null,Hard,6,1,ZombieMan,5,SCATTER,2.25,2.25,1
null,Hard,6,1,ZombieMan,7,SCATTER,2.25,2.25,2
null,Hard,6,2,ZombieMan,6,SCATTER,2.74,2.74,1
null,Hard,6,2,ZombieMan,8,SCATTER,2.74,2.74,2
null,Hard,6,3,ZombieMan,6,SCATTER,3.22,3.22,1
null,Hard,6,3,ZombieMan,9,SCATTER,3.22,3.22,2
null,Hard,6,4,ZombieMan,5,SCATTER,3.71,3.71,1
null,Hard,6,4,ZombieMan,8,SCATTER,3.71,3.71,2
null,Hard,6,4,PushZombie,1,LINE_RIGHT,3.71,3.71,1
null,Hard,6,4,PushZombie,1,LINE_RIGHT,3.71,3.71,2
null,Hard,6,5,ZombieMan,4,SCATTER,4.2,4.2,1
null,Hard,6,5,ZombieMan,7,SCATTER,4.2,4.2,2
null,Hard,6,5,PushZombie,1,LINE_RIGHT,4.2,4.2,1
null,Hard,6,5,PushZombie,1,LINE_RIGHT,4.2,4.2,2
null,Hard,6,5,PushZombieBoss,1,LINE_LEFT,4.2,4.2,2
null,Hard,6,6,ZombieMan,6,SCATTER,4.68,4.68,1
null,Hard,6,6,ZombieMan,10,SCATTER,4.68,4.68,2
null,Hard,6,6,PushZombie,1,LINE_RIGHT,4.68,4.68,1
null,Hard,6,6,PushZombie,1,LINE_RIGHT,4.68,4.68,2
null,Hard,6,7,ZombieMan,6,SCATTER,5.17,5.17,1
null,Hard,6,7,ZombieMan,10,SCATTER,5.17,5.17,2
null,Hard,6,7,PushZombie,1,LINE_RIGHT,5.17,5.17,1
null,Hard,6,7,PushZombie,2,LINE_RIGHT,5.17,5.17,2
null,Hard,6,8,ZombieMan,7,SCATTER,5.66,5.66,1
null,Hard,6,8,ZombieMan,11,SCATTER,5.66,5.66,2
null,Hard,6,8,PushZombie,1,LINE_RIGHT,5.66,5.66,1
null,Hard,6,8,PushZombie,2,LINE_RIGHT,5.66,5.66,2
null,Hard,6,9,ZombieMan,6,SCATTER,6.14,6.14,1
null,Hard,6,9,ZombieMan,9,SCATTER,6.14,6.14,2
null,Hard,6,9,PushZombie,2,LINE_RIGHT,6.14,6.14,1
null,Hard,6,9,PushZombie,2,LINE_RIGHT,6.14,6.14,2
null,Hard,6,9,RushZombie,1,SCATTER,6.14,6.14,1
null,Hard,6,9,RushZombie,1,SCATTER,6.14,6.14,2
null,Hard,6,10,ZombieMan,4,SCATTER,6.63,6.63,1
null,Hard,6,10,ZombieMan,7,SCATTER,6.63,6.63,2
null,Hard,6,10,PushZombie,2,LINE_RIGHT,6.63,6.63,1
null,Hard,6,10,PushZombie,2,LINE_RIGHT,6.63,6.63,2
null,Hard,6,10,RushZombie,1,SCATTER,6.63,6.63,1
null,Hard,6,10,RushZombie,1,SCATTER,6.63,6.63,2
null,Hard,6,10,RushZombieBoss,1,LINE_LEFT,6.63,6.63,2
null,Hard,6,11,ZombieMan,7,SCATTER,7.12,7.12,1
null,Hard,6,11,ZombieMan,11,SCATTER,7.12,7.12,2
null,Hard,6,11,PushZombie,2,LINE_RIGHT,7.12,7.12,1
null,Hard,6,11,PushZombie,2,LINE_RIGHT,7.12,7.12,2
null,Hard,6,11,RushZombie,1,SCATTER,7.12,7.12,1
null,Hard,6,11,RushZombie,1,SCATTER,7.12,7.12,2
null,Hard,6,12,ZombieMan,6,SCATTER,7.61,7.61,1
null,Hard,6,12,ZombieMan,10,SCATTER,7.61,7.61,2
null,Hard,6,12,PushZombie,2,LINE_RIGHT,7.61,7.61,1
null,Hard,6,12,PushZombie,3,LINE_RIGHT,7.61,7.61,2
null,Hard,6,12,RushZombie,1,SCATTER,7.61,7.61,1
null,Hard,6,12,RushZombie,2,SCATTER,7.61,7.61,2
null,Hard,6,13,ZombieMan,7,SCATTER,8.09,8.09,1
null,Hard,6,13,ZombieMan,11,SCATTER,8.09,8.09,2
null,Hard,6,13,PushZombie,2,LINE_RIGHT,8.09,8.09,1
null,Hard,6,13,PushZombie,3,LINE_RIGHT,8.09,8.09,2
null,Hard,6,13,RushZombie,1,SCATTER,8.09,8.09,1
null,Hard,6,13,RushZombie,2,SCATTER,8.09,8.09,2
null,Hard,6,14,ZombieMan,6,SCATTER,8.58,8.58,1
null,Hard,6,14,ZombieMan,9,SCATTER,8.58,8.58,2
null,Hard,6,14,PushZombie,2,LINE_RIGHT,8.58,8.58,1
null,Hard,6,14,PushZombie,4,LINE_RIGHT,8.58,8.58,2
null,Hard,6,14,RushZombie,2,SCATTER,8.58,8.58,1
null,Hard,6,14,RushZombie,2,SCATTER,8.58,8.58,2
null,Hard,6,14,ZzangDoleZombie,1,LINE_LEFT,8.58,8.58,1
null,Hard,6,14,ZzangDoleZombie,1,LINE_LEFT,8.58,8.58,2
null,Hard,6,15,ZombieMan,4,SCATTER,9.07,9.07,1
null,Hard,6,15,ZombieMan,5,SCATTER,9.07,9.07,2
null,Hard,6,15,PushZombie,2,LINE_RIGHT,9.07,9.07,1
null,Hard,6,15,PushZombie,4,LINE_RIGHT,9.07,9.07,2
null,Hard,6,15,RushZombie,2,SCATTER,9.07,9.07,1
null,Hard,6,15,RushZombie,2,SCATTER,9.07,9.07,2
null,Hard,6,15,ZzangDoleZombie,1,LINE_LEFT,9.07,9.07,1
null,Hard,6,15,ZzangDoleZombie,1,LINE_LEFT,9.07,9.07,2
null,Hard,6,15,ZzangDoleZombieBoss,1,LINE_LEFT,9.07,9.07,2
null,Hard,6,16,ZombieMan,7,SCATTER,9.55,9.55,1
null,Hard,6,16,ZombieMan,11,SCATTER,9.55,9.55,2
null,Hard,6,16,PushZombie,2,LINE_RIGHT,9.55,9.55,1
null,Hard,6,16,PushZombie,4,LINE_RIGHT,9.55,9.55,2
null,Hard,6,16,RushZombie,2,SCATTER,9.55,9.55,1
null,Hard,6,16,RushZombie,2,SCATTER,9.55,9.55,2
null,Hard,6,16,ZzangDoleZombie,1,LINE_LEFT,9.55,9.55,1
null,Hard,6,16,ZzangDoleZombie,1,LINE_LEFT,9.55,9.55,2
null,Hard,6,17,ZombieMan,6,SCATTER,10.04,10.04,1
null,Hard,6,17,ZombieMan,9,SCATTER,10.04,10.04,2
null,Hard,6,17,PushZombie,3,LINE_RIGHT,10.04,10.04,1
null,Hard,6,17,PushZombie,4,LINE_RIGHT,10.04,10.04,2
null,Hard,6,17,RushZombie,2,SCATTER,10.04,10.04,1
null,Hard,6,17,RushZombie,3,SCATTER,10.04,10.04,2
null,Hard,6,17,ZzangDoleZombie,1,LINE_LEFT,10.04,10.04,1
null,Hard,6,17,ZzangDoleZombie,2,LINE_LEFT,10.04,10.04,2
null,Hard,6,18,ZombieMan,7,SCATTER,10.53,10.53,1
null,Hard,6,18,ZombieMan,10,SCATTER,10.53,10.53,2
null,Hard,6,18,PushZombie,3,LINE_RIGHT,10.53,10.53,1
null,Hard,6,18,PushZombie,4,LINE_RIGHT,10.53,10.53,2
null,Hard,6,18,RushZombie,2,SCATTER,10.53,10.53,1
null,Hard,6,18,RushZombie,3,SCATTER,10.53,10.53,2
null,Hard,6,18,ZzangDoleZombie,1,LINE_LEFT,10.53,10.53,1
null,Hard,6,18,ZzangDoleZombie,2,LINE_LEFT,10.53,10.53,2
null,Hard,6,19,ZombieMan,6,SCATTER,11.01,11.01,1
null,Hard,6,19,ZombieMan,8,SCATTER,11.01,11.01,2
null,Hard,6,19,PushZombie,3,LINE_RIGHT,11.01,11.01,1
null,Hard,6,19,PushZombie,5,LINE_RIGHT,11.01,11.01,2
null,Hard,6,19,RushZombie,2,SCATTER,11.01,11.01,1
null,Hard,6,19,RushZombie,4,SCATTER,11.01,11.01,2
null,Hard,6,19,ZzangDoleZombie,2,LINE_LEFT,11.01,11.01,1
null,Hard,6,19,ZzangDoleZombie,2,LINE_LEFT,11.01,11.01,2
null,Hard,6,20,ZombieMan,3,SCATTER,11.5,11.5,1
null,Hard,6,20,ZombieMan,5,SCATTER,11.5,11.5,2
null,Hard,6,20,PushZombie,3,LINE_RIGHT,11.5,11.5,1
null,Hard,6,20,PushZombie,5,LINE_RIGHT,11.5,11.5,2
null,Hard,6,20,RushZombie,2,SCATTER,11.5,11.5,1
null,Hard,6,20,RushZombie,4,SCATTER,11.5,11.5,2
null,Hard,6,20,ZzangDoleZombie,2,LINE_LEFT,11.5,11.5,1
null,Hard,6,20,ZzangDoleZombie,2,LINE_LEFT,11.5,11.5,2
null,Hard,6,20,PushZombieBoss,1,LINE_LEFT,11.5,11.5,2
null,Hard,6,20,RushZombieBoss,1,LINE_LEFT,11.5,11.5,2
null,Hard,7,1,ZombieMan,5,SCATTER,2.5,2.5,1
null,Hard,7,1,ZombieMan,7,SCATTER,2.5,2.5,2
null,Hard,7,2,ZombieMan,6,SCATTER,3.05,3.05,1
null,Hard,7,2,ZombieMan,8,SCATTER,3.05,3.05,2
null,Hard,7,3,ZombieMan,6,SCATTER,3.61,3.61,1
null,Hard,7,3,ZombieMan,9,SCATTER,3.61,3.61,2
null,Hard,7,4,ZombieMan,6,SCATTER,4.16,4.16,1
null,Hard,7,4,ZombieMan,8,SCATTER,4.16,4.16,2
null,Hard,7,4,BoomZombie,1,SCATTER,4.16,4.16,1
null,Hard,7,4,BoomZombie,1,SCATTER,4.16,4.16,2
null,Hard,7,5,ZombieMan,4,SCATTER,4.71,4.71,1
null,Hard,7,5,ZombieMan,7,SCATTER,4.71,4.71,2
null,Hard,7,5,BoomZombie,1,SCATTER,4.71,4.71,1
null,Hard,7,5,BoomZombie,1,SCATTER,4.71,4.71,2
null,Hard,7,5,BoomZombieBoss,1,LINE_LEFT,4.71,4.71,2
null,Hard,7,6,ZombieMan,7,SCATTER,5.26,5.26,1
null,Hard,7,6,ZombieMan,10,SCATTER,5.26,5.26,2
null,Hard,7,6,BoomZombie,1,SCATTER,5.26,5.26,1
null,Hard,7,6,BoomZombie,1,SCATTER,5.26,5.26,2
null,Hard,7,7,ZombieMan,7,SCATTER,5.82,5.82,1
null,Hard,7,7,ZombieMan,10,SCATTER,5.82,5.82,2
null,Hard,7,7,BoomZombie,1,SCATTER,5.82,5.82,1
null,Hard,7,7,BoomZombie,2,SCATTER,5.82,5.82,2
null,Hard,7,8,ZombieMan,7,SCATTER,6.37,6.37,1
null,Hard,7,8,ZombieMan,11,SCATTER,6.37,6.37,2
null,Hard,7,8,BoomZombie,1,SCATTER,6.37,6.37,1
null,Hard,7,8,BoomZombie,2,SCATTER,6.37,6.37,2
null,Hard,7,9,ZombieMan,6,SCATTER,6.92,6.92,1
null,Hard,7,9,ZombieMan,9,SCATTER,6.92,6.92,2
null,Hard,7,9,BoomZombie,2,SCATTER,6.92,6.92,1
null,Hard,7,9,BoomZombie,2,SCATTER,6.92,6.92,2
null,Hard,7,9,PushZombie,1,LINE_RIGHT,6.92,6.92,1
null,Hard,7,9,PushZombie,1,LINE_RIGHT,6.92,6.92,2
null,Hard,7,10,ZombieMan,4,SCATTER,7.47,7.47,1
null,Hard,7,10,ZombieMan,7,SCATTER,7.47,7.47,2
null,Hard,7,10,BoomZombie,2,SCATTER,7.47,7.47,1
null,Hard,7,10,BoomZombie,2,SCATTER,7.47,7.47,2
null,Hard,7,10,PushZombie,1,LINE_RIGHT,7.47,7.47,1
null,Hard,7,10,PushZombie,1,LINE_RIGHT,7.47,7.47,2
null,Hard,7,10,PushZombieBoss,1,LINE_LEFT,7.47,7.47,2
null,Hard,7,11,ZombieMan,7,SCATTER,8.03,8.03,1
null,Hard,7,11,ZombieMan,11,SCATTER,8.03,8.03,2
null,Hard,7,11,BoomZombie,2,SCATTER,8.03,8.03,1
null,Hard,7,11,BoomZombie,2,SCATTER,8.03,8.03,2
null,Hard,7,11,PushZombie,1,LINE_RIGHT,8.03,8.03,1
null,Hard,7,11,PushZombie,1,LINE_RIGHT,8.03,8.03,2
null,Hard,7,12,ZombieMan,6,SCATTER,8.58,8.58,1
null,Hard,7,12,ZombieMan,10,SCATTER,8.58,8.58,2
null,Hard,7,12,BoomZombie,2,SCATTER,8.58,8.58,1
null,Hard,7,12,BoomZombie,3,SCATTER,8.58,8.58,2
null,Hard,7,12,PushZombie,1,LINE_RIGHT,8.58,8.58,1
null,Hard,7,12,PushZombie,2,LINE_RIGHT,8.58,8.58,2
null,Hard,7,13,ZombieMan,7,SCATTER,9.13,9.13,1
null,Hard,7,13,ZombieMan,11,SCATTER,9.13,9.13,2
null,Hard,7,13,BoomZombie,2,SCATTER,9.13,9.13,1
null,Hard,7,13,BoomZombie,3,SCATTER,9.13,9.13,2
null,Hard,7,13,PushZombie,1,LINE_RIGHT,9.13,9.13,1
null,Hard,7,13,PushZombie,2,LINE_RIGHT,9.13,9.13,2
null,Hard,7,14,ZombieMan,6,SCATTER,9.68,9.68,1
null,Hard,7,14,ZombieMan,10,SCATTER,9.68,9.68,2
null,Hard,7,14,BoomZombie,2,SCATTER,9.68,9.68,1
null,Hard,7,14,BoomZombie,4,SCATTER,9.68,9.68,2
null,Hard,7,14,PushZombie,2,LINE_RIGHT,9.68,9.68,1
null,Hard,7,14,PushZombie,2,LINE_RIGHT,9.68,9.68,2
null,Hard,7,15,ZombieMan,4,SCATTER,10.24,10.24,1
null,Hard,7,15,ZombieMan,7,SCATTER,10.24,10.24,2
null,Hard,7,15,BoomZombie,2,SCATTER,10.24,10.24,1
null,Hard,7,15,BoomZombie,4,SCATTER,10.24,10.24,2
null,Hard,7,15,PushZombie,2,LINE_RIGHT,10.24,10.24,1
null,Hard,7,15,PushZombie,2,LINE_RIGHT,10.24,10.24,2
null,Hard,7,15,BoomZombieBoss,1,LINE_LEFT,10.24,10.24,2
null,Hard,7,16,ZombieMan,8,SCATTER,10.79,10.79,1
null,Hard,7,16,ZombieMan,11,SCATTER,10.79,10.79,2
null,Hard,7,16,BoomZombie,2,SCATTER,10.79,10.79,1
null,Hard,7,16,BoomZombie,4,SCATTER,10.79,10.79,2
null,Hard,7,16,PushZombie,2,LINE_RIGHT,10.79,10.79,1
null,Hard,7,16,PushZombie,2,LINE_RIGHT,10.79,10.79,2
null,Hard,7,17,ZombieMan,7,SCATTER,11.34,11.34,1
null,Hard,7,17,ZombieMan,11,SCATTER,11.34,11.34,2
null,Hard,7,17,BoomZombie,3,SCATTER,11.34,11.34,1
null,Hard,7,17,BoomZombie,4,SCATTER,11.34,11.34,2
null,Hard,7,17,PushZombie,2,LINE_RIGHT,11.34,11.34,1
null,Hard,7,17,PushZombie,3,LINE_RIGHT,11.34,11.34,2
null,Hard,7,18,ZombieMan,8,SCATTER,11.89,11.89,1
null,Hard,7,18,ZombieMan,11,SCATTER,11.89,11.89,2
null,Hard,7,18,BoomZombie,3,SCATTER,11.89,11.89,1
null,Hard,7,18,BoomZombie,4,SCATTER,11.89,11.89,2
null,Hard,7,18,PushZombie,2,LINE_RIGHT,11.89,11.89,1
null,Hard,7,18,PushZombie,3,LINE_RIGHT,11.89,11.89,2
null,Hard,7,19,ZombieMan,7,SCATTER,12.45,12.45,1
null,Hard,7,19,ZombieMan,10,SCATTER,12.45,12.45,2
null,Hard,7,19,BoomZombie,3,SCATTER,12.45,12.45,1
null,Hard,7,19,BoomZombie,5,SCATTER,12.45,12.45,2
null,Hard,7,19,PushZombie,2,LINE_RIGHT,12.45,12.45,1
null,Hard,7,19,PushZombie,4,LINE_RIGHT,12.45,12.45,2
null,Hard,7,20,ZombieMan,4,SCATTER,13.0,13.0,1
null,Hard,7,20,ZombieMan,7,SCATTER,13.0,13.0,2
null,Hard,7,20,BoomZombie,3,SCATTER,13.0,13.0,1
null,Hard,7,20,BoomZombie,5,SCATTER,13.0,13.0,2
null,Hard,7,20,PushZombie,2,LINE_RIGHT,13.0,13.0,1
null,Hard,7,20,PushZombie,4,LINE_RIGHT,13.0,13.0,2
null,Hard,7,20,BoomZombieBoss,1,LINE_LEFT,13.0,13.0,2
null,Hard,7,20,PushZombieBoss,1,LINE_LEFT,13.0,13.0,2
null,Hard,8,1,ZombieMan,5,SCATTER,2.75,2.75,1
null,Hard,8,1,ZombieMan,7,SCATTER,2.75,2.75,2
null,Hard,8,2,ZombieMan,6,SCATTER,3.37,3.37,1
null,Hard,8,2,ZombieMan,8,SCATTER,3.37,3.37,2
null,Hard,8,3,ZombieMan,6,SCATTER,3.99,3.99,1
null,Hard,8,3,ZombieMan,9,SCATTER,3.99,3.99,2
null,Hard,8,4,ZombieMan,6,SCATTER,4.61,4.61,1
null,Hard,8,4,ZombieMan,9,SCATTER,4.61,4.61,2
null,Hard,8,4,ZzangDoleZombie,1,LINE_LEFT,4.61,4.61,1
null,Hard,8,4,ZzangDoleZombie,1,LINE_LEFT,4.61,4.61,2
null,Hard,8,5,ZombieMan,5,SCATTER,5.22,5.22,1
null,Hard,8,5,ZombieMan,8,SCATTER,5.22,5.22,2
null,Hard,8,5,ZzangDoleZombie,1,LINE_LEFT,5.22,5.22,1
null,Hard,8,5,ZzangDoleZombie,1,LINE_LEFT,5.22,5.22,2
null,Hard,8,5,ZzangDoleZombieBoss,1,LINE_LEFT,5.22,5.22,2
null,Hard,8,6,ZombieMan,7,SCATTER,5.84,5.84,1
null,Hard,8,6,ZombieMan,11,SCATTER,5.84,5.84,2
null,Hard,8,6,ZzangDoleZombie,1,LINE_LEFT,5.84,5.84,1
null,Hard,8,6,ZzangDoleZombie,1,LINE_LEFT,5.84,5.84,2
null,Hard,8,7,ZombieMan,8,SCATTER,6.46,6.46,1
null,Hard,8,7,ZombieMan,11,SCATTER,6.46,6.46,2
null,Hard,8,7,ZzangDoleZombie,1,LINE_LEFT,6.46,6.46,1
null,Hard,8,7,ZzangDoleZombie,2,LINE_LEFT,6.46,6.46,2
null,Hard,8,8,ZombieMan,8,SCATTER,7.08,7.08,1
null,Hard,8,8,ZombieMan,12,SCATTER,7.08,7.08,2
null,Hard,8,8,ZzangDoleZombie,1,LINE_LEFT,7.08,7.08,1
null,Hard,8,8,ZzangDoleZombie,2,LINE_LEFT,7.08,7.08,2
null,Hard,8,9,ZombieMan,7,SCATTER,7.7,7.7,1
null,Hard,8,9,ZombieMan,11,SCATTER,7.7,7.7,2
null,Hard,8,9,ZzangDoleZombie,2,LINE_LEFT,7.7,7.7,1
null,Hard,8,9,ZzangDoleZombie,2,LINE_LEFT,7.7,7.7,2
null,Hard,8,9,RushZombie,1,SCATTER,7.7,7.7,1
null,Hard,8,9,RushZombie,1,SCATTER,7.7,7.7,2
null,Hard,8,10,ZombieMan,6,SCATTER,8.32,8.32,1
null,Hard,8,10,ZombieMan,9,SCATTER,8.32,8.32,2
null,Hard,8,10,ZzangDoleZombie,2,LINE_LEFT,8.32,8.32,1
null,Hard,8,10,ZzangDoleZombie,2,LINE_LEFT,8.32,8.32,2
null,Hard,8,10,RushZombie,1,SCATTER,8.32,8.32,1
null,Hard,8,10,RushZombie,1,SCATTER,8.32,8.32,2
null,Hard,8,10,RushZombieBoss2,1,LINE_LEFT,8.32,8.32,2
null,Hard,8,11,ZombieMan,8,SCATTER,8.93,8.93,1
null,Hard,8,11,ZombieMan,13,SCATTER,8.93,8.93,2
null,Hard,8,11,ZzangDoleZombie,2,LINE_LEFT,8.93,8.93,1
null,Hard,8,11,ZzangDoleZombie,2,LINE_LEFT,8.93,8.93,2
null,Hard,8,11,RushZombie,1,SCATTER,8.93,8.93,1
null,Hard,8,11,RushZombie,1,SCATTER,8.93,8.93,2
null,Hard,8,12,ZombieMan,8,SCATTER,9.55,9.55,1
null,Hard,8,12,ZombieMan,13,SCATTER,9.55,9.55,2
null,Hard,8,12,ZzangDoleZombie,2,LINE_LEFT,9.55,9.55,1
null,Hard,8,12,ZzangDoleZombie,3,LINE_LEFT,9.55,9.55,2
null,Hard,8,12,RushZombie,1,SCATTER,9.55,9.55,1
null,Hard,8,12,RushZombie,2,SCATTER,9.55,9.55,2
null,Hard,8,13,ZombieMan,9,SCATTER,10.17,10.17,1
null,Hard,8,13,ZombieMan,13,SCATTER,10.17,10.17,2
null,Hard,8,13,ZzangDoleZombie,2,LINE_LEFT,10.17,10.17,1
null,Hard,8,13,ZzangDoleZombie,3,LINE_LEFT,10.17,10.17,2
null,Hard,8,13,RushZombie,1,SCATTER,10.17,10.17,1
null,Hard,8,13,RushZombie,2,SCATTER,10.17,10.17,2
null,Hard,8,14,ZombieMan,7,SCATTER,10.79,10.79,1
null,Hard,8,14,ZombieMan,11,SCATTER,10.79,10.79,2
null,Hard,8,14,ZzangDoleZombie,2,LINE_LEFT,10.79,10.79,1
null,Hard,8,14,ZzangDoleZombie,4,LINE_LEFT,10.79,10.79,2
null,Hard,8,14,RushZombie,2,SCATTER,10.79,10.79,1
null,Hard,8,14,RushZombie,2,SCATTER,10.79,10.79,2
null,Hard,8,14,BoomZombie,1,SCATTER,10.79,10.79,1
null,Hard,8,14,BoomZombie,1,SCATTER,10.79,10.79,2
null,Hard,8,15,ZombieMan,5,SCATTER,11.41,11.41,1
null,Hard,8,15,ZombieMan,8,SCATTER,11.41,11.41,2
null,Hard,8,15,ZzangDoleZombie,2,LINE_LEFT,11.41,11.41,1
null,Hard,8,15,ZzangDoleZombie,4,LINE_LEFT,11.41,11.41,2
null,Hard,8,15,RushZombie,2,SCATTER,11.41,11.41,1
null,Hard,8,15,RushZombie,2,SCATTER,11.41,11.41,2
null,Hard,8,15,BoomZombie,1,SCATTER,11.41,11.41,1
null,Hard,8,15,BoomZombie,1,SCATTER,11.41,11.41,2
null,Hard,8,15,BoomZombieBoss,1,LINE_LEFT,11.41,11.41,2
null,Hard,8,16,ZombieMan,8,SCATTER,12.03,12.03,1
null,Hard,8,16,ZombieMan,13,SCATTER,12.03,12.03,2
null,Hard,8,16,ZzangDoleZombie,2,LINE_LEFT,12.03,12.03,1
null,Hard,8,16,ZzangDoleZombie,4,LINE_LEFT,12.03,12.03,2
null,Hard,8,16,RushZombie,2,SCATTER,12.03,12.03,1
null,Hard,8,16,RushZombie,2,SCATTER,12.03,12.03,2
null,Hard,8,16,BoomZombie,1,SCATTER,12.03,12.03,1
null,Hard,8,16,BoomZombie,1,SCATTER,12.03,12.03,2
null,Hard,8,17,ZombieMan,8,SCATTER,12.64,12.64,1
null,Hard,8,17,ZombieMan,11,SCATTER,12.64,12.64,2
null,Hard,8,17,ZzangDoleZombie,3,LINE_LEFT,12.64,12.64,1
null,Hard,8,17,ZzangDoleZombie,4,LINE_LEFT,12.64,12.64,2
null,Hard,8,17,RushZombie,2,SCATTER,12.64,12.64,1
null,Hard,8,17,RushZombie,3,SCATTER,12.64,12.64,2
null,Hard,8,17,BoomZombie,1,SCATTER,12.64,12.64,1
null,Hard,8,17,BoomZombie,2,SCATTER,12.64,12.64,2
null,Hard,8,18,ZombieMan,8,SCATTER,13.26,13.26,1
null,Hard,8,18,ZombieMan,13,SCATTER,13.26,13.26,2
null,Hard,8,18,ZzangDoleZombie,3,LINE_LEFT,13.26,13.26,1
null,Hard,8,18,ZzangDoleZombie,4,LINE_LEFT,13.26,13.26,2
null,Hard,8,18,RushZombie,2,SCATTER,13.26,13.26,1
null,Hard,8,18,RushZombie,3,SCATTER,13.26,13.26,2
null,Hard,8,18,BoomZombie,1,SCATTER,13.26,13.26,1
null,Hard,8,18,BoomZombie,2,SCATTER,13.26,13.26,2
null,Hard,8,19,ZombieMan,7,SCATTER,13.88,13.88,1
null,Hard,8,19,ZombieMan,11,SCATTER,13.88,13.88,2
null,Hard,8,19,ZzangDoleZombie,3,LINE_LEFT,13.88,13.88,1
null,Hard,8,19,ZzangDoleZombie,5,LINE_LEFT,13.88,13.88,2
null,Hard,8,19,RushZombie,2,SCATTER,13.88,13.88,1
null,Hard,8,19,RushZombie,4,SCATTER,13.88,13.88,2
null,Hard,8,19,BoomZombie,2,SCATTER,13.88,13.88,1
null,Hard,8,19,BoomZombie,2,SCATTER,13.88,13.88,2
null,Hard,8,20,ZombieMan,5,SCATTER,14.5,14.5,1
null,Hard,8,20,ZombieMan,7,SCATTER,14.5,14.5,2
null,Hard,8,20,ZzangDoleZombie,3,LINE_LEFT,14.5,14.5,1
null,Hard,8,20,ZzangDoleZombie,5,LINE_LEFT,14.5,14.5,2
null,Hard,8,20,RushZombie,2,SCATTER,14.5,14.5,1
null,Hard,8,20,RushZombie,4,SCATTER,14.5,14.5,2
null,Hard,8,20,BoomZombie,2,SCATTER,14.5,14.5,1
null,Hard,8,20,BoomZombie,2,SCATTER,14.5,14.5,2
null,Hard,8,20,ZzangDoleZombieBoss,1,LINE_LEFT,14.5,14.5,2
null,Hard,8,20,RushZombieBoss2,1,LINE_LEFT,14.5,14.5,2
null,Hard,9,1,ZombieMan,5,SCATTER,3.0,3.0,1
null,Hard,9,1,ZombieMan,7,SCATTER,3.0,3.0,2
null,Hard,9,2,ZombieMan,6,SCATTER,3.68,3.68,1
null,Hard,9,2,ZombieMan,8,SCATTER,3.68,3.68,2
null,Hard,9,3,ZombieMan,6,SCATTER,4.37,4.37,1
null,Hard,9,3,ZombieMan,9,SCATTER,4.37,4.37,2
null,Hard,9,4,ZombieMan,5,SCATTER,5.05,5.05,1
null,Hard,9,4,ZombieMan,8,SCATTER,5.05,5.05,2
null,Hard,9,4,PushZombie,1,LINE_RIGHT,5.05,5.05,1
null,Hard,9,4,PushZombie,1,LINE_RIGHT,5.05,5.05,2
null,Hard,9,5,ZombieMan,4,SCATTER,5.74,5.74,1
null,Hard,9,5,ZombieMan,7,SCATTER,5.74,5.74,2
null,Hard,9,5,PushZombie,1,LINE_RIGHT,5.74,5.74,1
null,Hard,9,5,PushZombie,1,LINE_RIGHT,5.74,5.74,2
null,Hard,9,5,PushZombieBoss,1,LINE_LEFT,5.74,5.74,2
null,Hard,9,6,ZombieMan,6,SCATTER,6.42,6.42,1
null,Hard,9,6,ZombieMan,10,SCATTER,6.42,6.42,2
null,Hard,9,6,PushZombie,1,LINE_RIGHT,6.42,6.42,1
null,Hard,9,6,PushZombie,1,LINE_RIGHT,6.42,6.42,2
null,Hard,9,7,ZombieMan,6,SCATTER,7.11,7.11,1
null,Hard,9,7,ZombieMan,10,SCATTER,7.11,7.11,2
null,Hard,9,7,PushZombie,1,LINE_RIGHT,7.11,7.11,1
null,Hard,9,7,PushZombie,2,LINE_RIGHT,7.11,7.11,2
null,Hard,9,8,ZombieMan,7,SCATTER,7.79,7.79,1
null,Hard,9,8,ZombieMan,11,SCATTER,7.79,7.79,2
null,Hard,9,8,PushZombie,1,LINE_RIGHT,7.79,7.79,1
null,Hard,9,8,PushZombie,2,LINE_RIGHT,7.79,7.79,2
null,Hard,9,9,ZombieMan,6,SCATTER,8.47,8.47,1
null,Hard,9,9,ZombieMan,9,SCATTER,8.47,8.47,2
null,Hard,9,9,PushZombie,2,LINE_RIGHT,8.47,8.47,1
null,Hard,9,9,PushZombie,2,LINE_RIGHT,8.47,8.47,2
null,Hard,9,9,BoomZombie,1,SCATTER,8.47,8.47,1
null,Hard,9,9,BoomZombie,1,SCATTER,8.47,8.47,2
null,Hard,9,10,ZombieMan,4,SCATTER,9.16,9.16,1
null,Hard,9,10,ZombieMan,7,SCATTER,9.16,9.16,2
null,Hard,9,10,PushZombie,2,LINE_RIGHT,9.16,9.16,1
null,Hard,9,10,PushZombie,2,LINE_RIGHT,9.16,9.16,2
null,Hard,9,10,BoomZombie,1,SCATTER,9.16,9.16,1
null,Hard,9,10,BoomZombie,1,SCATTER,9.16,9.16,2
null,Hard,9,10,BoomZombieBoss,1,LINE_LEFT,9.16,9.16,2
null,Hard,9,11,ZombieMan,7,SCATTER,9.84,9.84,1
null,Hard,9,11,ZombieMan,11,SCATTER,9.84,9.84,2
null,Hard,9,11,PushZombie,2,LINE_RIGHT,9.84,9.84,1
null,Hard,9,11,PushZombie,2,LINE_RIGHT,9.84,9.84,2
null,Hard,9,11,BoomZombie,1,SCATTER,9.84,9.84,1
null,Hard,9,11,BoomZombie,1,SCATTER,9.84,9.84,2
null,Hard,9,12,ZombieMan,6,SCATTER,10.53,10.53,1
null,Hard,9,12,ZombieMan,10,SCATTER,10.53,10.53,2
null,Hard,9,12,PushZombie,2,LINE_RIGHT,10.53,10.53,1
null,Hard,9,12,PushZombie,3,LINE_RIGHT,10.53,10.53,2
null,Hard,9,12,BoomZombie,1,SCATTER,10.53,10.53,1
null,Hard,9,12,BoomZombie,2,SCATTER,10.53,10.53,2
null,Hard,9,13,ZombieMan,7,SCATTER,11.21,11.21,1
null,Hard,9,13,ZombieMan,11,SCATTER,11.21,11.21,2
null,Hard,9,13,PushZombie,2,LINE_RIGHT,11.21,11.21,1
null,Hard,9,13,PushZombie,3,LINE_RIGHT,11.21,11.21,2
null,Hard,9,13,BoomZombie,1,SCATTER,11.21,11.21,1
null,Hard,9,13,BoomZombie,2,SCATTER,11.21,11.21,2
null,Hard,9,14,ZombieMan,5,SCATTER,11.89,11.89,1
null,Hard,9,14,ZombieMan,8,SCATTER,11.89,11.89,2
null,Hard,9,14,PushZombie,2,LINE_RIGHT,11.89,11.89,1
null,Hard,9,14,PushZombie,4,LINE_RIGHT,11.89,11.89,2
null,Hard,9,14,BoomZombie,2,SCATTER,11.89,11.89,1
null,Hard,9,14,BoomZombie,2,SCATTER,11.89,11.89,2
null,Hard,9,14,RushZombie,1,SCATTER,11.89,11.89,1
null,Hard,9,14,RushZombie,1,SCATTER,11.89,11.89,2
null,Hard,9,15,ZombieMan,3,SCATTER,12.58,12.58,1
null,Hard,9,15,ZombieMan,5,SCATTER,12.58,12.58,2
null,Hard,9,15,PushZombie,2,LINE_RIGHT,12.58,12.58,1
null,Hard,9,15,PushZombie,4,LINE_RIGHT,12.58,12.58,2
null,Hard,9,15,BoomZombie,2,SCATTER,12.58,12.58,1
null,Hard,9,15,BoomZombie,2,SCATTER,12.58,12.58,2
null,Hard,9,15,RushZombie,1,SCATTER,12.58,12.58,1
null,Hard,9,15,RushZombie,1,SCATTER,12.58,12.58,2
null,Hard,9,15,RushZombieBoss2,1,LINE_LEFT,12.58,12.58,2
null,Hard,9,16,ZombieMan,6,SCATTER,13.26,13.26,1
null,Hard,9,16,ZombieMan,10,SCATTER,13.26,13.26,2
null,Hard,9,16,PushZombie,2,LINE_RIGHT,13.26,13.26,1
null,Hard,9,16,PushZombie,4,LINE_RIGHT,13.26,13.26,2
null,Hard,9,16,BoomZombie,2,SCATTER,13.26,13.26,1
null,Hard,9,16,BoomZombie,2,SCATTER,13.26,13.26,2
null,Hard,9,16,RushZombie,1,SCATTER,13.26,13.26,1
null,Hard,9,16,RushZombie,1,SCATTER,13.26,13.26,2
null,Hard,9,17,ZombieMan,5,SCATTER,13.95,13.95,1
null,Hard,9,17,ZombieMan,8,SCATTER,13.95,13.95,2
null,Hard,9,17,PushZombie,3,LINE_RIGHT,13.95,13.95,1
null,Hard,9,17,PushZombie,4,LINE_RIGHT,13.95,13.95,2
null,Hard,9,17,BoomZombie,2,SCATTER,13.95,13.95,1
null,Hard,9,17,BoomZombie,3,SCATTER,13.95,13.95,2
null,Hard,9,17,RushZombie,1,SCATTER,13.95,13.95,1
null,Hard,9,17,RushZombie,2,SCATTER,13.95,13.95,2
null,Hard,9,18,ZombieMan,6,SCATTER,14.63,14.63,1
null,Hard,9,18,ZombieMan,8,SCATTER,14.63,14.63,2
null,Hard,9,18,PushZombie,3,LINE_RIGHT,14.63,14.63,1
null,Hard,9,18,PushZombie,4,LINE_RIGHT,14.63,14.63,2
null,Hard,9,18,BoomZombie,2,SCATTER,14.63,14.63,1
null,Hard,9,18,BoomZombie,3,SCATTER,14.63,14.63,2
null,Hard,9,18,RushZombie,1,SCATTER,14.63,14.63,1
null,Hard,9,18,RushZombie,2,SCATTER,14.63,14.63,2
null,Hard,9,19,ZombieMan,4,SCATTER,15.32,15.32,1
null,Hard,9,19,ZombieMan,7,SCATTER,15.32,15.32,2
null,Hard,9,19,PushZombie,3,LINE_RIGHT,15.32,15.32,1
null,Hard,9,19,PushZombie,5,LINE_RIGHT,15.32,15.32,2
null,Hard,9,19,BoomZombie,2,SCATTER,15.32,15.32,1
null,Hard,9,19,BoomZombie,4,SCATTER,15.32,15.32,2
null,Hard,9,19,RushZombie,2,SCATTER,15.32,15.32,1
null,Hard,9,19,RushZombie,2,SCATTER,15.32,15.32,2
null,Hard,9,20,ZombieMan,2,SCATTER,16.0,16.0,1
null,Hard,9,20,ZombieMan,3,SCATTER,16.0,16.0,2
null,Hard,9,20,PushZombie,3,LINE_RIGHT,16.0,16.0,1
null,Hard,9,20,PushZombie,5,LINE_RIGHT,16.0,16.0,2
null,Hard,9,20,BoomZombie,2,SCATTER,16.0,16.0,1
null,Hard,9,20,BoomZombie,4,SCATTER,16.0,16.0,2
null,Hard,9,20,RushZombie,2,SCATTER,16.0,16.0,1
null,Hard,9,20,RushZombie,2,SCATTER,16.0,16.0,2
null,Hard,9,20,PushZombieBoss,1,LINE_LEFT,16.0,16.0,2
null,Hard,9,20,BoomZombieBoss,1,LINE_LEFT,16.0,16.0,2
null,Hard,10,1,ZombieMan,5,SCATTER,3.25,3.25,1
null,Hard,10,1,ZombieMan,7,SCATTER,3.25,3.25,2
null,Hard,10,2,ZombieMan,6,SCATTER,4.0,4.0,1
null,Hard,10,2,ZombieMan,8,SCATTER,4.0,4.0,2
null,Hard,10,3,ZombieMan,6,SCATTER,4.75,4.75,1
null,Hard,10,3,ZombieMan,9,SCATTER,4.75,4.75,2
null,Hard,10,4,ZombieMan,6,SCATTER,5.5,5.5,1
null,Hard,10,4,ZombieMan,9,SCATTER,5.5,5.5,2
null,Hard,10,4,ZzangDoleZombie,1,LINE_LEFT,5.5,5.5,1
null,Hard,10,4,ZzangDoleZombie,1,LINE_LEFT,5.5,5.5,2
null,Hard,10,5,ZombieMan,5,SCATTER,6.25,6.25,1
null,Hard,10,5,ZombieMan,8,SCATTER,6.25,6.25,2
null,Hard,10,5,ZzangDoleZombie,1,LINE_LEFT,6.25,6.25,1
null,Hard,10,5,ZzangDoleZombie,1,LINE_LEFT,6.25,6.25,2
null,Hard,10,5,BoomZombieBoss,1,LINE_LEFT,6.25,6.25,2
null,Hard,10,6,ZombieMan,7,SCATTER,7.0,7.0,1
null,Hard,10,6,ZombieMan,11,SCATTER,7.0,7.0,2
null,Hard,10,6,ZzangDoleZombie,1,LINE_LEFT,7.0,7.0,1
null,Hard,10,6,ZzangDoleZombie,1,LINE_LEFT,7.0,7.0,2
null,Hard,10,7,ZombieMan,8,SCATTER,7.75,7.75,1
null,Hard,10,7,ZombieMan,11,SCATTER,7.75,7.75,2
null,Hard,10,7,ZzangDoleZombie,1,LINE_LEFT,7.75,7.75,1
null,Hard,10,7,ZzangDoleZombie,2,LINE_LEFT,7.75,7.75,2
null,Hard,10,8,ZombieMan,8,SCATTER,8.5,8.5,1
null,Hard,10,8,ZombieMan,12,SCATTER,8.5,8.5,2
null,Hard,10,8,ZzangDoleZombie,1,LINE_LEFT,8.5,8.5,1
null,Hard,10,8,ZzangDoleZombie,2,LINE_LEFT,8.5,8.5,2
null,Hard,10,9,ZombieMan,7,SCATTER,9.25,9.25,1
null,Hard,10,9,ZombieMan,11,SCATTER,9.25,9.25,2
null,Hard,10,9,ZzangDoleZombie,2,LINE_LEFT,9.25,9.25,1
null,Hard,10,9,ZzangDoleZombie,2,LINE_LEFT,9.25,9.25,2
null,Hard,10,9,RushZombie,1,SCATTER,9.25,9.25,1
null,Hard,10,9,RushZombie,1,SCATTER,9.25,9.25,2
null,Hard,10,10,ZombieMan,6,SCATTER,10.0,10.0,1
null,Hard,10,10,ZombieMan,9,SCATTER,10.0,10.0,2
null,Hard,10,10,ZzangDoleZombie,2,LINE_LEFT,10.0,10.0,1
null,Hard,10,10,ZzangDoleZombie,2,LINE_LEFT,10.0,10.0,2
null,Hard,10,10,RushZombie,1,SCATTER,10.0,10.0,1
null,Hard,10,10,RushZombie,1,SCATTER,10.0,10.0,2
null,Hard,10,10,PushZombieBoss,1,LINE_LEFT,10.0,10.0,2
null,Hard,10,11,ZombieMan,8,SCATTER,10.75,10.75,1
null,Hard,10,11,ZombieMan,13,SCATTER,10.75,10.75,2
null,Hard,10,11,ZzangDoleZombie,2,LINE_LEFT,10.75,10.75,1
null,Hard,10,11,ZzangDoleZombie,2,LINE_LEFT,10.75,10.75,2
null,Hard,10,11,RushZombie,1,SCATTER,10.75,10.75,1
null,Hard,10,11,RushZombie,1,SCATTER,10.75,10.75,2
null,Hard,10,12,ZombieMan,8,SCATTER,11.5,11.5,1
null,Hard,10,12,ZombieMan,13,SCATTER,11.5,11.5,2
null,Hard,10,12,ZzangDoleZombie,2,LINE_LEFT,11.5,11.5,1
null,Hard,10,12,ZzangDoleZombie,3,LINE_LEFT,11.5,11.5,2
null,Hard,10,12,RushZombie,1,SCATTER,11.5,11.5,1
null,Hard,10,12,RushZombie,2,SCATTER,11.5,11.5,2
null,Hard,10,13,ZombieMan,9,SCATTER,12.25,12.25,1
null,Hard,10,13,ZombieMan,13,SCATTER,12.25,12.25,2
null,Hard,10,13,ZzangDoleZombie,2,LINE_LEFT,12.25,12.25,1
null,Hard,10,13,ZzangDoleZombie,3,LINE_LEFT,12.25,12.25,2
null,Hard,10,13,RushZombie,1,SCATTER,12.25,12.25,1
null,Hard,10,13,RushZombie,2,SCATTER,12.25,12.25,2
null,Hard,10,14,ZombieMan,7,SCATTER,13.0,13.0,1
null,Hard,10,14,ZombieMan,11,SCATTER,13.0,13.0,2
null,Hard,10,14,ZzangDoleZombie,2,LINE_LEFT,13.0,13.0,1
null,Hard,10,14,ZzangDoleZombie,4,LINE_LEFT,13.0,13.0,2
null,Hard,10,14,RushZombie,2,SCATTER,13.0,13.0,1
null,Hard,10,14,RushZombie,2,SCATTER,13.0,13.0,2
null,Hard,10,14,PushZombie,1,LINE_RIGHT,13.0,13.0,1
null,Hard,10,14,PushZombie,1,LINE_RIGHT,13.0,13.0,2
null,Hard,10,15,ZombieMan,5,SCATTER,13.75,13.75,1
null,Hard,10,15,ZombieMan,8,SCATTER,13.75,13.75,2
null,Hard,10,15,ZzangDoleZombie,2,LINE_LEFT,13.75,13.75,1
null,Hard,10,15,ZzangDoleZombie,4,LINE_LEFT,13.75,13.75,2
null,Hard,10,15,RushZombie,2,SCATTER,13.75,13.75,1
null,Hard,10,15,RushZombie,2,SCATTER,13.75,13.75,2
null,Hard,10,15,PushZombie,1,LINE_RIGHT,13.75,13.75,1
null,Hard,10,15,PushZombie,1,LINE_RIGHT,13.75,13.75,2
null,Hard,10,15,RushZombieBoss2,1,LINE_LEFT,13.75,13.75,2
null,Hard,10,16,ZombieMan,8,SCATTER,14.5,14.5,1
null,Hard,10,16,ZombieMan,13,SCATTER,14.5,14.5,2
null,Hard,10,16,ZzangDoleZombie,2,LINE_LEFT,14.5,14.5,1
null,Hard,10,16,ZzangDoleZombie,4,LINE_LEFT,14.5,14.5,2
null,Hard,10,16,RushZombie,2,SCATTER,14.5,14.5,1
null,Hard,10,16,RushZombie,2,SCATTER,14.5,14.5,2
null,Hard,10,16,PushZombie,1,LINE_RIGHT,14.5,14.5,1
null,Hard,10,16,PushZombie,1,LINE_RIGHT,14.5,14.5,2
null,Hard,10,17,ZombieMan,8,SCATTER,15.25,15.25,1
null,Hard,10,17,ZombieMan,11,SCATTER,15.25,15.25,2
null,Hard,10,17,ZzangDoleZombie,3,LINE_LEFT,15.25,15.25,1
null,Hard,10,17,ZzangDoleZombie,4,LINE_LEFT,15.25,15.25,2
null,Hard,10,17,RushZombie,2,SCATTER,15.25,15.25,1
null,Hard,10,17,RushZombie,3,SCATTER,15.25,15.25,2
null,Hard,10,17,PushZombie,1,LINE_RIGHT,15.25,15.25,1
null,Hard,10,17,PushZombie,2,LINE_RIGHT,15.25,15.25,2
null,Hard,10,18,ZombieMan,8,SCATTER,16.0,16.0,1
null,Hard,10,18,ZombieMan,12,SCATTER,16.0,16.0,2
null,Hard,10,18,ZzangDoleZombie,3,LINE_LEFT,16.0,16.0,1
null,Hard,10,18,ZzangDoleZombie,4,LINE_LEFT,16.0,16.0,2
null,Hard,10,18,RushZombie,2,SCATTER,16.0,16.0,1
null,Hard,10,18,RushZombie,3,SCATTER,16.0,16.0,2
null,Hard,10,18,PushZombie,1,LINE_RIGHT,16.0,16.0,1
null,Hard,10,18,PushZombie,2,LINE_RIGHT,16.0,16.0,2
null,Hard,10,19,ZombieMan,6,SCATTER,16.75,16.75,1
null,Hard,10,19,ZombieMan,9,SCATTER,16.75,16.75,2
null,Hard,10,19,ZzangDoleZombie,3,LINE_LEFT,16.75,16.75,1
null,Hard,10,19,ZzangDoleZombie,5,LINE_LEFT,16.75,16.75,2
null,Hard,10,19,RushZombie,2,SCATTER,16.75,16.75,1
null,Hard,10,19,RushZombie,4,SCATTER,16.75,16.75,2
null,Hard,10,19,PushZombie,2,LINE_RIGHT,16.75,16.75,1
null,Hard,10,19,PushZombie,2,LINE_RIGHT,16.75,16.75,2
null,Hard,10,19,BoomZombie,1,SCATTER,16.75,16.75,1
null,Hard,10,19,BoomZombie,1,SCATTER,16.75,16.75,2
null,Hard,10,20,ZombieMan,3,SCATTER,17.5,17.5,1
null,Hard,10,20,ZombieMan,5,SCATTER,17.5,17.5,2
null,Hard,10,20,ZzangDoleZombie,3,LINE_LEFT,17.5,17.5,1
null,Hard,10,20,ZzangDoleZombie,5,LINE_LEFT,17.5,17.5,2
null,Hard,10,20,RushZombie,2,SCATTER,17.5,17.5,1
null,Hard,10,20,RushZombie,4,SCATTER,17.5,17.5,2
null,Hard,10,20,PushZombie,2,LINE_RIGHT,17.5,17.5,1
null,Hard,10,20,PushZombie,2,LINE_RIGHT,17.5,17.5,2
null,Hard,10,20,BoomZombie,1,SCATTER,17.5,17.5,1
null,Hard,10,20,BoomZombie,1,SCATTER,17.5,17.5,2
null,Hard,10,20,ZombieBoss,1,LINE_LEFT,17.5,17.5,2
null,Hard,10,20,BoomZombieBoss,1,LINE_LEFT,17.5,17.5,2
null,Gold,1,1,ZombieMan,25,SCATTER,1,1
null,Gold,1,1,ZombieWoman,15,SCATTER,1,1
null,Gold,2,1,ZombieMan,25,SCATTER,2,2
null,Gold,2,1,ZombieWoman,15,SCATTER,2,2
null,Gold,3,1,ZombieMan,25,SCATTER,3,3
null,Gold,2,1,ZombieWoman,15,SCATTER,3,3
null,Gold,4,1,ZombieMan,25,SCATTER,4,4
null,Gold,4,1,ZombieWoman,15,SCATTER,4,4
null,Gold,5,1,ZombieMan,25,SCATTER,5,5
null,Gold,5,1,ZombieWoman,15,SCATTER,5,5
null,Gold,6,1,ZombieMan,30,SCATTER,6,6
null,Gold,6,1,ZombieWoman,20,SCATTER,6,6
null,Gold,7,1,ZombieMan,30,SCATTER,7,7
null,Gold,7,1,ZombieWoman,20,SCATTER,7,7
null,Gold,8,1,ZombieMan,30,SCATTER,8,8
null,Gold,8,1,ZombieWoman,20,SCATTER,8,8
null,Gold,9,1,ZombieMan,30,SCATTER,9,8
null,Gold,9,1,ZombieWoman,20,SCATTER,9,8
null,Gold,10,1,ZombieMan,30,SCATTER,10,8
null,Gold,10,1,ZombieWoman,20,SCATTER,10,8
null,Gold,11,1,ZombieMan,35,SCATTER,11,8
null,Gold,11,1,ZombieWoman,25,SCATTER,11,8
null,Gold,12,1,ZombieMan,35,SCATTER,12,8
null,Gold,12,1,ZombieWoman,25,SCATTER,12,8
null,Gold,13,1,ZombieMan,35,SCATTER,13,8
null,Gold,13,1,ZombieWoman,25,SCATTER,13,8
null,Gold,14,1,ZombieMan,35,SCATTER,13,8
null,Gold,14,1,ZombieWoman,25,SCATTER,13,8
null,Gold,15,1,ZombieMan,35,SCATTER,13,8
null,Gold,15,1,ZombieWoman,25,SCATTER,13,8
null,Gold,16,1,ZombieMan,35,SCATTER,13,8
null,Gold,16,1,ZombieWoman,25,SCATTER,13,8
null,Gold,17,1,ZombieMan,35,SCATTER,13,8
null,Gold,17,1,ZombieWoman,25,SCATTER,13,8
null,Gold,18,1,ZombieMan,35,SCATTER,13,8
null,Gold,18,1,ZombieWoman,25,SCATTER,13,8
null,Gold,19,1,ZombieMan,35,SCATTER,13,8
null,Gold,19,1,ZombieWoman,25,SCATTER,13,8
null,Gold,20,1,ZombieMan,35,SCATTER,13,8
null,Gold,20,1,ZombieWoman,25,SCATTER,13,8
null,Gold,21,1,ZombieMan,40,SCATTER,13,8
null,Gold,21,1,ZombieWoman,30,SCATTER,13,8
null,Gold,22,1,ZombieMan,40,SCATTER,13,8
null,Gold,22,1,ZombieWoman,30,SCATTER,13,8
null,Gold,23,1,ZombieMan,40,SCATTER,13,8
null,Gold,23,1,ZombieWoman,30,SCATTER,13,8
null,Gold,24,1,ZombieMan,40,SCATTER,13,8
null,Gold,24,1,ZombieWoman,30,SCATTER,13,8
null,Gold,25,1,ZombieMan,40,SCATTER,13,8
null,Gold,25,1,ZombieWoman,30,SCATTER,13,8
null,Gold,26,1,ZombieMan,40,SCATTER,13,8
null,Gold,26,1,ZombieWoman,30,SCATTER,13,8
null,Gold,27,1,ZombieMan,40,SCATTER,13,8
null,Gold,27,1,ZombieWoman,30,SCATTER,13,8
null,Gold,28,1,ZombieMan,40,SCATTER,13,8
null,Gold,28,1,ZombieWoman,30,SCATTER,13,8
null,Gold,29,1,ZombieMan,40,SCATTER,13,8
null,Gold,29,1,ZombieWoman,30,SCATTER,13,8
null,Gold,30,1,ZombieMan,40,SCATTER,13,8
null,Gold,30,1,ZombieWoman,30,SCATTER,13,8
null,Boss,1,1,ZzangDoleZombieBoss,1,SCATTER,0.7,0.7
null,Boss,1,1,PushZombieBoss,1,SCATTER,0.7,0.7
null,Boss,1,1,BoomZombieBoss,1,SCATTER,0.7,0.7
null,Boss,1,1,RushZombieBoss,1,SCATTER,0.7,0.7
null,Boss,1,1,RushZombieBoss2,1,SCATTER,0.7,0.7
null,Boss,2,1,ZzangDoleZombieBoss,1,SCATTER,1,1
null,Boss,2,1,PushZombieBoss,1,SCATTER,1,1
null,Boss,2,1,BoomZombieBoss,1,SCATTER,1,1
null,Boss,2,1,RushZombieBoss,1,SCATTER,1,1
null,Boss,2,1,RushZombieBoss2,1,SCATTER,1,1
null,Boss,3,1,ZzangDoleZombieBoss,1,SCATTER,1.3,1.3
null,Boss,3,1,PushZombieBoss,1,SCATTER,1.3,1.3
null,Boss,3,1,BoomZombieBoss,1,SCATTER,1.3,1.3
null,Boss,3,1,RushZombieBoss,1,SCATTER,1.3,1.3
null,Boss,3,1,RushZombieBoss2,1,SCATTER,1.3,1.3
null,Boss,4,1,ZzangDoleZombieBoss,1,SCATTER,1.6,1.6
null,Boss,4,1,PushZombieBoss,1,SCATTER,1.6,1.6
null,Boss,4,1,BoomZombieBoss,1,SCATTER,1.6,1.6
null,Boss,4,1,RushZombieBoss,1,SCATTER,1.6,1.6
null,Boss,4,1,RushZombieBoss2,1,SCATTER,1.6,1.6
null,Boss,5,1,ZzangDoleZombieBoss,1,SCATTER,1.9,1.9
null,Boss,5,1,PushZombieBoss,1,SCATTER,1.9,1.9
null,Boss,5,1,BoomZombieBoss,1,SCATTER,1.9,1.9
null,Boss,5,1,RushZombieBoss,1,SCATTER,1.9,1.9
null,Boss,5,1,RushZombieBoss2,1,SCATTER,1.9,1.9
null,Boss,6,1,ZzangDoleZombieBoss,1,SCATTER,2.2,2.2
null,Boss,6,1,PushZombieBoss,1,SCATTER,2.2,2.2
null,Boss,6,1,BoomZombieBoss,1,SCATTER,2.2,2.2
null,Boss,6,1,RushZombieBoss,1,SCATTER,2.2,2.2
null,Boss,6,1,RushZombieBoss2,1,SCATTER,2.2,2.2
null,Boss,7,1,ZzangDoleZombieBoss,1,SCATTER,2.5,2.5
null,Boss,7,1,PushZombieBoss,1,SCATTER,2.5,2.5
null,Boss,7,1,BoomZombieBoss,1,SCATTER,2.5,2.5
null,Boss,7,1,RushZombieBoss,1,SCATTER,2.5,2.5
null,Boss,7,1,RushZombieBoss2,1,SCATTER,2.5,2.5
null,Boss,8,1,ZzangDoleZombieBoss,1,SCATTER,2.8,2.8
null,Boss,8,1,PushZombieBoss,1,SCATTER,2.8,2.8
null,Boss,8,1,BoomZombieBoss,1,SCATTER,2.8,2.8
null,Boss,8,1,RushZombieBoss,1,SCATTER,2.8,2.8
null,Boss,8,1,RushZombieBoss2,1,SCATTER,2.8,2.8
null,Boss,9,1,ZzangDoleZombieBoss,1,SCATTER,3.1,3.1
null,Boss,9,1,PushZombieBoss,1,SCATTER,3.1,3.1
null,Boss,9,1,BoomZombieBoss,1,SCATTER,3.1,3.1
null,Boss,9,1,RushZombieBoss,1,SCATTER,3.1,3.1
null,Boss,9,1,RushZombieBoss2,1,SCATTER,3.1,3.1
null,Boss,10,1,ZzangDoleZombieBoss,1,SCATTER,3.4,3.4
null,Boss,10,1,PushZombieBoss,1,SCATTER,3.4,3.4
null,Boss,10,1,BoomZombieBoss,1,SCATTER,3.4,3.4
null,Boss,10,1,RushZombieBoss,1,SCATTER,3.4,3.4
null,Boss,10,1,RushZombieBoss2,1,SCATTER,3.4,3.4
null,Boss,11,1,ZzangDoleZombieBoss,1,SCATTER,3.7,3.7
null,Boss,11,1,PushZombieBoss,1,SCATTER,3.7,3.7
null,Boss,11,1,BoomZombieBoss,1,SCATTER,3.7,3.7
null,Boss,11,1,RushZombieBoss,1,SCATTER,3.7,3.7
null,Boss,11,1,RushZombieBoss2,1,SCATTER,3.7,3.7
null,Boss,12,1,ZzangDoleZombieBoss,1,SCATTER,4,4
null,Boss,12,1,PushZombieBoss,1,SCATTER,4,4
null,Boss,12,1,BoomZombieBoss,1,SCATTER,4,4
null,Boss,12,1,RushZombieBoss,1,SCATTER,4,4
null,Boss,12,1,RushZombieBoss2,1,SCATTER,4,4
null,Boss,13,1,ZzangDoleZombieBoss,1,SCATTER,4.3,4.3
null,Boss,13,1,PushZombieBoss,1,SCATTER,4.3,4.3
null,Boss,13,1,BoomZombieBoss,1,SCATTER,4.3,4.3
null,Boss,13,1,RushZombieBoss,1,SCATTER,4.3,4.3
null,Boss,13,1,RushZombieBoss2,1,SCATTER,4.3,4.3
null,Boss,14,1,ZzangDoleZombieBoss,1,SCATTER,4.6,4.6
null,Boss,14,1,PushZombieBoss,1,SCATTER,4.6,4.6
null,Boss,14,1,BoomZombieBoss,1,SCATTER,4.6,4.6
null,Boss,14,1,RushZombieBoss,1,SCATTER,4.6,4.6
null,Boss,14,1,RushZombieBoss2,1,SCATTER,4.6,4.6
null,Boss,15,1,ZzangDoleZombieBoss,1,SCATTER,4.9,4.9
null,Boss,15,1,PushZombieBoss,1,SCATTER,4.9,4.9
null,Boss,15,1,BoomZombieBoss,1,SCATTER,4.9,4.9
null,Boss,15,1,RushZombieBoss,1,SCATTER,4.9,4.9
null,Boss,15,1,RushZombieBoss2,1,SCATTER,4.9,4.9
null,Boss,16,1,ZzangDoleZombieBoss,1,SCATTER,5.2,5.2
null,Boss,16,1,PushZombieBoss,1,SCATTER,5.2,5.2
null,Boss,16,1,BoomZombieBoss,1,SCATTER,5.2,5.2
null,Boss,16,1,RushZombieBoss,1,SCATTER,5.2,5.2
null,Boss,16,1,RushZombieBoss2,1,SCATTER,5.2,5.2
null,Boss,17,1,ZzangDoleZombieBoss,1,SCATTER,5.5,5.2
null,Boss,17,1,PushZombieBoss,1,SCATTER,5.5,5.2
null,Boss,17,1,BoomZombieBoss,1,SCATTER,5.5,5.2
null,Boss,17,1,RushZombieBoss,1,SCATTER,5.5,5.2
null,Boss,17,1,RushZombieBoss2,1,SCATTER,5.5,5.2
null,Boss,18,1,ZzangDoleZombieBoss,1,SCATTER,5.8,5.8
null,Boss,18,1,PushZombieBoss,1,SCATTER,5.8,5.8
null,Boss,18,1,BoomZombieBoss,1,SCATTER,5.8,5.8
null,Boss,18,1,RushZombieBoss,1,SCATTER,5.8,5.8
null,Boss,18,1,RushZombieBoss2,1,SCATTER,5.8,5.8
null,Boss,19,1,ZzangDoleZombieBoss,1,SCATTER,6.1,6.1
null,Boss,19,1,PushZombieBoss,1,SCATTER,6.1,6.1
null,Boss,19,1,BoomZombieBoss,1,SCATTER,6.1,6.1
null,Boss,19,1,RushZombieBoss,1,SCATTER,6.1,6.1
null,Boss,19,1,RushZombieBoss2,1,SCATTER,6.1,6.1
null,Boss,20,1,ZzangDoleZombieBoss,1,SCATTER,6.4,6.4
null,Boss,20,1,PushZombieBoss,1,SCATTER,6.4,6.4
null,Boss,20,1,BoomZombieBoss,1,SCATTER,6.4,6.4
null,Boss,20,1,RushZombieBoss,1,SCATTER,6.4,6.4
null,Boss,20,1,RushZombieBoss2,1,SCATTER,6.4,6.4
null,Boss,21,1,ZzangDoleZombieBoss,1,SCATTER,6.7,6.7
null,Boss,21,1,PushZombieBoss,1,SCATTER,6.7,6.7
null,Boss,21,1,BoomZombieBoss,1,SCATTER,6.7,6.7
null,Boss,21,1,RushZombieBoss,1,SCATTER,6.7,6.7
null,Boss,21,1,RushZombieBoss2,1,SCATTER,6.7,6.7
null,Boss,22,1,ZzangDoleZombieBoss,1,SCATTER,7,7
null,Boss,22,1,PushZombieBoss,1,SCATTER,7,7
null,Boss,22,1,BoomZombieBoss,1,SCATTER,7,7
null,Boss,22,1,RushZombieBoss,1,SCATTER,7,7
null,Boss,22,1,RushZombieBoss2,1,SCATTER,7,7
null,Boss,23,1,ZzangDoleZombieBoss,1,SCATTER,7.3,7.3
null,Boss,23,1,PushZombieBoss,1,SCATTER,7.3,7.3
null,Boss,23,1,BoomZombieBoss,1,SCATTER,7.3,7.3
null,Boss,23,1,RushZombieBoss,1,SCATTER,7.3,7.3
null,Boss,23,1,RushZombieBoss2,1,SCATTER,7.3,7.3
null,Boss,24,1,ZzangDoleZombieBoss,1,SCATTER,7.6,7.6
null,Boss,24,1,PushZombieBoss,1,SCATTER,7.6,7.6
null,Boss,24,1,BoomZombieBoss,1,SCATTER,7.6,7.6
null,Boss,24,1,RushZombieBoss,1,SCATTER,7.6,7.6
null,Boss,24,1,RushZombieBoss2,1,SCATTER,7.6,7.6
null,Boss,25,1,ZzangDoleZombieBoss,1,SCATTER,7.9,7.9
null,Boss,25,1,PushZombieBoss,1,SCATTER,7.9,7.9
null,Boss,25,1,BoomZombieBoss,1,SCATTER,7.9,7.9
null,Boss,25,1,RushZombieBoss,1,SCATTER,7.9,7.9
null,Boss,25,1,RushZombieBoss2,1,SCATTER,7.9,7.9
null,Boss,26,1,ZzangDoleZombieBoss,1,SCATTER,8.2,8.2
null,Boss,26,1,PushZombieBoss,1,SCATTER,8.2,8.2
null,Boss,26,1,BoomZombieBoss,1,SCATTER,8.2,8.2
null,Boss,26,1,RushZombieBoss,1,SCATTER,8.2,8.2
null,Boss,26,1,RushZombieBoss2,1,SCATTER,8.2,8.2
null,Boss,27,1,ZzangDoleZombieBoss,1,SCATTER,8.5,8.2
null,Boss,27,1,PushZombieBoss,1,SCATTER,8.5,8.2
null,Boss,27,1,BoomZombieBoss,1,SCATTER,8.5,8.2
null,Boss,27,1,RushZombieBoss,1,SCATTER,8.5,8.2
null,Boss,27,1,RushZombieBoss2,1,SCATTER,8.5,8.2
null,Boss,28,1,ZzangDoleZombieBoss,1,SCATTER,8.8,8.2
null,Boss,28,1,PushZombieBoss,1,SCATTER,8.8,8.2
null,Boss,28,1,BoomZombieBoss,1,SCATTER,8.8,8.2
null,Boss,28,1,RushZombieBoss,1,SCATTER,8.8,8.2
null,Boss,28,1,RushZombieBoss2,1,SCATTER,8.8,8.2
null,Boss,29,1,ZzangDoleZombieBoss,1,SCATTER,9.1,8.2
null,Boss,29,1,PushZombieBoss,1,SCATTER,9.1,8.2
null,Boss,29,1,BoomZombieBoss,1,SCATTER,9.1,8.2
null,Boss,29,1,RushZombieBoss,1,SCATTER,9.1,8.2
null,Boss,29,1,RushZombieBoss2,1,SCATTER,9.1,8.2
null,Boss,30,1,ZzangDoleZombieBoss,1,SCATTER,10,8.2
null,Boss,30,1,PushZombieBoss,1,SCATTER,10,8.2
null,Boss,30,1,BoomZombieBoss,1,SCATTER,10,8.2
null,Boss,30,1,RushZombieBoss,1,SCATTER,10,8.2
null,Boss,30,1,RushZombieBoss2,1,SCATTER,10,8.2
null,Monster,1,1,RushZombie,2,SCATTER,0.9,0.9
null,Monster,1,1,ZzangDoleZombie,2,SCATTER,0.9,0.9
null,Monster,1,1,ZombieMan,20,SCATTER,0.9,0.9
null,Monster,1,1,ZombieWoman,8,SCATTER,0.9,0.9
null,Monster,1,1,BoomZombie,4,SCATTER,0.9,0.9
null,Monster,2,1,RushZombie,2,SCATTER,1.4,1.4
null,Monster,2,1,ZzangDoleZombie,2,SCATTER,1.4,1.4
null,Monster,2,1,ZombieMan,20,SCATTER,1.4,1.4
null,Monster,2,1,ZombieWoman,8,SCATTER,1.4,1.4
null,Monster,2,1,BoomZombie,4,SCATTER,1.4,1.4
null,Monster,3,1,RushZombie,2,SCATTER,1.9,1.9
null,Monster,3,1,ZzangDoleZombie,2,SCATTER,1.9,1.9
null,Monster,3,1,ZombieMan,20,SCATTER,1.9,1.9
null,Monster,3,1,ZombieWoman,8,SCATTER,1.9,1.9
null,Monster,3,1,BoomZombie,4,SCATTER,1.9,1.9
null,Monster,4,1,RushZombie,2,SCATTER,2.4,2.4
null,Monster,4,1,ZzangDoleZombie,2,SCATTER,2.4,2.4
null,Monster,4,1,ZombieMan,20,SCATTER,2.4,2.4
null,Monster,4,1,ZombieWoman,8,SCATTER,2.4,2.4
null,Monster,4,1,BoomZombie,4,SCATTER,2.4,2.4
null,Monster,5,1,RushZombie,2,SCATTER,2.9,2.9
null,Monster,5,1,ZzangDoleZombie,2,SCATTER,2.9,2.9
null,Monster,5,1,ZombieMan,20,SCATTER,2.9,2.9
null,Monster,5,1,ZombieWoman,8,SCATTER,2.9,2.9
null,Monster,5,1,BoomZombie,4,SCATTER,2.9,2.9
null,Monster,6,1,RushZombie,2,SCATTER,3.4,3.4
null,Monster,6,1,ZzangDoleZombie,2,SCATTER,3.4,3.4
null,Monster,6,1,ZombieMan,20,SCATTER,3.4,3.4
null,Monster,6,1,ZombieWoman,8,SCATTER,3.4,3.4
null,Monster,6,1,BoomZombie,4,SCATTER,3.4,3.4
null,Monster,7,1,RushZombie,2,SCATTER,3.9,3.9
null,Monster,7,1,ZzangDoleZombie,2,SCATTER,3.9,3.9
null,Monster,7,1,ZombieMan,20,SCATTER,3.9,3.9
null,Monster,7,1,ZombieWoman,8,SCATTER,3.9,3.9
null,Monster,7,1,BoomZombie,4,SCATTER,3.9,3.9
null,Monster,8,1,RushZombie,2,SCATTER,4.4,4.4
null,Monster,8,1,ZzangDoleZombie,2,SCATTER,4.4,4.4
null,Monster,8,1,ZombieMan,20,SCATTER,4.4,4.4
null,Monster,8,1,ZombieWoman,8,SCATTER,4.4,4.4
null,Monster,8,1,BoomZombie,4,SCATTER,4.4,4.4
null,Monster,9,1,RushZombie,2,SCATTER,4.9,4.9
null,Monster,9,1,ZzangDoleZombie,2,SCATTER,4.9,4.9
null,Monster,9,1,ZombieMan,20,SCATTER,4.9,4.9
null,Monster,9,1,ZombieWoman,8,SCATTER,4.9,4.9
null,Monster,9,1,BoomZombie,4,SCATTER,4.9,4.9
null,Monster,10,1,RushZombie,2,SCATTER,5.4,5.4
null,Monster,10,1,ZzangDoleZombie,2,SCATTER,5.4,5.4
null,Monster,10,1,ZombieMan,20,SCATTER,5.4,5.4
null,Monster,10,1,ZombieWoman,8,SCATTER,5.4,5.4
null,Monster,10,1,BoomZombie,4,SCATTER,5.4,5.4
null,Monster,11,1,RushZombie,2,SCATTER,5.9,5.9
null,Monster,11,1,ZzangDoleZombie,2,SCATTER,5.9,5.9
null,Monster,11,1,ZombieMan,20,SCATTER,5.9,5.9
null,Monster,11,1,ZombieWoman,8,SCATTER,5.9,5.9
null,Monster,11,1,BoomZombie,4,SCATTER,5.9,5.9
null,Monster,12,1,RushZombie,2,SCATTER,6.4,6.4
null,Monster,12,1,ZzangDoleZombie,2,SCATTER,6.4,6.4
null,Monster,12,1,ZombieMan,20,SCATTER,6.4,6.4
null,Monster,12,1,ZombieWoman,8,SCATTER,6.4,6.4
null,Monster,12,1,BoomZombie,4,SCATTER,6.4,6.4
null,Monster,13,1,RushZombie,2,SCATTER,6.9,6.9
null,Monster,13,1,ZzangDoleZombie,2,SCATTER,6.9,6.9
null,Monster,13,1,ZombieMan,20,SCATTER,6.9,6.9
null,Monster,13,1,ZombieWoman,8,SCATTER,6.9,6.9
null,Monster,13,1,BoomZombie,4,SCATTER,6.9,6.9
null,Monster,14,1,RushZombie,2,SCATTER,7.4,7.4
null,Monster,14,1,ZzangDoleZombie,2,SCATTER,7.4,7.4
null,Monster,14,1,ZombieMan,20,SCATTER,7.4,7.4
null,Monster,14,1,ZombieWoman,8,SCATTER,7.4,7.4
null,Monster,14,1,BoomZombie,4,SCATTER,7.4,7.4
null,Monster,15,1,RushZombie,2,SCATTER,7.9,7.9
null,Monster,15,1,ZzangDoleZombie,2,SCATTER,7.9,7.9
null,Monster,15,1,ZombieMan,20,SCATTER,7.9,7.9
null,Monster,15,1,ZombieWoman,8,SCATTER,7.9,7.9
null,Monster,15,1,BoomZombie,4,SCATTER,7.9,7.9
null,Monster,16,1,RushZombie,2,SCATTER,8.4,8.4
null,Monster,16,1,ZzangDoleZombie,2,SCATTER,8.4,8.4
null,Monster,16,1,ZombieMan,20,SCATTER,8.4,8.4
null,Monster,16,1,ZombieWoman,8,SCATTER,8.4,8.4
null,Monster,16,1,BoomZombie,4,SCATTER,8.4,8.4
null,Monster,17,1,RushZombie,2,SCATTER,8.9,8.4
null,Monster,17,1,ZzangDoleZombie,2,SCATTER,8.9,8.4
null,Monster,17,1,ZombieMan,20,SCATTER,8.9,8.4
null,Monster,17,1,ZombieWoman,8,SCATTER,8.9,8.4
null,Monster,17,1,BoomZombie,4,SCATTER,8.9,8.4
null,Monster,18,1,RushZombie,2,SCATTER,9.4,8.4
null,Monster,18,1,ZzangDoleZombie,2,SCATTER,9.4,8.4
null,Monster,18,1,ZombieMan,20,SCATTER,9.4,8.4
null,Monster,18,1,ZombieWoman,8,SCATTER,9.4,8.4
null,Monster,18,1,BoomZombie,4,SCATTER,9.4,8.4
null,Monster,19,1,RushZombie,2,SCATTER,9.9,8.4
null,Monster,19,1,ZzangDoleZombie,2,SCATTER,9.9,8.4
null,Monster,19,1,ZombieMan,20,SCATTER,9.9,8.4
null,Monster,19,1,ZombieWoman,8,SCATTER,9.9,8.4
null,Monster,19,1,BoomZombie,4,SCATTER,9.9,8.4
null,Monster,20,1,RushZombie,2,SCATTER,10.4,8.4
null,Monster,20,1,ZzangDoleZombie,2,SCATTER,10.4,8.4
null,Monster,20,1,ZombieMan,20,SCATTER,10.4,8.4
null,Monster,20,1,ZombieWoman,8,SCATTER,10.4,8.4
null,Monster,20,1,BoomZombie,4,SCATTER,10.4,8.4
null,Monster,21,1,RushZombie,2,SCATTER,10.9,8.4
null,Monster,21,1,ZzangDoleZombie,2,SCATTER,10.9,8.4
null,Monster,21,1,ZombieMan,20,SCATTER,10.9,8.4
null,Monster,21,1,ZombieWoman,8,SCATTER,10.9,8.4
null,Monster,21,1,BoomZombie,4,SCATTER,10.9,8.4
null,Monster,22,1,RushZombie,2,SCATTER,11.4,8.4
null,Monster,22,1,ZzangDoleZombie,2,SCATTER,11.4,8.4
null,Monster,22,1,ZombieMan,20,SCATTER,11.4,8.4
null,Monster,22,1,ZombieWoman,8,SCATTER,11.4,8.4
null,Monster,22,1,BoomZombie,4,SCATTER,11.4,8.4
null,Monster,23,1,RushZombie,2,SCATTER,11.9,8.4
null,Monster,23,1,ZzangDoleZombie,2,SCATTER,11.9,8.4
null,Monster,23,1,ZombieMan,20,SCATTER,11.9,8.4
null,Monster,23,1,ZombieWoman,8,SCATTER,11.9,8.4
null,Monster,23,1,BoomZombie,4,SCATTER,11.9,8.4
null,Monster,24,1,RushZombie,2,SCATTER,12.4,8.4
null,Monster,24,1,ZzangDoleZombie,2,SCATTER,12.4,8.4
null,Monster,24,1,ZombieMan,20,SCATTER,12.4,8.4
null,Monster,24,1,ZombieWoman,8,SCATTER,12.4,8.4
null,Monster,24,1,BoomZombie,4,SCATTER,12.4,8.4
null,Monster,25,1,RushZombie,2,SCATTER,12.9,8.4
null,Monster,25,1,ZzangDoleZombie,2,SCATTER,12.9,8.4
null,Monster,25,1,ZombieMan,20,SCATTER,12.9,8.4
null,Monster,25,1,ZombieWoman,8,SCATTER,12.9,8.4
null,Monster,25,1,BoomZombie,4,SCATTER,12.9,8.4
null,Monster,26,1,RushZombie,2,SCATTER,13.4,8.4
null,Monster,26,1,ZzangDoleZombie,2,SCATTER,13.4,8.4
null,Monster,26,1,ZombieMan,20,SCATTER,13.4,8.4
null,Monster,26,1,ZombieWoman,8,SCATTER,13.4,8.4
null,Monster,26,1,BoomZombie,4,SCATTER,13.4,8.4
null,Monster,27,1,RushZombie,2,SCATTER,13.9,8.4
null,Monster,27,1,ZzangDoleZombie,2,SCATTER,13.9,8.4
null,Monster,27,1,ZombieMan,20,SCATTER,13.9,8.4
null,Monster,27,1,ZombieWoman,8,SCATTER,13.9,8.4
null,Monster,27,1,BoomZombie,4,SCATTER,13.9,8.4
null,Monster,28,1,RushZombie,2,SCATTER,14.4,8.4
null,Monster,28,1,ZombieMan,20,SCATTER,14.4,8.4
null,Monster,28,1,ZombieWoman,8,SCATTER,14.4,8.4
null,Monster,28,1,BoomZombie,4,SCATTER,14.4,8.4
null,Monster,28,1,ZzangDoleZombie,2,SCATTER,14.4,8.4
null,Monster,29,1,RushZombie,2,SCATTER,14.9,8.4
null,Monster,29,1,ZombieMan,20,SCATTER,14.9,8.4
null,Monster,29,1,ZombieWoman,8,SCATTER,14.9,8.4
null,Monster,29,1,BoomZombie,4,SCATTER,14.9,8.4
null,Monster,29,1,ZzangDoleZombie,2,SCATTER,14.9,8.4
null,Monster,30,1,RushZombie,2,SCATTER,15.4,8.4
null,Monster,30,1,ZombieMan,20,SCATTER,15.4,8.4
null,Monster,30,1,ZombieWoman,8,SCATTER,15.4,8.4
null,Monster,30,1,BoomZombie,4,SCATTER,15.4,8.4
null,Monster,30,1,ZzangDoleZombie,2,SCATTER,15.4,8.4
null,Speed,1,1,ZombieMan,16,SCATTER,1,1
null,Speed,1,1,PushZombie,2,SCATTER,1,1
null,Speed,1,1,BoomZombie,6,SCATTER,1,1
null,Speed,1,1,RushZombie,2,SCATTER,1,1
null,Speed,1,1,ZzangDoleZombie,4,SCATTER,1,1
null,Speed,1,1,ZzangDoleZombieBoss,1,SCATTER,1,1
null,Speed,2,1,ZombieMan,16,SCATTER,1.5,1.5
null,Speed,2,1,PushZombie,2,SCATTER,1.5,1.5
null,Speed,2,1,BoomZombie,6,SCATTER,1.5,1.5
null,Speed,2,1,RushZombie,2,SCATTER,1.5,1.5
null,Speed,2,1,ZzangDoleZombie,4,SCATTER,1.5,1.5
null,Speed,2,1,ZzangDoleZombieBoss,1,SCATTER,1.5,1.5
null,Speed,3,1,ZombieMan,17,SCATTER,2,2
null,Speed,3,1,PushZombie,2,SCATTER,2,2
null,Speed,3,1,BoomZombie,7,SCATTER,2,2
null,Speed,3,1,RushZombie,2,SCATTER,2,2
null,Speed,3,1,ZzangDoleZombie,5,SCATTER,2,2
null,Speed,3,1,ZzangDoleZombieBoss,1,SCATTER,2,2
null,Speed,4,1,ZombieMan,18,SCATTER,2.5,2.5
null,Speed,4,1,PushZombie,2,SCATTER,2.5,2.5
null,Speed,4,1,BoomZombie,8,SCATTER,2.5,2.5
null,Speed,4,1,RushZombie,2,SCATTER,2.5,2.5
null,Speed,4,1,ZzangDoleZombie,6,SCATTER,2.5,2.5
null,Speed,4,1,ZzangDoleZombieBoss,1,SCATTER,2.5,2.5
null,Speed,5,1,ZombieMan,18,SCATTER,3,3
null,Speed,5,1,PushZombie,2,SCATTER,3,3
null,Speed,5,1,BoomZombie,8,SCATTER,3,3
null,Speed,5,1,RushZombie,2,SCATTER,3,3
null,Speed,5,1,ZzangDoleZombie,6,SCATTER,3,3
null,Speed,5,1,ZzangDoleZombieBoss,1,SCATTER,3,3
null,Speed,6,1,ZombieMan,19,SCATTER,3.5,3.5
null,Speed,6,1,PushZombie,3,SCATTER,3.5,3.5
null,Speed,6,1,BoomZombie,9,SCATTER,3.5,3.5
null,Speed,6,1,RushZombie,3,SCATTER,3.5,3.5
null,Speed,6,1,ZzangDoleZombie,6,SCATTER,3.5,3.5
null,Speed,6,1,ZzangDoleZombieBoss,1,SCATTER,3.5,3.5
null,Speed,7,1,ZombieMan,19,SCATTER,4,4
null,Speed,7,1,PushZombie,3,SCATTER,4,4
null,Speed,7,1,BoomZombie,9,SCATTER,4,4
null,Speed,7,1,RushZombie,3,SCATTER,4,4
null,Speed,7,1,ZzangDoleZombie,6,SCATTER,4,4
null,Speed,7,1,ZzangDoleZombieBoss,1,SCATTER,4,4
null,Speed,8,1,ZombieMan,19,SCATTER,4.5,4.5
null,Speed,8,1,PushZombie,3,SCATTER,4.5,4.5
null,Speed,8,1,BoomZombie,9,SCATTER,4.5,4.5
null,Speed,8,1,RushZombie,3,SCATTER,4.5,4.5
null,Speed,8,1,ZzangDoleZombie,6,SCATTER,4.5,4.5
null,Speed,8,1,ZzangDoleZombieBoss,1,SCATTER,4.5,4.5
null,Speed,9,1,ZombieMan,20,SCATTER,5,5
null,Speed,9,1,PushZombie,3,SCATTER,5,5
null,Speed,9,1,BoomZombie,10,SCATTER,5,5
null,Speed,9,1,RushZombie,3,SCATTER,5,5
null,Speed,9,1,ZzangDoleZombie,7,SCATTER,5,5
null,Speed,9,1,ZzangDoleZombieBoss,1,SCATTER,5,5
null,Speed,10,1,ZombieMan,20,SCATTER,5.5,5.5
null,Speed,10,1,PushZombie,3,SCATTER,5.5,5.5
null,Speed,10,1,BoomZombie,10,SCATTER,5.5,5.5
null,Speed,10,1,RushZombie,3,SCATTER,5.5,5.5
null,Speed,10,1,ZzangDoleZombie,7,SCATTER,5.5,5.5
null,Speed,10,1,ZzangDoleZombieBoss,1,SCATTER,5.5,5.5
null,Speed,11,1,ZombieMan,20,SCATTER,6,6
null,Speed,11,1,PushZombie,3,SCATTER,6,6
null,Speed,11,1,BoomZombie,10,SCATTER,6,6
null,Speed,11,1,RushZombie,3,SCATTER,6,6
null,Speed,11,1,ZzangDoleZombie,7,SCATTER,6,6
null,Speed,11,1,ZzangDoleZombieBoss,1,SCATTER,6,6
null,Speed,12,1,ZombieMan,20,SCATTER,6.5,6.5
null,Speed,12,1,PushZombie,3,SCATTER,6.5,6.5
null,Speed,12,1,BoomZombie,10,SCATTER,6.5,6.5
null,Speed,12,1,RushZombie,3,SCATTER,6.5,6.5
null,Speed,12,1,ZzangDoleZombie,7,SCATTER,6.5,6.5
null,Speed,12,1,ZzangDoleZombieBoss,1,SCATTER,6.5,6.5
null,Speed,13,1,ZombieMan,21,SCATTER,7,7
null,Speed,13,1,PushZombie,3,SCATTER,7,7
null,Speed,13,1,BoomZombie,11,SCATTER,7,7
null,Speed,13,1,RushZombie,3,SCATTER,7,7
null,Speed,13,1,ZzangDoleZombie,8,SCATTER,7,7
null,Speed,13,1,ZzangDoleZombieBoss,2,SCATTER,7,7
null,Speed,14,1,ZombieMan,21,SCATTER,7.5,7.5
null,Speed,14,1,PushZombie,3,SCATTER,7.5,7.5
null,Speed,14,1,BoomZombie,11,SCATTER,7.5,7.5
null,Speed,14,1,RushZombie,3,SCATTER,7.5,7.5
null,Speed,14,1,ZzangDoleZombie,8,SCATTER,7.5,7.5
null,Speed,14,1,ZzangDoleZombieBoss,2,SCATTER,7.5,7.5
null,Speed,15,1,ZombieMan,22,SCATTER,8,8
null,Speed,15,1,PushZombie,4,SCATTER,8,8
null,Speed,15,1,BoomZombie,12,SCATTER,8,8
null,Speed,15,1,RushZombie,4,SCATTER,8,8
null,Speed,15,1,ZzangDoleZombie,9,SCATTER,8,8
null,Speed,15,1,ZzangDoleZombieBoss,2,SCATTER,8,8
null,Speed,16,1,ZombieMan,22,SCATTER,8.5,8.5
null,Speed,16,1,PushZombie,4,SCATTER,8.5,8.5
null,Speed,16,1,BoomZombie,12,SCATTER,8.5,8.5
null,Speed,16,1,RushZombie,4,SCATTER,8.5,8.5
null,Speed,16,1,ZzangDoleZombie,9,SCATTER,8.5,8.5
null,Speed,16,1,ZzangDoleZombieBoss,2,SCATTER,8.5,8.5
null,Speed,17,1,ZombieMan,22,SCATTER,9,8.5
null,Speed,17,1,PushZombie,4,SCATTER,9,8.5
null,Speed,17,1,BoomZombie,12,SCATTER,9,8.5
null,Speed,17,1,RushZombie,4,SCATTER,9,8.5
null,Speed,17,1,ZzangDoleZombie,9,SCATTER,9,8.5
null,Speed,17,1,ZzangDoleZombieBoss,2,SCATTER,9,8.5
null,Speed,18,1,ZombieMan,22,SCATTER,9.5,8.5
null,Speed,18,1,PushZombie,4,SCATTER,9.5,8.5
null,Speed,18,1,BoomZombie,12,SCATTER,9.5,8.5
null,Speed,18,1,RushZombie,4,SCATTER,9.5,8.5
null,Speed,18,1,ZzangDoleZombie,9,SCATTER,9.5,8.5
null,Speed,18,1,ZzangDoleZombieBoss,2,SCATTER,9.5,8.5
null,Speed,19,1,ZombieMan,22,SCATTER,10,8.5
null,Speed,19,1,PushZombie,4,SCATTER,10,8.5
null,Speed,19,1,BoomZombie,12,SCATTER,10,8.5
null,Speed,19,1,RushZombie,4,SCATTER,10,8.5
null,Speed,19,1,ZzangDoleZombie,9,SCATTER,10,8.5
null,Speed,19,1,ZzangDoleZombieBoss,2,SCATTER,10,8.5
null,Speed,20,1,ZombieMan,24,SCATTER,10.5,8.5
null,Speed,20,1,PushZombie,4,SCATTER,10.5,8.5
null,Speed,20,1,BoomZombie,14,SCATTER,10.5,8.5
null,Speed,20,1,RushZombie,4,SCATTER,10.5,8.5
null,Speed,20,1,ZzangDoleZombie,10,SCATTER,10.5,8.5
null,Speed,20,1,ZzangDoleZombieBoss,3,SCATTER,10.5,8.5
null,Speed,21,1,ZombieMan,24,SCATTER,11,8.5
null,Speed,21,1,PushZombie,4,SCATTER,11,8.5
null,Speed,21,1,BoomZombie,14,SCATTER,11,8.5
null,Speed,21,1,RushZombie,4,SCATTER,11,8.5
null,Speed,21,1,ZzangDoleZombie,10,SCATTER,11,8.5
null,Speed,21,1,ZzangDoleZombieBoss,3,SCATTER,11,8.5
null,Speed,22,1,ZombieMan,24,SCATTER,11.5,8.5
null,Speed,22,1,PushZombie,4,SCATTER,11.5,8.5
null,Speed,22,1,BoomZombie,14,SCATTER,11.5,8.5
null,Speed,22,1,RushZombie,4,SCATTER,11.5,8.5
null,Speed,22,1,ZzangDoleZombie,10,SCATTER,11.5,8.5
null,Speed,22,1,ZzangDoleZombieBoss,3,SCATTER,11.5,8.5
null,Speed,23,1,ZombieMan,24,SCATTER,12,8.5
null,Speed,23,1,PushZombie,4,SCATTER,12,8.5
null,Speed,23,1,BoomZombie,14,SCATTER,12,8.5
null,Speed,23,1,RushZombie,4,SCATTER,12,8.5
null,Speed,23,1,ZzangDoleZombie,10,SCATTER,12,8.5
null,Speed,23,1,ZzangDoleZombieBoss,3,SCATTER,12,8.5
null,Speed,24,1,ZombieMan,24,SCATTER,12.5,8.5
null,Speed,24,1,PushZombie,4,SCATTER,12.5,8.5
null,Speed,24,1,BoomZombie,14,SCATTER,12.5,8.5
null,Speed,24,1,RushZombie,4,SCATTER,12.5,8.5
null,Speed,24,1,ZzangDoleZombie,10,SCATTER,12.5,8.5
null,Speed,24,1,ZzangDoleZombieBoss,3,SCATTER,12.5,8.5
null,Speed,25,1,ZombieMan,24,SCATTER,13,8.5
null,Speed,25,1,PushZombie,4,SCATTER,13,8.5
null,Speed,25,1,BoomZombie,14,SCATTER,13,8.5
null,Speed,25,1,RushZombie,4,SCATTER,13,8.5
null,Speed,25,1,ZzangDoleZombie,10,SCATTER,13,8.5
null,Speed,25,1,ZzangDoleZombieBoss,3,SCATTER,13,8.5
null,Speed,26,1,ZombieMan,24,SCATTER,13.5,8.5
null,Speed,26,1,PushZombie,4,SCATTER,13.5,8.5
null,Speed,26,1,BoomZombie,14,SCATTER,13.5,8.5
null,Speed,26,1,RushZombie,4,SCATTER,13.5,8.5
null,Speed,26,1,ZzangDoleZombie,10,SCATTER,13.5,8.5
null,Speed,26,1,ZzangDoleZombieBoss,3,SCATTER,13.5,8.5
null,Speed,27,1,ZombieMan,24,SCATTER,14,8.5
null,Speed,27,1,PushZombie,4,SCATTER,14,8.5
null,Speed,27,1,BoomZombie,14,SCATTER,14,8.5
null,Speed,27,1,RushZombie,4,SCATTER,14,8.5
null,Speed,27,1,ZzangDoleZombie,10,SCATTER,14,8.5
null,Speed,27,1,ZzangDoleZombieBoss,3,SCATTER,14,8.5
null,Speed,28,1,ZombieMan,24,SCATTER,14.5,8.5
null,Speed,28,1,PushZombie,4,SCATTER,14.5,8.5
null,Speed,28,1,BoomZombie,14,SCATTER,14.5,8.5
null,Speed,28,1,RushZombie,4,SCATTER,14.5,8.5
null,Speed,28,1,ZzangDoleZombie,10,SCATTER,14.5,8.5
null,Speed,28,1,ZzangDoleZombieBoss,3,SCATTER,14.5,8.5
null,Speed,29,1,ZombieMan,24,SCATTER,15,8.5
null,Speed,29,1,PushZombie,4,SCATTER,15,8.5
null,Speed,29,1,BoomZombie,14,SCATTER,15,8.5
null,Speed,29,1,RushZombie,4,SCATTER,15,8.5
null,Speed,29,1,ZzangDoleZombie,10,SCATTER,15,8.5
null,Speed,29,1,ZzangDoleZombieBoss,3,SCATTER,15,8.5
null,Speed,30,1,ZombieMan,25,SCATTER,15.5,8.5
null,Speed,30,1,PushZombie,5,SCATTER,15.5,8.5
null,Speed,30,1,BoomZombie,15,SCATTER,15.5,8.5
null,Speed,30,1,RushZombie,5,SCATTER,15.5,8.5
null,Speed,30,1,ZzangDoleZombie,11,SCATTER,15.5,8.5
null,Speed,30,1,ZzangDoleZombieBoss,3,SCATTER,15.5,8.5
null,Ad,1,1,ZombieMan,8,SCATTER,1.2,1.2,1
null,Ad,1,1,RushZombie,3,LINE_RIGHT,1.2,1.2,1
null,Ad,1,1,ZombieMan,6,SCATTER,1.2,1.2,2
null,Ad,1,1,ZzangDoleZombie,4,SCATTER,1.2,1.2,2
null,Ad,1,1,PushZombie,2,LINE_CENTER,1.2,1.2,2
null,Ad,1,2,ZombieMan,8,SCATTER,2.0,2.0,1
null,Ad,1,2,BoomZombie,3,SCATTER,2.0,2.0,1
null,Ad,1,2,DefTankZombie,2,LINE_CENTER,2.0,2.0,1
null,Ad,1,2,ZzangDoleZombie,5,SCATTER,2.0,2.0,2
null,Ad,1,2,RushZombie,4,LINE_RIGHT,2.0,2.0,2
null,Ad,1,2,ZombieBoss,1,LINE_LEFT,3.2,3.2,2
