wave_group,wave,sub_wave,enemy_type,count,formation_type,hp_multiplier,attack_multiplier
GOLD_RUSH_W1,1,1,ZombieMan,25,SCATTER,10000,10000
GOLD_RUSH_W1,1,1,ZombieWoman,15,SCATTER,10000,10000
BOSS_RUSH_W1,1,1,ZzangDoleZombieBoss,1,SCATTER,10000,10000
BOSS_RUSH_W1,1,1,PushZombieBoss,1,SCATTER,10000,10000
BOSS_RUSH_W1,1,1,BoomZombieBoss,1,SCATTER,10000,10000
BOSS_RUSH_W1,1,1,RushZombieBoss,1,SCATTER,10000,10000
BOSS_RUSH_W1,1,1,RushZombieBoss2,1,SCATTER,10000,10000
MONSTER_RUSH_W1,1,1,RushZombie,2,SCATTER,10000,10000
MONSTER_RUSH_W1,1,1,ZzangDoleZombie,2,SCATTER,10000,10000
MONSTER_RUSH_W1,1,1,ZombieMan,20,SCATTER,10000,10000
MONSTER_RUSH_W1,1,1,ZombieWoman,8,SCATTER,10000,10000
MONSTER_RUSH_W1,1,1,BoomZombie,4,SCATTER,10000,10000
SPEED_RUSH_W1,1,1,ZombieMan,16,SCATTER,10000,10000
SPEED_RUSH_W1,1,1,PushZombie,2,SCATTER,10000,10000
SPEED_RUSH_W1,1,1,BoomZombie,6,SCATTER,10000,10000
SPEED_RUSH_W1,1,1,RushZombie,2,SCATTER,10000,10000
SPEED_RUSH_W1,1,1,ZzangDoleZombie,4,SCATTER,10000,10000
SPEED_RUSH_W1,1,1,ZzangDoleZombieBoss,1,SCATTER,10000,10000
TUTO01_W05,1,1,ZombieMan,5,SCATTER,10000,10000
TUTO01_W05,1,2,ZombieMan,7,SCATTER,10000,10000
TUTO01_W05,2,1,ZombieMan,6,SCATTER,12000,12000
TUTO01_W05,2,2,ZombieMan,8,SCATTER,12000,12000
TUTO01_W05,3,1,ZombieMan,6,SCATTER,14000,14000
TUTO01_W05,3,2,ZombieMan,9,SCATTER,14000,14000
TUTO01_W05,4,1,DefTankZombie,1,LINE_CENTER,16000,16000
TUTO01_W05,4,1,ZombieMan,6,SCATTER,16000,16000
TUTO01_W05,4,2,DefTankZombie,1,LINE_CENTER,16000,16000
TUTO01_W05,4,2,ZombieMan,9,SCATTER,16000,16000
TUTO01_W05,5,1,DefTankZombie,1,LINE_CENTER,18000,18000
TUTO01_W05,5,1,ZombieMan,5,SCATTER,18000,18000
TUTO01_W05,5,2,DefTankZombie,1,LINE_CENTER,18000,18000
TUTO01_W05,5,2,ZombieMan,8,SCATTER,18000,18000
TUTO01_W05,5,2,ZombieBoss,1,LINE_LEFT,18000,18000
TUTO02_W10,1,1,ZombieMan,5,SCATTER,10000,10000
TUTO02_W10,1,2,ZombieMan,7,SCATTER,10000,10000
TUTO02_W10,2,1,ZombieMan,6,SCATTER,12000,12000
TUTO02_W10,2,2,ZombieMan,8,SCATTER,12000,12000
TUTO02_W10,3,1,ZombieMan,6,SCATTER,14000,14000
TUTO02_W10,3,2,ZombieMan,9,SCATTER,14000,14000
TUTO02_W10,4,1,ZombieMan,6,SCATTER,16000,16000
TUTO02_W10,4,1,ZzangDoleZombie,1,LINE_LEFT,16000,16000
TUTO02_W10,4,2,ZombieMan,9,SCATTER,16000,16000
TUTO02_W10,4,2,ZzangDoleZombie,1,LINE_LEFT,16000,16000
TUTO02_W10,5,1,ZombieMan,5,SCATTER,18000,18000
TUTO02_W10,5,1,ZzangDoleZombie,1,LINE_LEFT,18000,18000
TUTO02_W10,5,2,ZombieMan,8,SCATTER,18000,18000
TUTO02_W10,5,2,ZzangDoleZombie,1,LINE_LEFT,18000,18000
TUTO02_W10,5,2,ZombieBoss,1,LINE_LEFT,18000,18000
TUTO02_W10,6,1,ZombieMan,7,SCATTER,20000,20000
TUTO02_W10,6,1,ZzangDoleZombie,1,LINE_LEFT,20000,20000
TUTO02_W10,6,2,ZombieMan,11,SCATTER,20000,20000
TUTO02_W10,6,2,ZzangDoleZombie,1,LINE_LEFT,20000,20000
TUTO02_W10,7,1,ZombieMan,8,SCATTER,22000,22000
TUTO02_W10,7,1,ZzangDoleZombie,1,LINE_LEFT,22000,22000
TUTO02_W10,7,2,ZombieMan,11,SCATTER,22000,22000
TUTO02_W10,7,2,ZzangDoleZombie,2,LINE_LEFT,22000,22000
TUTO02_W10,8,1,ZombieMan,8,SCATTER,24000,24000
TUTO02_W10,8,1,ZzangDoleZombie,1,LINE_LEFT,24000,24000
TUTO02_W10,8,2,ZombieMan,12,SCATTER,24000,24000
TUTO02_W10,8,2,ZzangDoleZombie,2,LINE_LEFT,24000,24000
TUTO02_W10,9,1,RushZombie,1,SCATTER,26000,26000
TUTO02_W10,9,1,ZombieMan,7,SCATTER,26000,26000
TUTO02_W10,9,1,ZzangDoleZombie,2,LINE_LEFT,26000,26000
TUTO02_W10,9,2,RushZombie,1,SCATTER,26000,26000
TUTO02_W10,9,2,ZombieMan,11,SCATTER,26000,26000
TUTO02_W10,9,2,ZzangDoleZombie,2,LINE_LEFT,26000,26000
TUTO02_W10,10,1,RushZombie,1,SCATTER,28000,28000
TUTO02_W10,10,1,ZombieMan,6,SCATTER,28000,28000
TUTO02_W10,10,1,ZzangDoleZombie,2,LINE_LEFT,28000,28000
TUTO02_W10,10,2,RushZombie,1,SCATTER,28000,28000
TUTO02_W10,10,2,ZombieMan,9,SCATTER,28000,28000
TUTO02_W10,10,2,ZzangDoleZombie,2,LINE_LEFT,28000,28000
TUTO02_W10,10,2,ZzangDoleZombieBoss,1,LINE_LEFT,28000,28000
CH01_START_W15,1,1,PushZombie,2,LINE_RIGHT,10000,10000
CH01_START_W15,1,1,ZombieMan,3,SCATTER,10000,10000
CH01_START_W15,1,2,PushZombie,3,LINE_RIGHT,10000,10000
CH01_START_W15,1,2,ZzangDoleZombie,3,LINE_LEFT,10000,10000
CH01_START_W15,2,1,PushZombie,2,LINE_RIGHT,12000,12000
CH01_START_W15,2,1,ZombieWoman,4,SCATTER,12000,12000
CH01_START_W15,2,2,PushZombie,2,LINE_RIGHT,12000,12000
CH01_START_W15,2,2,ZombieMan,1,SCATTER,12000,12000
CH01_START_W15,2,2,ZombieWoman,4,SCATTER,12000,12000
CH01_START_W15,3,1,PushZombie,1,LINE_RIGHT,14000,14000
CH01_START_W15,3,1,ZombieMan,3,SCATTER,14000,14000
CH01_START_W15,3,1,ZzangDoleZombie,3,LINE_LEFT,14000,14000
CH01_START_W15,3,2,PushZombie,3,LINE_RIGHT,14000,14000
CH01_START_W15,3,2,ZombieWoman,3,SCATTER,14000,14000
CH01_START_W15,3,2,ZzangDoleZombie,2,LINE_LEFT,14000,14000
CH01_START_W15,4,1,PushZombie,2,LINE_RIGHT,16000,16000
CH01_START_W15,4,1,ZombieMan,4,SCATTER,16000,16000
CH01_START_W15,4,1,ZombieWoman,2,SCATTER,16000,16000
CH01_START_W15,4,2,PushZombie,3,LINE_RIGHT,16000,16000
CH01_START_W15,4,2,ZombieMan,4,SCATTER,16000,16000
CH01_START_W15,4,2,ZombieWoman,2,SCATTER,16000,16000
CH01_START_W15,5,1,PushZombie,2,LINE_RIGHT,18000,18000
CH01_START_W15,5,1,ZombieMan,3,SCATTER,18000,18000
CH01_START_W15,5,2,PushZombie,2,LINE_RIGHT,18000,18000
CH01_START_W15,5,2,ZombieMan,2,SCATTER,18000,18000
CH01_START_W15,5,2,ZombieWoman,4,SCATTER,18000,18000
CH01_START_W15,5,2,ZombieBoss,1,LINE_LEFT,18000,18000
CH01_START_W15,6,1,PushZombie,2,LINE_RIGHT,20000,20000
CH01_START_W15,6,1,ZombieMan,1,SCATTER,20000,20000
CH01_START_W15,6,1,ZombieWoman,4,SCATTER,20000,20000
CH01_START_W15,6,2,PushZombie,3,LINE_RIGHT,20000,20000
CH01_START_W15,6,2,ZombieWoman,2,SCATTER,20000,20000
CH01_START_W15,6,2,ZzangDoleZombie,3,LINE_LEFT,20000,20000
CH01_START_W15,7,1,PushZombie,2,LINE_RIGHT,22000,22000
CH01_START_W15,7,1,ZombieMan,4,SCATTER,22000,22000
CH01_START_W15,7,1,ZzangDoleZombie,1,LINE_LEFT,22000,22000
CH01_START_W15,7,2,PushZombie,3,LINE_RIGHT,22000,22000
CH01_START_W15,7,2,ZombieWoman,4,SCATTER,22000,22000
CH01_START_W15,7,2,ZzangDoleZombie,3,LINE_LEFT,22000,22000
CH01_START_W15,8,1,PushZombie,3,LINE_RIGHT,24000,24000
CH01_START_W15,8,1,ZombieMan,5,SCATTER,24000,24000
CH01_START_W15,8,1,ZombieWoman,1,SCATTER,24000,24000
CH01_START_W15,8,2,PushZombie,3,LINE_RIGHT,24000,24000
CH01_START_W15,8,2,ZombieMan,4,SCATTER,24000,24000
CH01_START_W15,8,2,ZombieWoman,3,SCATTER,24000,24000
CH01_START_W15,9,1,PushZombie,2,LINE_RIGHT,26000,26000
CH01_START_W15,9,1,ZombieWoman,4,SCATTER,26000,26000
CH01_START_W15,9,1,ZzangDoleZombie,3,LINE_LEFT,26000,26000
CH01_START_W15,9,2,PushZombie,2,LINE_RIGHT,26000,26000
CH01_START_W15,9,2,ZombieWoman,7,SCATTER,26000,26000
CH01_START_W15,9,2,ZzangDoleZombie,3,LINE_LEFT,26000,26000
CH01_START_W15,10,1,PushZombie,2,LINE_RIGHT,28000,28000
CH01_START_W15,10,1,ZombieWoman,5,SCATTER,28000,28000
CH01_START_W15,10,2,PushZombie,3,LINE_RIGHT,28000,28000
CH01_START_W15,10,2,ZombieMan,4,SCATTER,28000,28000
CH01_START_W15,10,2,ZzangDoleZombie,2,LINE_LEFT,28000,28000
CH01_START_W15,10,2,ZombieBoss,1,LINE_LEFT,28000,28000
CH01_START_W15,11,1,PushZombie,3,LINE_RIGHT,30000,30000
CH01_START_W15,11,1,ZombieMan,4,SCATTER,30000,30000
CH01_START_W15,11,1,ZzangDoleZombie,2,LINE_LEFT,30000,30000
CH01_START_W15,11,2,PushZombie,2,LINE_RIGHT,30000,30000
CH01_START_W15,11,2,ZombieMan,3,SCATTER,30000,30000
CH01_START_W15,11,2,ZombieWoman,5,SCATTER,30000,30000
CH01_START_W15,12,1,PushZombie,3,LINE_RIGHT,32000,32000
CH01_START_W15,12,1,ZombieWoman,3,SCATTER,32000,32000
CH01_START_W15,12,1,ZzangDoleZombie,3,LINE_LEFT,32000,32000
CH01_START_W15,12,2,PushZombie,3,LINE_RIGHT,32000,32000
CH01_START_W15,12,2,ZombieMan,6,SCATTER,32000,32000
CH01_START_W15,12,2,ZzangDoleZombie,3,LINE_LEFT,32000,32000
CH01_START_W15,13,1,PushZombie,3,LINE_RIGHT,34000,34000
CH01_START_W15,13,1,ZombieMan,5,SCATTER,34000,34000
CH01_START_W15,13,1,ZzangDoleZombie,3,LINE_LEFT,34000,34000
CH01_START_W15,13,2,PushZombie,4,LINE_RIGHT,34000,34000
CH01_START_W15,13,2,ZombieMan,2,SCATTER,34000,34000
CH01_START_W15,13,2,ZombieWoman,6,SCATTER,34000,34000
CH01_START_W15,14,1,PushZombie,2,LINE_RIGHT,36000,36000
CH01_START_W15,14,1,ZombieMan,6,SCATTER,36000,36000
CH01_START_W15,14,1,ZombieWoman,2,SCATTER,36000,36000
CH01_START_W15,14,2,PushZombie,4,LINE_RIGHT,36000,36000
CH01_START_W15,14,2,ZombieWoman,5,SCATTER,36000,36000
CH01_START_W15,14,2,ZzangDoleZombie,3,LINE_LEFT,36000,36000
CH01_START_W15,15,1,PushZombie,2,LINE_RIGHT,38000,38000
CH01_START_W15,15,1,ZombieMan,6,SCATTER,38000,38000
CH01_START_W15,15,1,ZzangDoleZombie,1,LINE_LEFT,38000,38000
CH01_START_W15,15,2,PushZombie,4,LINE_RIGHT,38000,38000
CH01_START_W15,15,2,ZombieWoman,5,SCATTER,38000,38000
CH01_START_W15,15,2,ZzangDoleZombie,3,LINE_LEFT,38000,38000
CH01_START_W15,15,2,ZzangDoleZombieBoss,1,LINE_LEFT,38000,38000
CH01_MID_W15,1,1,PushZombie,2,LINE_RIGHT,10000,10000
CH01_MID_W15,1,1,ZombieWoman,3,SCATTER,10000,10000
CH01_MID_W15,1,2,PushZombie,4,LINE_RIGHT,10000,10000
CH01_MID_W15,1,2,ZzangDoleZombie,3,LINE_LEFT,10000,10000
CH01_MID_W15,2,1,PushZombie,2,LINE_RIGHT,12000,12000
CH01_MID_W15,2,1,ZombieWoman,5,SCATTER,12000,12000
CH01_MID_W15,2,2,PushZombie,2,LINE_RIGHT,12000,12000
CH01_MID_W15,2,2,ZombieWoman,4,SCATTER,12000,12000
CH01_MID_W15,2,2,ZzangDoleZombie,1,LINE_LEFT,12000,12000
CH01_MID_W15,3,1,PushZombie,1,LINE_RIGHT,14000,14000
CH01_MID_W15,3,1,RushZombie,1,SCATTER,14000,14000
CH01_MID_W15,3,1,ZombieWoman,5,SCATTER,14000,14000
CH01_MID_W15,3,2,PushZombie,2,LINE_RIGHT,14000,14000
CH01_MID_W15,3,2,ZombieMan,6,SCATTER,14000,14000
CH01_MID_W15,3,2,ZombieWoman,1,SCATTER,14000,14000
CH01_MID_W15,4,1,PushZombie,4,LINE_RIGHT,16000,16000
CH01_MID_W15,4,1,RushZombie,1,SCATTER,16000,16000
CH01_MID_W15,4,1,ZzangDoleZombie,3,LINE_LEFT,16000,16000
CH01_MID_W15,4,2,PushZombie,2,LINE_RIGHT,16000,16000
CH01_MID_W15,4,2,RushZombie,1,SCATTER,16000,16000
CH01_MID_W15,4,2,ZombieMan,6,SCATTER,16000,16000
CH01_MID_W15,5,1,PushZombie,3,LINE_RIGHT,18000,18000
CH01_MID_W15,5,1,ZzangDoleZombie,3,LINE_LEFT,18000,18000
CH01_MID_W15,5,2,PushZombie,2,LINE_RIGHT,18000,18000
CH01_MID_W15,5,2,RushZombie,1,SCATTER,18000,18000
CH01_MID_W15,5,2,ZombieWoman,5,SCATTER,18000,18000
CH01_MID_W15,5,2,ZombieBoss,1,LINE_LEFT,18000,18000
CH01_MID_W15,6,1,PushZombie,2,LINE_RIGHT,20000,20000
CH01_MID_W15,6,1,ZombieMan,2,SCATTER,20000,20000
CH01_MID_W15,6,1,ZombieWoman,3,SCATTER,20000,20000
CH01_MID_W15,6,2,PushZombie,3,LINE_RIGHT,20000,20000
CH01_MID_W15,6,2,RushZombie,2,SCATTER,20000,20000
CH01_MID_W15,6,2,ZzangDoleZombie,3,LINE_LEFT,20000,20000
CH01_MID_W15,7,1,PushZombie,1,LINE_RIGHT,22000,22000
CH01_MID_W15,7,1,RushZombie,1,SCATTER,22000,22000
CH01_MID_W15,7,1,ZombieWoman,5,SCATTER,22000,22000
CH01_MID_W15,7,2,PushZombie,2,LINE_RIGHT,22000,22000
CH01_MID_W15,7,2,RushZombie,1,SCATTER,22000,22000
CH01_MID_W15,7,2,ZombieMan,7,SCATTER,22000,22000
CH01_MID_W15,8,1,PushZombie,1,LINE_RIGHT,24000,24000
CH01_MID_W15,8,1,RushZombie,1,SCATTER,24000,24000
CH01_MID_W15,8,1,ZombieMan,7,SCATTER,24000,24000
CH01_MID_W15,8,2,PushZombie,3,LINE_RIGHT,24000,24000
CH01_MID_W15,8,2,ZombieMan,4,SCATTER,24000,24000
CH01_MID_W15,8,2,ZzangDoleZombie,3,LINE_LEFT,24000,24000
CH01_MID_W15,9,1,PushZombie,2,LINE_RIGHT,26000,26000
CH01_MID_W15,9,1,ZombieMan,4,SCATTER,26000,26000
CH01_MID_W15,9,1,ZzangDoleZombie,3,LINE_LEFT,26000,26000
CH01_MID_W15,9,2,PushZombie,4,LINE_RIGHT,26000,26000
CH01_MID_W15,9,2,ZombieMan,5,SCATTER,26000,26000
CH01_MID_W15,9,2,ZzangDoleZombie,3,LINE_LEFT,26000,26000
CH01_MID_W15,10,1,PushZombie,2,LINE_RIGHT,28000,28000
CH01_MID_W15,10,1,ZombieWoman,5,SCATTER,28000,28000
CH01_MID_W15,10,2,PushZombie,3,LINE_RIGHT,28000,28000
CH01_MID_W15,10,2,ZombieMan,3,SCATTER,28000,28000
CH01_MID_W15,10,2,ZombieWoman,3,SCATTER,28000,28000
CH01_MID_W15,10,2,ZzangDoleZombieBoss,1,LINE_LEFT,28000,28000
CH01_MID_W15,11,1,PushZombie,2,LINE_RIGHT,30000,30000
CH01_MID_W15,11,1,ZombieMan,4,SCATTER,30000,30000
CH01_MID_W15,11,1,ZombieWoman,3,SCATTER,30000,30000
CH01_MID_W15,11,2,PushZombie,2,LINE_RIGHT,30000,30000
CH01_MID_W15,11,2,ZombieWoman,5,SCATTER,30000,30000
CH01_MID_W15,11,2,ZzangDoleZombie,3,LINE_LEFT,30000,30000
CH01_MID_W15,12,1,PushZombie,3,LINE_RIGHT,32000,32000
CH01_MID_W15,12,1,ZombieMan,4,SCATTER,32000,32000
CH01_MID_W15,12,1,ZombieWoman,2,SCATTER,32000,32000
CH01_MID_W15,12,2,PushZombie,2,LINE_RIGHT,32000,32000
CH01_MID_W15,12,2,ZombieMan,3,SCATTER,32000,32000
CH01_MID_W15,12,2,ZombieWoman,5,SCATTER,32000,32000
CH01_MID_W15,12,2,ZzangDoleZombie,2,LINE_LEFT,32000,32000
CH01_MID_W15,13,1,PushZombie,4,LINE_RIGHT,34000,34000
CH01_MID_W15,13,1,ZombieMan,2,SCATTER,34000,34000
CH01_MID_W15,13,1,ZombieWoman,5,SCATTER,34000,34000
CH01_MID_W15,13,2,PushZombie,3,LINE_RIGHT,34000,34000
CH01_MID_W15,13,2,ZombieMan,4,SCATTER,34000,34000
CH01_MID_W15,13,2,ZombieWoman,2,SCATTER,34000,34000
CH01_MID_W15,13,2,ZzangDoleZombie,3,LINE_LEFT,34000,34000
CH01_MID_W15,14,1,PushZombie,2,LINE_RIGHT,36000,36000
CH01_MID_W15,14,1,ZombieMan,2,SCATTER,36000,36000
CH01_MID_W15,14,1,ZombieWoman,3,SCATTER,36000,36000
CH01_MID_W15,14,1,ZzangDoleZombie,3,LINE_LEFT,36000,36000
CH01_MID_W15,14,2,PushZombie,2,LINE_RIGHT,36000,36000
CH01_MID_W15,14,2,ZombieMan,5,SCATTER,36000,36000
CH01_MID_W15,14,2,ZombieWoman,4,SCATTER,36000,36000
CH01_MID_W15,14,2,ZzangDoleZombie,2,LINE_LEFT,36000,36000
CH01_MID_W15,15,1,PushZombie,2,LINE_RIGHT,38000,38000
CH01_MID_W15,15,1,ZombieMan,4,SCATTER,38000,38000
CH01_MID_W15,15,1,ZzangDoleZombie,3,LINE_LEFT,38000,38000
CH01_MID_W15,15,2,PushZombie,2,LINE_RIGHT,38000,38000
CH01_MID_W15,15,2,ZombieMan,3,SCATTER,38000,38000
CH01_MID_W15,15,2,ZombieWoman,5,SCATTER,38000,38000
CH01_MID_W15,15,2,ZzangDoleZombie,2,LINE_LEFT,38000,38000
CH01_MID_W15,15,2,PushZombieBoss,1,LINE_LEFT,38000,38000
CH01_LATE_W15,1,1,PushZombie,2,LINE_RIGHT,10000,10000
CH01_LATE_W15,1,1,ZombieMan,3,SCATTER,10000,10000
CH01_LATE_W15,1,2,PushZombie,2,LINE_RIGHT,10000,10000
CH01_LATE_W15,1,2,ZombieMan,5,SCATTER,10000,10000
CH01_LATE_W15,2,1,PushZombie,2,LINE_RIGHT,12000,12000
CH01_LATE_W15,2,1,ZombieWoman,5,SCATTER,12000,12000
CH01_LATE_W15,2,2,BoomZombie,1,SCATTER,12000,12000
CH01_LATE_W15,2,2,PushZombie,1,LINE_RIGHT,12000,12000
CH01_LATE_W15,2,2,ZombieWoman,5,SCATTER,12000,12000
CH01_LATE_W15,3,1,PushZombie,2,LINE_RIGHT,14000,14000
CH01_LATE_W15,3,1,ZombieWoman,3,SCATTER,14000,14000
CH01_LATE_W15,3,1,ZzangDoleZombie,2,LINE_LEFT,14000,14000
CH01_LATE_W15,3,2,PushZombie,1,LINE_RIGHT,14000,14000
CH01_LATE_W15,3,2,ZombieMan,4,SCATTER,14000,14000
CH01_LATE_W15,3,2,ZombieWoman,4,SCATTER,14000,14000
CH01_LATE_W15,4,1,BoomZombie,1,SCATTER,16000,16000
CH01_LATE_W15,4,1,PushZombie,2,LINE_RIGHT,16000,16000
CH01_LATE_W15,4,1,ZombieWoman,6,SCATTER,16000,16000
CH01_LATE_W15,4,2,BoomZombie,1,SCATTER,16000,16000
CH01_LATE_W15,4,2,PushZombie,1,LINE_RIGHT,16000,16000
CH01_LATE_W15,4,2,RushZombie,1,SCATTER,16000,16000
CH01_LATE_W15,4,2,ZombieMan,6,SCATTER,16000,16000
CH01_LATE_W15,5,1,PushZombie,2,LINE_RIGHT,18000,18000
CH01_LATE_W15,5,1,ZombieWoman,4,SCATTER,18000,18000
CH01_LATE_W15,5,2,PushZombie,3,LINE_RIGHT,18000,18000
CH01_LATE_W15,5,2,ZombieWoman,3,SCATTER,18000,18000
CH01_LATE_W15,5,2,ZzangDoleZombie,2,LINE_LEFT,18000,18000
CH01_LATE_W15,5,2,ZzangDoleZombieBoss,1,LINE_LEFT,18000,18000
CH01_LATE_W15,6,1,PushZombie,1,LINE_RIGHT,20000,20000
CH01_LATE_W15,6,1,ZombieWoman,4,SCATTER,20000,20000
CH01_LATE_W15,6,1,ZzangDoleZombie,2,LINE_LEFT,20000,20000
CH01_LATE_W15,6,2,PushZombie,1,LINE_RIGHT,20000,20000
CH01_LATE_W15,6,2,ZombieWoman,5,SCATTER,20000,20000
CH01_LATE_W15,6,2,ZzangDoleZombie,3,LINE_LEFT,20000,20000
CH01_LATE_W15,7,1,PushZombie,3,LINE_RIGHT,22000,22000
CH01_LATE_W15,7,1,ZombieWoman,3,SCATTER,22000,22000
CH01_LATE_W15,7,1,ZzangDoleZombie,2,LINE_LEFT,22000,22000
CH01_LATE_W15,7,2,BoomZombie,1,SCATTER,22000,22000
CH01_LATE_W15,7,2,PushZombie,1,LINE_RIGHT,22000,22000
CH01_LATE_W15,7,2,RushZombie,1,SCATTER,22000,22000
CH01_LATE_W15,7,2,ZombieMan,7,SCATTER,22000,22000
CH01_LATE_W15,8,1,PushZombie,3,LINE_RIGHT,24000,24000
CH01_LATE_W15,8,1,ZombieMan,2,SCATTER,24000,24000
CH01_LATE_W15,8,1,ZombieWoman,4,SCATTER,24000,24000
CH01_LATE_W15,8,2,BoomZombie,1,SCATTER,24000,24000
CH01_LATE_W15,8,2,PushZombie,2,LINE_RIGHT,24000,24000
CH01_LATE_W15,8,2,ZombieMan,4,SCATTER,24000,24000
CH01_LATE_W15,8,2,ZzangDoleZombie,3,LINE_LEFT,24000,24000
CH01_LATE_W15,9,1,PushZombie,2,LINE_RIGHT,26000,26000
CH01_LATE_W15,9,1,RushZombie,1,SCATTER,26000,26000
CH01_LATE_W15,9,1,ZombieMan,4,SCATTER,26000,26000
CH01_LATE_W15,9,1,ZzangDoleZombie,2,LINE_LEFT,26000,26000
CH01_LATE_W15,9,2,BoomZombie,1,SCATTER,26000,26000
CH01_LATE_W15,9,2,PushZombie,2,LINE_RIGHT,26000,26000
CH01_LATE_W15,9,2,RushZombie,1,SCATTER,26000,26000
CH01_LATE_W15,9,2,ZombieMan,8,SCATTER,26000,26000
CH01_LATE_W15,10,1,PushZombie,4,LINE_RIGHT,28000,28000
CH01_LATE_W15,10,1,ZzangDoleZombie,3,LINE_LEFT,28000,28000
CH01_LATE_W15,10,2,PushZombie,2,LINE_RIGHT,28000,28000
CH01_LATE_W15,10,2,ZombieWoman,7,SCATTER,28000,28000
CH01_LATE_W15,10,2,ZzangDoleZombie,1,LINE_LEFT,28000,28000
CH01_LATE_W15,10,2,PushZombieBoss,1,LINE_LEFT,28000,28000
CH01_LATE_W15,11,1,PushZombie,2,LINE_RIGHT,30000,30000
CH01_LATE_W15,11,1,RushZombie,1,SCATTER,30000,30000
CH01_LATE_W15,11,1,ZombieMan,6,SCATTER,30000,30000
CH01_LATE_W15,11,2,BoomZombie,1,SCATTER,30000,30000
CH01_LATE_W15,11,2,PushZombie,1,LINE_RIGHT,30000,30000
CH01_LATE_W15,11,2,RushZombie,1,SCATTER,30000,30000
CH01_LATE_W15,11,2,ZombieWoman,7,SCATTER,30000,30000
CH01_LATE_W15,12,1,BoomZombie,2,SCATTER,32000,32000
CH01_LATE_W15,12,1,PushZombie,1,LINE_RIGHT,32000,32000
CH01_LATE_W15,12,1,ZombieMan,6,SCATTER,32000,32000
CH01_LATE_W15,12,2,PushZombie,2,LINE_RIGHT,32000,32000
CH01_LATE_W15,12,2,RushZombie,1,SCATTER,32000,32000
CH01_LATE_W15,12,2,ZombieMan,4,SCATTER,32000,32000
CH01_LATE_W15,12,2,ZombieWoman,5,SCATTER,32000,32000
CH01_LATE_W15,13,1,PushZombie,2,LINE_RIGHT,34000,34000
CH01_LATE_W15,13,1,RushZombie,2,SCATTER,34000,34000
CH01_LATE_W15,13,1,ZombieMan,7,SCATTER,34000,34000
CH01_LATE_W15,13,2,PushZombie,3,LINE_RIGHT,34000,34000
CH01_LATE_W15,13,2,ZombieMan,3,SCATTER,34000,34000
CH01_LATE_W15,13,2,ZombieWoman,4,SCATTER,34000,34000
CH01_LATE_W15,13,2,ZzangDoleZombie,2,LINE_LEFT,34000,34000
CH01_LATE_W15,14,1,PushZombie,2,LINE_RIGHT,36000,36000
CH01_LATE_W15,14,1,ZombieMan,3,SCATTER,36000,36000
CH01_LATE_W15,14,1,ZombieWoman,4,SCATTER,36000,36000
CH01_LATE_W15,14,1,ZzangDoleZombie,1,LINE_LEFT,36000,36000
CH01_LATE_W15,14,2,PushZombie,3,LINE_RIGHT,36000,36000
CH01_LATE_W15,14,2,ZombieMan,5,SCATTER,36000,36000
CH01_LATE_W15,14,2,ZombieWoman,3,SCATTER,36000,36000
CH01_LATE_W15,14,2,ZzangDoleZombie,2,LINE_LEFT,36000,36000
CH01_LATE_W15,15,1,PushZombie,2,LINE_RIGHT,38000,38000
CH01_LATE_W15,15,1,ZombieWoman,5,SCATTER,38000,38000
CH01_LATE_W15,15,1,ZzangDoleZombie,2,LINE_LEFT,38000,38000
CH01_LATE_W15,15,2,PushZombie,3,LINE_RIGHT,38000,38000
CH01_LATE_W15,15,2,ZombieMan,3,SCATTER,38000,38000
CH01_LATE_W15,15,2,ZombieWoman,4,SCATTER,38000,38000
CH01_LATE_W15,15,2,ZzangDoleZombie,2,LINE_LEFT,38000,38000
CH01_LATE_W15,15,2,ZzangDoleZombieBoss,1,LINE_LEFT,38000,38000
CH01_END_W15,1,1,PushZombie,2,LINE_RIGHT,10000,10000
CH01_END_W15,1,1,ZombieWoman,3,SCATTER,10000,10000
CH01_END_W15,1,2,PushZombie,4,LINE_RIGHT,10000,10000
CH01_END_W15,1,2,ZzangDoleZombie,3,LINE_LEFT,10000,10000
CH01_END_W15,2,1,PushZombie,4,LINE_RIGHT,12000,12000
CH01_END_W15,2,1,ZzangDoleZombie,3,LINE_LEFT,12000,12000
CH01_END_W15,2,2,PushZombie,2,LINE_RIGHT,12000,12000
CH01_END_W15,2,2,ZombieWoman,4,SCATTER,12000,12000
CH01_END_W15,2,2,ZzangDoleZombie,1,LINE_LEFT,12000,12000
CH01_END_W15,3,1,PushZombie,1,LINE_RIGHT,14000,14000
CH01_END_W15,3,1,RushZombie,1,SCATTER,14000,14000
CH01_END_W15,3,1,ZombieWoman,5,SCATTER,14000,14000
CH01_END_W15,3,2,PushZombie,2,LINE_RIGHT,14000,14000
CH01_END_W15,3,2,RushZombie,1,SCATTER,14000,14000
CH01_END_W15,3,2,ZombieWoman,6,SCATTER,14000,14000
CH01_END_W15,4,1,PushZombie,2,LINE_RIGHT,16000,16000
CH01_END_W15,4,1,ZombieMan,3,SCATTER,16000,16000
CH01_END_W15,4,1,ZombieWoman,4,SCATTER,16000,16000
CH01_END_W15,4,2,BoomZombie,1,SCATTER,16000,16000
CH01_END_W15,4,2,PushZombie,1,LINE_RIGHT,16000,16000
CH01_END_W15,4,2,RushZombie,1,SCATTER,16000,16000
CH01_END_W15,4,2,ZombieMan,6,SCATTER,16000,16000
CH01_END_W15,5,1,PushZombie,2,LINE_RIGHT,18000,18000
CH01_END_W15,5,1,ZombieWoman,4,SCATTER,18000,18000
CH01_END_W15,5,2,BoomZombie,2,SCATTER,18000,18000
CH01_END_W15,5,2,PushZombie,3,LINE_RIGHT,18000,18000
CH01_END_W15,5,2,ZzangDoleZombie,3,LINE_LEFT,18000,18000
CH01_END_W15,5,2,ZombieBoss,1,LINE_LEFT,18000,18000
CH01_END_W15,6,1,PushZombie,1,LINE_RIGHT,20000,20000
CH01_END_W15,6,1,RushZombie,1,SCATTER,20000,20000
CH01_END_W15,6,1,ZombieWoman,5,SCATTER,20000,20000
CH01_END_W15,6,2,PushZombie,2,LINE_RIGHT,20000,20000
CH01_END_W15,6,2,RushZombie,1,SCATTER,20000,20000
CH01_END_W15,6,2,ZombieMan,6,SCATTER,20000,20000
CH01_END_W15,7,1,PushZombie,3,LINE_RIGHT,22000,22000
CH01_END_W15,7,1,ZombieMan,2,SCATTER,22000,22000
CH01_END_W15,7,1,ZzangDoleZombie,3,LINE_LEFT,22000,22000
CH01_END_W15,7,2,BoomZombie,1,SCATTER,22000,22000
CH01_END_W15,7,2,PushZombie,1,LINE_RIGHT,22000,22000
CH01_END_W15,7,2,RushZombie,1,SCATTER,22000,22000
CH01_END_W15,7,2,ZombieMan,7,SCATTER,22000,22000
CH01_END_W15,8,1,PushZombie,2,LINE_RIGHT,24000,24000
CH01_END_W15,8,1,ZombieMan,5,SCATTER,24000,24000
CH01_END_W15,8,1,ZombieWoman,3,SCATTER,24000,24000
CH01_END_W15,8,2,BoomZombie,2,SCATTER,24000,24000
CH01_END_W15,8,2,PushZombie,4,LINE_RIGHT,24000,24000
CH01_END_W15,8,2,RushZombie,1,SCATTER,24000,24000
CH01_END_W15,8,2,ZzangDoleZombie,3,LINE_LEFT,24000,24000
CH01_END_W15,9,1,BoomZombie,1,SCATTER,26000,26000
CH01_END_W15,9,1,PushZombie,1,LINE_RIGHT,26000,26000
CH01_END_W15,9,1,RushZombie,1,SCATTER,26000,26000
CH01_END_W15,9,1,ZombieMan,6,SCATTER,26000,26000
CH01_END_W15,9,2,BoomZombie,1,SCATTER,26000,26000
CH01_END_W15,9,2,PushZombie,3,LINE_RIGHT,26000,26000
CH01_END_W15,9,2,ZombieMan,2,SCATTER,26000,26000
CH01_END_W15,9,2,ZombieWoman,6,SCATTER,26000,26000
CH01_END_W15,10,1,PushZombie,2,LINE_RIGHT,28000,28000
CH01_END_W15,10,1,ZombieMan,5,SCATTER,28000,28000
CH01_END_W15,10,2,PushZombie,2,LINE_RIGHT,28000,28000
CH01_END_W15,10,2,ZombieMan,5,SCATTER,28000,28000
CH01_END_W15,10,2,ZzangDoleZombie,3,LINE_LEFT,28000,28000
CH01_END_W15,10,2,ZzangDoleZombieBoss,1,LINE_LEFT,28000,28000
CH01_END_W15,11,1,BoomZombie,1,SCATTER,30000,30000
CH01_END_W15,11,1,PushZombie,2,LINE_RIGHT,30000,30000
CH01_END_W15,11,1,ZombieMan,6,SCATTER,30000,30000
CH01_END_W15,11,2,BoomZombie,1,SCATTER,30000,30000
CH01_END_W15,11,2,PushZombie,3,LINE_RIGHT,30000,30000
CH01_END_W15,11,2,ZombieMan,7,SCATTER,30000,30000
CH01_END_W15,12,1,PushZombie,2,LINE_RIGHT,32000,32000
CH01_END_W15,12,1,ZombieMan,4,SCATTER,32000,32000
CH01_END_W15,12,1,ZombieWoman,3,SCATTER,32000,32000
CH01_END_W15,12,2,PushZombie,4,LINE_RIGHT,32000,32000
CH01_END_W15,12,2,ZombieMan,1,SCATTER,32000,32000
CH01_END_W15,12,2,ZombieWoman,4,SCATTER,32000,32000
CH01_END_W15,12,2,ZzangDoleZombie,3,LINE_LEFT,32000,32000
CH01_END_W15,13,1,PushZombie,3,LINE_RIGHT,34000,34000
CH01_END_W15,13,1,ZombieMan,5,SCATTER,34000,34000
CH01_END_W15,13,1,ZombieWoman,3,SCATTER,34000,34000
CH01_END_W15,13,2,PushZombie,2,LINE_RIGHT,34000,34000
CH01_END_W15,13,2,ZombieMan,3,SCATTER,34000,34000
CH01_END_W15,13,2,ZombieWoman,4,SCATTER,34000,34000
CH01_END_W15,13,2,ZzangDoleZombie,3,LINE_LEFT,34000,34000
CH01_END_W15,14,1,PushZombie,3,LINE_RIGHT,36000,36000
CH01_END_W15,14,1,ZombieMan,1,SCATTER,36000,36000
CH01_END_W15,14,1,ZombieWoman,3,SCATTER,36000,36000
CH01_END_W15,14,1,ZzangDoleZombie,3,LINE_LEFT,36000,36000
CH01_END_W15,14,2,PushZombie,1,LINE_RIGHT,36000,36000
CH01_END_W15,14,2,ZombieMan,7,SCATTER,36000,36000
CH01_END_W15,14,2,ZombieWoman,3,SCATTER,36000,36000
CH01_END_W15,14,2,ZzangDoleZombie,2,LINE_LEFT,36000,36000
CH01_END_W15,15,1,PushZombie,2,LINE_RIGHT,38000,38000
CH01_END_W15,15,1,ZombieWoman,4,SCATTER,38000,38000
CH01_END_W15,15,1,ZzangDoleZombie,3,LINE_LEFT,38000,38000
CH01_END_W15,15,2,PushZombie,2,LINE_RIGHT,38000,38000
CH01_END_W15,15,2,ZombieMan,4,SCATTER,38000,38000
CH01_END_W15,15,2,ZombieWoman,4,SCATTER,38000,38000
CH01_END_W15,15,2,ZzangDoleZombie,2,LINE_LEFT,38000,38000
CH01_END_W15,15,2,PushZombieBoss,1,LINE_LEFT,38000,38000
CH02_START_W15,1,1,AngryRagZombie,3,LINE_LEFT,10000,10000
CH02_START_W15,1,1,ZzangDoleZombie,2,LINE_LEFT,10000,10000
CH02_START_W15,1,2,AngryRagZombie,3,LINE_LEFT,10000,10000
CH02_START_W15,1,2,ZzangDoleZombie,3,LINE_LEFT,10000,10000
CH02_START_W15,2,1,AngryRagZombie,3,LINE_LEFT,12000,12000
CH02_START_W15,2,1,ZombieWoman,3,SCATTER,12000,12000
CH02_START_W15,2,2,AngryRagZombie,2,LINE_LEFT,12000,12000
CH02_START_W15,2,2,ZombieMan,4,SCATTER,12000,12000
CH02_START_W15,2,2,ZzangDoleZombie,1,LINE_LEFT,12000,12000
CH02_START_W15,3,1,AngryRagZombie,2,LINE_LEFT,14000,14000
CH02_START_W15,3,1,ZombieMan,3,SCATTER,14000,14000
CH02_START_W15,3,1,ZzangDoleZombie,2,LINE_LEFT,14000,14000
CH02_START_W15,3,2,AngryRagZombie,4,LINE_LEFT,14000,14000
CH02_START_W15,3,2,ZombieMan,2,SCATTER,14000,14000
CH02_START_W15,3,2,ZzangDoleZombie,2,LINE_LEFT,14000,14000
CH02_START_W15,4,1,AngryRagZombie,3,LINE_LEFT,16000,16000
CH02_START_W15,4,1,MadJackZombie,1,LINE_LEFT,16000,16000
CH02_START_W15,4,1,ZombieMan,4,SCATTER,16000,16000
CH02_START_W15,4,2,AngryRagZombie,2,LINE_LEFT,16000,16000
CH02_START_W15,4,2,MadJackZombie,3,LINE_LEFT,16000,16000
CH02_START_W15,4,2,ZombieMan,4,SCATTER,16000,16000
CH02_START_W15,5,1,AngryRagZombie,3,LINE_LEFT,18000,18000
CH02_START_W15,5,1,ZombieMan,2,SCATTER,18000,18000
CH02_START_W15,5,2,MadJackZombie,4,LINE_LEFT,18000,18000
CH02_START_W15,5,2,ZombieMan,2,SCATTER,18000,18000
CH02_START_W15,5,2,ZombieWoman,2,SCATTER,18000,18000
CH02_START_W15,5,2,PushZombieBoss,1,LINE_LEFT,18000,18000
CH02_START_W15,6,1,AngryRagZombie,1,LINE_LEFT,20000,20000
CH02_START_W15,6,1,MadJackZombie,2,LINE_LEFT,20000,20000
CH02_START_W15,6,1,ZombieWoman,4,SCATTER,20000,20000
CH02_START_W15,6,2,AngryRagZombie,1,LINE_LEFT,20000,20000
CH02_START_W15,6,2,MadJackZombie,3,LINE_LEFT,20000,20000
CH02_START_W15,6,2,ZombieMan,4,SCATTER,20000,20000
CH02_START_W15,7,1,AngryRagZombie,2,LINE_LEFT,22000,22000
CH02_START_W15,7,1,MadJackZombie,2,LINE_LEFT,22000,22000
CH02_START_W15,7,1,ZzangDoleZombie,3,LINE_LEFT,22000,22000
CH02_START_W15,7,2,AngryRagZombie,3,LINE_LEFT,22000,22000
CH02_START_W15,7,2,MadJackZombie,1,LINE_LEFT,22000,22000
CH02_START_W15,7,2,ZombieMan,6,SCATTER,22000,22000
CH02_START_W15,8,1,AngryRagZombie,2,LINE_LEFT,24000,24000
CH02_START_W15,8,1,MadJackZombie,4,LINE_LEFT,24000,24000
CH02_START_W15,8,1,ZzangDoleZombie,3,LINE_LEFT,24000,24000
CH02_START_W15,8,2,AngryRagZombie,2,LINE_LEFT,24000,24000
CH02_START_W15,8,2,MadJackZombie,3,LINE_LEFT,24000,24000
CH02_START_W15,8,2,ZombieWoman,4,SCATTER,24000,24000
CH02_START_W15,8,2,ZzangDoleZombie,1,LINE_LEFT,24000,24000
CH02_START_W15,9,1,AngryRagZombie,4,LINE_LEFT,26000,26000
CH02_START_W15,9,1,MadJackZombie,1,LINE_LEFT,26000,26000
CH02_START_W15,9,1,ZombieWoman,3,SCATTER,26000,26000
CH02_START_W15,9,1,ZzangDoleZombie,1,LINE_LEFT,26000,26000
CH02_START_W15,9,2,AngryRagZombie,2,LINE_LEFT,26000,26000
CH02_START_W15,9,2,MadJackZombie,2,LINE_LEFT,26000,26000
CH02_START_W15,9,2,ZombieWoman,5,SCATTER,26000,26000
CH02_START_W15,9,2,ZzangDoleZombie,2,LINE_LEFT,26000,26000
CH02_START_W15,10,1,MadJackZombie,3,LINE_LEFT,28000,28000
CH02_START_W15,10,1,ZombieMan,4,SCATTER,28000,28000
CH02_START_W15,10,2,AngryRagZombie,3,LINE_LEFT,28000,28000
CH02_START_W15,10,2,MadJackZombie,3,LINE_LEFT,28000,28000
CH02_START_W15,10,2,ZzangDoleZombie,3,LINE_LEFT,28000,28000
CH02_START_W15,10,2,BoomZombieBoss,1,LINE_LEFT,28000,28000
CH02_START_W15,11,1,AngryRagZombie,2,LINE_LEFT,30000,30000
CH02_START_W15,11,1,MadJackZombie,2,LINE_LEFT,30000,30000
CH02_START_W15,11,1,ZombieMan,4,SCATTER,30000,30000
CH02_START_W15,11,2,AngryRagZombie,2,LINE_LEFT,30000,30000
CH02_START_W15,11,2,MadJackZombie,2,LINE_LEFT,30000,30000
CH02_START_W15,11,2,ZombieMan,6,SCATTER,30000,30000
CH02_START_W15,12,1,AngryRagZombie,3,LINE_LEFT,32000,32000
CH02_START_W15,12,1,MadJackZombie,2,LINE_LEFT,32000,32000
CH02_START_W15,12,1,ZombieMan,4,SCATTER,32000,32000
CH02_START_W15,12,2,AngryRagZombie,2,LINE_LEFT,32000,32000
CH02_START_W15,12,2,MadJackZombie,3,LINE_LEFT,32000,32000
CH02_START_W15,12,2,ZombieMan,2,SCATTER,32000,32000
CH02_START_W15,12,2,ZombieWoman,4,SCATTER,32000,32000
CH02_START_W15,13,1,AngryRagZombie,2,LINE_LEFT,34000,34000
CH02_START_W15,13,1,MadJackZombie,2,LINE_LEFT,34000,34000
CH02_START_W15,13,1,ZombieWoman,7,SCATTER,34000,34000
CH02_START_W15,13,2,AngryRagZombie,2,LINE_LEFT,34000,34000
CH02_START_W15,13,2,MadJackZombie,1,LINE_LEFT,34000,34000
CH02_START_W15,13,2,ZombieMan,4,SCATTER,34000,34000
CH02_START_W15,13,2,ZombieWoman,4,SCATTER,34000,34000
CH02_START_W15,14,1,AngryRagZombie,2,LINE_LEFT,36000,36000
CH02_START_W15,14,1,MadJackZombie,3,LINE_LEFT,36000,36000
CH02_START_W15,14,1,ZombieMan,3,SCATTER,36000,36000
CH02_START_W15,14,1,ZzangDoleZombie,2,LINE_LEFT,36000,36000
CH02_START_W15,14,2,AngryRagZombie,4,LINE_LEFT,36000,36000
CH02_START_W15,14,2,MadJackZombie,1,LINE_LEFT,36000,36000
CH02_START_W15,14,2,ZombieWoman,4,SCATTER,36000,36000
CH02_START_W15,14,2,ZzangDoleZombie,3,LINE_LEFT,36000,36000
CH02_START_W15,15,1,AngryRagZombie,2,LINE_LEFT,38000,38000
CH02_START_W15,15,1,MadJackZombie,2,LINE_LEFT,38000,38000
CH02_START_W15,15,1,ZombieMan,4,SCATTER,38000,38000
CH02_START_W15,15,2,AngryRagZombie,3,LINE_LEFT,38000,38000
CH02_START_W15,15,2,MadJackZombie,3,LINE_LEFT,38000,38000
CH02_START_W15,15,2,ZombieMan,3,SCATTER,38000,38000
CH02_START_W15,15,2,ZzangDoleZombie,3,LINE_LEFT,38000,38000
CH02_START_W15,15,2,RushZombieBoss,1,LINE_LEFT,38000,38000
CH02_MID_W15,1,1,YeahArchorZombie,3,LINE_LEFT,10000,10000
CH02_MID_W15,1,1,ZzangDoleZombie,2,LINE_LEFT,10000,10000
CH02_MID_W15,1,2,AngryRagZombie,2,LINE_LEFT,10000,10000
CH02_MID_W15,1,2,ZombieWoman,4,SCATTER,10000,10000
CH02_MID_W15,2,1,AngryRagZombie,3,LINE_LEFT,12000,12000
CH02_MID_W15,2,1,ZombieWoman,3,SCATTER,12000,12000
CH02_MID_W15,2,2,AngryRagZombie,2,LINE_LEFT,12000,12000
CH02_MID_W15,2,2,YeahArchorZombie,1,LINE_LEFT,12000,12000
CH02_MID_W15,2,2,ZombieMan,4,SCATTER,12000,12000
CH02_MID_W15,3,1,AngryRagZombie,1,LINE_LEFT,14000,14000
CH02_MID_W15,3,1,MadJackZombie,1,LINE_LEFT,14000,14000
CH02_MID_W15,3,1,ZombieWoman,5,SCATTER,14000,14000
CH02_MID_W15,3,2,MadJackZombie,2,LINE_LEFT,14000,14000
CH02_MID_W15,3,2,YeahArchorZombie,2,LINE_LEFT,14000,14000
CH02_MID_W15,3,2,ZombieMan,4,SCATTER,14000,14000
CH02_MID_W15,4,1,YeahArchorZombie,2,LINE_LEFT,16000,16000
CH02_MID_W15,4,1,ZombieMan,3,SCATTER,16000,16000
CH02_MID_W15,4,1,ZzangDoleZombie,3,LINE_LEFT,16000,16000
CH02_MID_W15,4,2,AngryRagZombie,3,LINE_LEFT,16000,16000
CH02_MID_W15,4,2,MadJackZombie,3,LINE_LEFT,16000,16000
CH02_MID_W15,4,2,MadKnightZombie,1,LINE_CENTER,16000,16000
CH02_MID_W15,4,2,YeahArchorZombie,2,LINE_LEFT,16000,16000
CH02_MID_W15,5,1,MadJackZombie,2,LINE_LEFT,18000,18000
CH02_MID_W15,5,1,ZombieWoman,3,SCATTER,18000,18000
CH02_MID_W15,5,2,MadJackZombie,1,LINE_LEFT,18000,18000
CH02_MID_W15,5,2,YeahArchorZombie,3,LINE_LEFT,18000,18000
CH02_MID_W15,5,2,ZombieMan,4,SCATTER,18000,18000
CH02_MID_W15,5,2,PushZombieBoss,1,LINE_LEFT,18000,18000
CH02_MID_W15,6,1,YeahArchorZombie,3,LINE_LEFT,20000,20000
CH02_MID_W15,6,1,ZombieMan,3,SCATTER,20000,20000
CH02_MID_W15,6,1,ZzangDoleZombie,1,LINE_LEFT,20000,20000
CH02_MID_W15,6,2,AngryRagZombie,3,LINE_LEFT,20000,20000
CH02_MID_W15,6,2,MadJackZombie,1,LINE_LEFT,20000,20000
CH02_MID_W15,6,2,ZombieMan,4,SCATTER,20000,20000
CH02_MID_W15,7,1,YeahArchorZombie,2,LINE_LEFT,22000,22000
CH02_MID_W15,7,1,ZombieMan,2,SCATTER,22000,22000
CH02_MID_W15,7,1,ZombieWoman,3,SCATTER,22000,22000
CH02_MID_W15,7,2,AngryRagZombie,3,LINE_LEFT,22000,22000
CH02_MID_W15,7,2,MadJackZombie,4,LINE_LEFT,22000,22000
CH02_MID_W15,7,2,MadKnightZombie,1,LINE_CENTER,22000,22000
CH02_MID_W15,7,2,YeahArchorZombie,2,LINE_LEFT,22000,22000
CH02_MID_W15,8,1,AngryRagZombie,2,LINE_LEFT,24000,24000
CH02_MID_W15,8,1,YeahArchorZombie,3,LINE_LEFT,24000,24000
CH02_MID_W15,8,1,ZombieWoman,4,SCATTER,24000,24000
CH02_MID_W15,8,2,MadJackZombie,3,LINE_LEFT,24000,24000
CH02_MID_W15,8,2,MadKnightZombie,1,LINE_CENTER,24000,24000
CH02_MID_W15,8,2,YeahArchorZombie,1,LINE_LEFT,24000,24000
CH02_MID_W15,8,2,ZombieWoman,5,SCATTER,24000,24000
CH02_MID_W15,9,1,AngryRagZombie,1,LINE_LEFT,26000,26000
CH02_MID_W15,9,1,MadJackZombie,2,LINE_LEFT,26000,26000
CH02_MID_W15,9,1,YeahArchorZombie,2,LINE_LEFT,26000,26000
CH02_MID_W15,9,1,ZombieMan,4,SCATTER,26000,26000
CH02_MID_W15,9,2,AngryRagZombie,4,LINE_LEFT,26000,26000
CH02_MID_W15,9,2,MadJackZombie,2,LINE_LEFT,26000,26000
CH02_MID_W15,9,2,MadKnightZombie,2,LINE_CENTER,26000,26000
CH02_MID_W15,9,2,YeahArchorZombie,4,LINE_LEFT,26000,26000
CH02_MID_W15,10,1,AngryRagZombie,3,LINE_LEFT,28000,28000
CH02_MID_W15,10,1,ZombieWoman,4,SCATTER,28000,28000
CH02_MID_W15,10,2,AngryRagZombie,2,LINE_LEFT,28000,28000
CH02_MID_W15,10,2,YeahArchorZombie,2,LINE_LEFT,28000,28000
CH02_MID_W15,10,2,ZombieMan,5,SCATTER,28000,28000
CH02_MID_W15,10,2,RushZombieBoss,1,LINE_LEFT,28000,28000
CH02_MID_W15,11,1,AngryRagZombie,1,LINE_LEFT,30000,30000
CH02_MID_W15,11,1,MadJackZombie,4,LINE_LEFT,30000,30000
CH02_MID_W15,11,1,ZombieWoman,4,SCATTER,30000,30000
CH02_MID_W15,11,2,MadJackZombie,4,LINE_LEFT,30000,30000
CH02_MID_W15,11,2,MadKnightZombie,2,LINE_CENTER,30000,30000
CH02_MID_W15,11,2,YeahArchorZombie,4,LINE_LEFT,30000,30000
CH02_MID_W15,12,1,AngryRagZombie,3,LINE_LEFT,32000,32000
CH02_MID_W15,12,1,YeahArchorZombie,1,LINE_LEFT,32000,32000
CH02_MID_W15,12,1,ZombieMan,5,SCATTER,32000,32000
CH02_MID_W15,12,2,AngryRagZombie,3,LINE_LEFT,32000,32000
CH02_MID_W15,12,2,MadKnightZombie,2,LINE_CENTER,32000,32000
CH02_MID_W15,12,2,YeahArchorZombie,1,LINE_LEFT,32000,32000
CH02_MID_W15,12,2,ZombieMan,6,SCATTER,32000,32000
CH02_MID_W15,13,1,MadKnightZombie,2,LINE_CENTER,34000,34000
CH02_MID_W15,13,1,YeahArchorZombie,3,LINE_LEFT,34000,34000
CH02_MID_W15,13,1,ZombieMan,6,SCATTER,34000,34000
CH02_MID_W15,13,2,AngryRagZombie,2,LINE_LEFT,34000,34000
CH02_MID_W15,13,2,MadJackZombie,2,LINE_LEFT,34000,34000
CH02_MID_W15,13,2,YeahArchorZombie,1,LINE_LEFT,34000,34000
CH02_MID_W15,13,2,ZombieWoman,7,SCATTER,34000,34000
CH02_MID_W15,14,1,AngryRagZombie,3,LINE_LEFT,36000,36000
CH02_MID_W15,14,1,MadJackZombie,1,LINE_LEFT,36000,36000
CH02_MID_W15,14,1,YeahArchorZombie,1,LINE_LEFT,36000,36000
CH02_MID_W15,14,1,ZombieMan,5,SCATTER,36000,36000
CH02_MID_W15,14,2,AngryRagZombie,2,LINE_LEFT,36000,36000
CH02_MID_W15,14,2,MadJackZombie,2,LINE_LEFT,36000,36000
CH02_MID_W15,14,2,YeahArchorZombie,2,LINE_LEFT,36000,36000
CH02_MID_W15,14,2,ZombieWoman,6,SCATTER,36000,36000
CH02_MID_W15,15,1,MadJackZombie,2,LINE_LEFT,38000,38000
CH02_MID_W15,15,1,YeahArchorZombie,3,LINE_LEFT,38000,38000
CH02_MID_W15,15,1,ZombieWoman,4,SCATTER,38000,38000
CH02_MID_W15,15,2,AngryRagZombie,2,LINE_LEFT,38000,38000
CH02_MID_W15,15,2,MadJackZombie,2,LINE_LEFT,38000,38000
CH02_MID_W15,15,2,YeahArchorZombie,1,LINE_LEFT,38000,38000
CH02_MID_W15,15,2,ZombieWoman,7,SCATTER,38000,38000
CH02_MID_W15,15,2,BoomZombieBoss,1,LINE_LEFT,38000,38000
CH02_LATE_W15,1,1,MadJackZombie,3,LINE_LEFT,10000,10000
CH02_LATE_W15,1,1,ZzangDoleZombie,2,LINE_LEFT,10000,10000
CH02_LATE_W15,1,2,YeahArchorZombie,2,LINE_LEFT,10000,10000
CH02_LATE_W15,1,2,ZombieWoman,5,SCATTER,10000,10000
CH02_LATE_W15,2,1,AngryRagZombie,3,LINE_LEFT,12000,12000
CH02_LATE_W15,2,1,ZombieWoman,4,SCATTER,12000,12000
CH02_LATE_W15,2,2,MadJackZombie,2,LINE_LEFT,12000,12000
CH02_LATE_W15,2,2,YeahArchorZombie,1,LINE_LEFT,12000,12000
CH02_LATE_W15,2,2,ZombieWoman,4,SCATTER,12000,12000
CH02_LATE_W15,3,1,AngryRagZombie,2,LINE_LEFT,14000,14000
CH02_LATE_W15,3,1,MadJKZombie,1,LINE_LEFT,14000,14000
CH02_LATE_W15,3,1,ZombieMan,4,SCATTER,14000,14000
CH02_LATE_W15,3,2,AngryRagZombie,2,LINE_LEFT,14000,14000
CH02_LATE_W15,3,2,YeahArchorZombie,2,LINE_LEFT,14000,14000
CH02_LATE_W15,3,2,ZombieMan,4,SCATTER,14000,14000
CH02_LATE_W15,4,1,AngryRagZombie,2,LINE_LEFT,16000,16000
CH02_LATE_W15,4,1,MadJackZombie,1,LINE_LEFT,16000,16000
CH02_LATE_W15,4,1,ZombieWoman,5,SCATTER,16000,16000
CH02_LATE_W15,4,2,AngryRagZombie,2,LINE_LEFT,16000,16000
CH02_LATE_W15,4,2,AngryRushZombie,1,SCATTER,16000,16000
CH02_LATE_W15,4,2,MadJackZombie,2,LINE_LEFT,16000,16000
CH02_LATE_W15,4,2,YeahArchorZombie,4,LINE_LEFT,16000,16000
CH02_LATE_W15,5,1,YeahArchorZombie,2,LINE_LEFT,18000,18000
CH02_LATE_W15,5,1,ZombieWoman,4,SCATTER,18000,18000
CH02_LATE_W15,5,2,AngryRushZombie,1,SCATTER,18000,18000
CH02_LATE_W15,5,2,YeahArchorZombie,1,LINE_LEFT,18000,18000
CH02_LATE_W15,5,2,ZombieMan,6,SCATTER,18000,18000
CH02_LATE_W15,5,2,BoomZombieBoss,1,LINE_LEFT,18000,18000
CH02_LATE_W15,6,1,AngryRagZombie,1,LINE_LEFT,20000,20000
CH02_LATE_W15,6,1,MadJackZombie,2,LINE_LEFT,20000,20000
CH02_LATE_W15,6,1,ZombieWoman,4,SCATTER,20000,20000
CH02_LATE_W15,6,2,AssasineZombie,1,SCATTER,20000,20000
CH02_LATE_W15,6,2,MadJackZombie,4,LINE_LEFT,20000,20000
CH02_LATE_W15,6,2,YeahArchorZombie,3,LINE_LEFT,20000,20000
CH02_LATE_W15,7,1,AngryRagZombie,2,LINE_LEFT,22000,22000
CH02_LATE_W15,7,1,AssasineZombie,1,SCATTER,22000,22000
CH02_LATE_W15,7,1,ZombieWoman,4,SCATTER,22000,22000
CH02_LATE_W15,7,2,AngryRagZombie,4,LINE_LEFT,22000,22000
CH02_LATE_W15,7,2,AssasineZombie,1,SCATTER,22000,22000
CH02_LATE_W15,7,2,MadJackZombie,3,LINE_LEFT,22000,22000
CH02_LATE_W15,7,2,MadKnightZombie,2,LINE_CENTER,22000,22000
CH02_LATE_W15,8,1,AngryRagZombie,3,LINE_LEFT,24000,24000
CH02_LATE_W15,8,1,ZombieWoman,3,SCATTER,24000,24000
CH02_LATE_W15,8,1,ZzangDoleZombie,3,LINE_LEFT,24000,24000
CH02_LATE_W15,8,2,AngryRagZombie,4,LINE_LEFT,24000,24000
CH02_LATE_W15,8,2,AngryRushZombie,1,SCATTER,24000,24000
CH02_LATE_W15,8,2,MadKnightZombie,1,LINE_CENTER,24000,24000
CH02_LATE_W15,8,2,YeahArchorZombie,4,LINE_LEFT,24000,24000
CH02_LATE_W15,9,1,AngryRagZombie,2,LINE_LEFT,26000,26000
CH02_LATE_W15,9,1,AssasineZombie,1,SCATTER,26000,26000
CH02_LATE_W15,9,1,MadKnightZombie,1,LINE_CENTER,26000,26000
CH02_LATE_W15,9,1,ZombieMan,5,SCATTER,26000,26000
CH02_LATE_W15,9,2,AngryRagZombie,4,LINE_LEFT,26000,26000
CH02_LATE_W15,9,2,AngryRushZombie,2,SCATTER,26000,26000
CH02_LATE_W15,9,2,MadJackZombie,2,LINE_LEFT,26000,26000
CH02_LATE_W15,9,2,YeahArchorZombie,4,LINE_LEFT,26000,26000
CH02_LATE_W15,10,1,AngryRagZombie,4,LINE_LEFT,28000,28000
CH02_LATE_W15,10,1,ZzangDoleZombie,3,LINE_LEFT,28000,28000
CH02_LATE_W15,10,2,MadJackZombie,2,LINE_LEFT,28000,28000
CH02_LATE_W15,10,2,YeahArchorZombie,3,LINE_LEFT,28000,28000
CH02_LATE_W15,10,2,ZombieWoman,4,SCATTER,28000,28000
CH02_LATE_W15,10,2,PushZombieBoss,1,LINE_LEFT,28000,28000
CH02_LATE_W15,11,1,AngryRagZombie,3,LINE_LEFT,30000,30000
CH02_LATE_W15,11,1,YeahArchorZombie,2,LINE_LEFT,30000,30000
CH02_LATE_W15,11,1,ZombieMan,4,SCATTER,30000,30000
CH02_LATE_W15,11,2,AngryRagZombie,4,LINE_LEFT,30000,30000
CH02_LATE_W15,11,2,MadKnightZombie,2,LINE_CENTER,30000,30000
CH02_LATE_W15,11,2,YeahArchorZombie,4,LINE_LEFT,30000,30000
CH02_LATE_W15,12,1,MadJackZombie,4,LINE_LEFT,32000,32000
CH02_LATE_W15,12,1,YeahArchorZombie,1,LINE_LEFT,32000,32000
CH02_LATE_W15,12,1,ZombieWoman,4,SCATTER,32000,32000
CH02_LATE_W15,12,2,MadJackZombie,3,LINE_LEFT,32000,32000
CH02_LATE_W15,12,2,MadKnightZombie,1,LINE_CENTER,32000,32000
CH02_LATE_W15,12,2,YeahArchorZombie,2,LINE_LEFT,32000,32000
CH02_LATE_W15,12,2,ZombieWoman,6,SCATTER,32000,32000
CH02_LATE_W15,13,1,AngryRagZombie,2,LINE_LEFT,34000,34000
CH02_LATE_W15,13,1,YeahArchorZombie,2,LINE_LEFT,34000,34000
CH02_LATE_W15,13,1,ZombieWoman,7,SCATTER,34000,34000
CH02_LATE_W15,13,2,AngryRagZombie,4,LINE_LEFT,34000,34000
CH02_LATE_W15,13,2,AngryRushZombie,1,SCATTER,34000,34000
CH02_LATE_W15,13,2,MadJackZombie,4,LINE_LEFT,34000,34000
CH02_LATE_W15,13,2,YeahArchorZombie,3,LINE_LEFT,34000,34000
CH02_LATE_W15,14,1,AngryRagZombie,2,LINE_LEFT,36000,36000
CH02_LATE_W15,14,1,MadJackZombie,2,LINE_LEFT,36000,36000
CH02_LATE_W15,14,1,YeahArchorZombie,3,LINE_LEFT,36000,36000
CH02_LATE_W15,14,1,ZzangDoleZombie,3,LINE_LEFT,36000,36000
CH02_LATE_W15,14,2,AngryRagZombie,4,LINE_LEFT,36000,36000
CH02_LATE_W15,14,2,AssasineZombie,1,SCATTER,36000,36000
CH02_LATE_W15,14,2,MadJackZombie,4,LINE_LEFT,36000,36000
CH02_LATE_W15,14,2,YeahArchorZombie,4,LINE_LEFT,36000,36000
CH02_LATE_W15,15,1,MadJKZombie,1,LINE_LEFT,38000,38000
CH02_LATE_W15,15,1,YeahArchorZombie,4,LINE_LEFT,38000,38000
CH02_LATE_W15,15,1,ZombieMan,4,SCATTER,38000,38000
CH02_LATE_W15,15,2,AngryRagZombie,4,LINE_LEFT,38000,38000
CH02_LATE_W15,15,2,AssasineZombie,1,SCATTER,38000,38000
CH02_LATE_W15,15,2,MadJackZombie,4,LINE_LEFT,38000,38000
CH02_LATE_W15,15,2,YeahArchorZombie,3,LINE_LEFT,38000,38000
CH02_LATE_W15,15,2,RushZombieBoss,1,LINE_LEFT,38000,38000
CH02_END_W15,1,1,YeahArchorZombie,3,LINE_LEFT,10000,10000
CH02_END_W15,1,1,ZombieWoman,2,SCATTER,10000,10000
CH02_END_W15,1,2,AngryRagZombie,4,LINE_LEFT,10000,10000
CH02_END_W15,1,2,ZzangDoleZombie,3,LINE_LEFT,10000,10000
CH02_END_W15,2,1,MadJackZombie,2,LINE_LEFT,12000,12000
CH02_END_W15,2,1,ZombieWoman,5,SCATTER,12000,12000
CH02_END_W15,2,2,AngryRagZombie,2,LINE_LEFT,12000,12000
CH02_END_W15,2,2,MadJackZombie,1,LINE_LEFT,12000,12000
CH02_END_W15,2,2,ZombieMan,4,SCATTER,12000,12000
CH02_END_W15,3,1,AngryRagZombie,2,LINE_LEFT,14000,14000
CH02_END_W15,3,1,MadJackZombie,2,LINE_LEFT,14000,14000
CH02_END_W15,3,1,ZzangDoleZombie,3,LINE_LEFT,14000,14000
CH02_END_W15,3,2,AngryRagZombie,3,LINE_LEFT,14000,14000
CH02_END_W15,3,2,MadJackZombie,2,LINE_LEFT,14000,14000
CH02_END_W15,3,2,ZombieWoman,4,SCATTER,14000,14000
CH02_END_W15,4,1,YeahArchorZombie,3,LINE_LEFT,16000,16000
CH02_END_W15,4,1,ZombieWoman,3,SCATTER,16000,16000
CH02_END_W15,4,1,ZzangDoleZombie,2,LINE_LEFT,16000,16000
CH02_END_W15,4,2,AngryRushZombie,1,SCATTER,16000,16000
CH02_END_W15,4,2,AssasineZombie,1,SCATTER,16000,16000
CH02_END_W15,4,2,MadJackZombie,3,LINE_LEFT,16000,16000
CH02_END_W15,4,2,YeahArchorZombie,4,LINE_LEFT,16000,16000
CH02_END_W15,5,1,AngryRagZombie,2,LINE_LEFT,18000,18000
CH02_END_W15,5,1,ZombieMan,4,SCATTER,18000,18000
CH02_END_W15,5,2,AngryRagZombie,3,LINE_LEFT,18000,18000
CH02_END_W15,5,2,MadJackZombie,1,LINE_LEFT,18000,18000
CH02_END_W15,5,2,ZombieWoman,4,SCATTER,18000,18000
CH02_END_W15,5,2,PushZombieBoss,1,LINE_LEFT,18000,18000
CH02_END_W15,6,1,MadJackZombie,2,LINE_LEFT,20000,20000
CH02_END_W15,6,1,ZombieMan,4,SCATTER,20000,20000
CH02_END_W15,6,1,ZzangDoleZombie,1,LINE_LEFT,20000,20000
CH02_END_W15,6,2,AngryRushZombie,2,SCATTER,20000,20000
CH02_END_W15,6,2,MadJackZombie,4,LINE_LEFT,20000,20000
CH02_END_W15,6,2,YeahArchorZombie,3,LINE_LEFT,20000,20000
CH02_END_W15,7,1,AngryRagZombie,2,LINE_LEFT,22000,22000
CH02_END_W15,7,1,ZombieMan,2,SCATTER,22000,22000
CH02_END_W15,7,1,ZombieWoman,3,SCATTER,22000,22000
CH02_END_W15,7,2,AngryRagZombie,3,LINE_LEFT,22000,22000
CH02_END_W15,7,2,AngryRushZombie,2,SCATTER,22000,22000
CH02_END_W15,7,2,MadJKZombie,1,LINE_LEFT,22000,22000
CH02_END_W15,7,2,YeahArchorZombie,4,LINE_LEFT,22000,22000
CH02_END_W15,8,1,AngryRagZombie,3,LINE_LEFT,24000,24000
CH02_END_W15,8,1,MadKnightZombie,2,LINE_CENTER,24000,24000
CH02_END_W15,8,1,ZombieMan,4,SCATTER,24000,24000
CH02_END_W15,8,2,AngryRagZombie,4,LINE_LEFT,24000,24000
CH02_END_W15,8,2,AssasineZombie,2,SCATTER,24000,24000
CH02_END_W15,8,2,MadJackZombie,3,LINE_LEFT,24000,24000
CH02_END_W15,8,2,MadKnightZombie,1,LINE_CENTER,24000,24000
CH02_END_W15,9,1,AngryRagZombie,3,LINE_LEFT,26000,26000
CH02_END_W15,9,1,JokerZombie,1,SCATTER,26000,26000
CH02_END_W15,9,1,MadJackZombie,1,LINE_LEFT,26000,26000
CH02_END_W15,9,1,ZombieMan,4,SCATTER,26000,26000
CH02_END_W15,9,2,AngryRagZombie,4,LINE_LEFT,26000,26000
CH02_END_W15,9,2,AngryRushZombie,2,SCATTER,26000,26000
CH02_END_W15,9,2,MadJackZombie,4,LINE_LEFT,26000,26000
CH02_END_W15,9,2,MadKnightZombie,2,LINE_CENTER,26000,26000
CH02_END_W15,10,1,AngryRagZombie,2,LINE_LEFT,28000,28000
CH02_END_W15,10,1,ZombieWoman,5,SCATTER,28000,28000
CH02_END_W15,10,2,MadKnightZombie,2,LINE_CENTER,28000,28000
CH02_END_W15,10,2,YeahArchorZombie,3,LINE_LEFT,28000,28000
CH02_END_W15,10,2,ZombieMan,5,SCATTER,28000,28000
CH02_END_W15,10,2,RushZombieBoss,1,LINE_LEFT,28000,28000
CH02_END_W15,11,1,AngryRagZombie,3,LINE_LEFT,30000,30000
CH02_END_W15,11,1,YeahArchorZombie,2,LINE_LEFT,30000,30000
CH02_END_W15,11,1,ZombieWoman,4,SCATTER,30000,30000
CH02_END_W15,11,2,AngryRagZombie,3,LINE_LEFT,30000,30000
CH02_END_W15,11,2,MadJackZombie,4,LINE_LEFT,30000,30000
CH02_END_W15,11,2,YeahArchorZombie,3,LINE_LEFT,30000,30000
CH02_END_W15,12,1,AssasineZombie,1,SCATTER,32000,32000
CH02_END_W15,12,1,MadJackZombie,4,LINE_LEFT,32000,32000
CH02_END_W15,12,1,ZombieWoman,4,SCATTER,32000,32000
CH02_END_W15,12,2,AngryRagZombie,4,LINE_LEFT,32000,32000
CH02_END_W15,12,2,AngryRushZombie,2,SCATTER,32000,32000
CH02_END_W15,12,2,JokerZombie,2,SCATTER,32000,32000
CH02_END_W15,12,2,YeahArchorZombie,4,LINE_LEFT,32000,32000
CH02_END_W15,13,1,AngryRagZombie,4,LINE_LEFT,34000,34000
CH02_END_W15,13,1,AngryRushZombie,1,SCATTER,34000,34000
CH02_END_W15,13,1,ZombieWoman,6,SCATTER,34000,34000
CH02_END_W15,13,2,AngryRagZombie,3,LINE_LEFT,34000,34000
CH02_END_W15,13,2,AssasineZombie,1,SCATTER,34000,34000
CH02_END_W15,13,2,MadJackZombie,4,LINE_LEFT,34000,34000
CH02_END_W15,13,2,YeahArchorZombie,4,LINE_LEFT,34000,34000
CH02_END_W15,14,1,MadJackZombie,4,LINE_LEFT,36000,36000
CH02_END_W15,14,1,MadKnightZombie,1,LINE_CENTER,36000,36000
CH02_END_W15,14,1,YeahArchorZombie,2,LINE_LEFT,36000,36000
CH02_END_W15,14,1,ZzangDoleZombie,3,LINE_LEFT,36000,36000
CH02_END_W15,14,2,AngryRagZombie,4,LINE_LEFT,36000,36000
CH02_END_W15,14,2,MadJackZombie,4,LINE_LEFT,36000,36000
CH02_END_W15,14,2,MadKnightZombie,1,LINE_CENTER,36000,36000
CH02_END_W15,14,2,YeahArchorZombie,4,LINE_LEFT,36000,36000
CH02_END_W15,15,1,MadJackZombie,3,LINE_LEFT,38000,38000
CH02_END_W15,15,1,YeahArchorZombie,3,LINE_LEFT,38000,38000
CH02_END_W15,15,1,ZzangDoleZombie,3,LINE_LEFT,38000,38000
CH02_END_W15,15,2,AngryRagZombie,4,LINE_LEFT,38000,38000
CH02_END_W15,15,2,MadJKZombie,1,LINE_LEFT,38000,38000
CH02_END_W15,15,2,MadJackZombie,4,LINE_LEFT,38000,38000
CH02_END_W15,15,2,YeahArchorZombie,3,LINE_LEFT,38000,38000
CH02_END_W15,15,2,RushZombieBoss2,1,LINE_LEFT,38000,38000
CH03_START_W15,1,1,DefTankZombie,3,LINE_CENTER,10000,10000
CH03_START_W15,1,1,ZzangDoleZombie,2,LINE_LEFT,10000,10000
CH03_START_W15,1,2,DefTankZombie,3,LINE_CENTER,10000,10000
CH03_START_W15,1,2,ZombieWoman,3,SCATTER,10000,10000
CH03_START_W15,2,1,DefTankZombie,3,LINE_CENTER,12000,12000
CH03_START_W15,2,1,ZzangDoleZombie,3,LINE_LEFT,12000,12000
CH03_START_W15,2,2,DefTankZombie,4,LINE_CENTER,12000,12000
CH03_START_W15,2,2,ZombieWoman,1,SCATTER,12000,12000
CH03_START_W15,2,2,ZzangDoleZombie,2,LINE_LEFT,12000,12000
CH03_START_W15,3,1,DefTankZombie,2,LINE_CENTER,14000,14000
CH03_START_W15,3,1,ZombieMan,2,SCATTER,14000,14000
CH03_START_W15,3,1,ZombieWoman,2,SCATTER,14000,14000
CH03_START_W15,3,2,DefTankZombie,2,LINE_CENTER,14000,14000
CH03_START_W15,3,2,ZombieMan,2,SCATTER,14000,14000
CH03_START_W15,3,2,ZombieWoman,4,SCATTER,14000,14000
CH03_START_W15,4,1,BlueGlobeZombie,3,SCATTER,16000,16000
CH03_START_W15,4,1,DefTankZombie,2,LINE_CENTER,16000,16000
CH03_START_W15,4,1,ZzangDoleZombie,3,LINE_LEFT,16000,16000
CH03_START_W15,4,2,BlueGlobeZombie,2,SCATTER,16000,16000
CH03_START_W15,4,2,DefTankZombie,2,LINE_CENTER,16000,16000
CH03_START_W15,4,2,ZombieMan,4,SCATTER,16000,16000
CH03_START_W15,5,1,DefTankZombie,2,LINE_CENTER,18000,18000
CH03_START_W15,5,1,ZombieWoman,3,SCATTER,18000,18000
CH03_START_W15,5,2,BlueGlobeZombie,3,SCATTER,18000,18000
CH03_START_W15,5,2,DefTankZombie,2,LINE_CENTER,18000,18000
CH03_START_W15,5,2,ZzangDoleZombie,3,LINE_LEFT,18000,18000
CH03_START_W15,5,2,WorkerZombie,1,LINE_LEFT,18000,18000
CH03_START_W15,6,1,BlueGlobeZombie,2,SCATTER,20000,20000
CH03_START_W15,6,1,DefTankZombie,1,LINE_CENTER,20000,20000
CH03_START_W15,6,1,ZombieWoman,3,SCATTER,20000,20000
CH03_START_W15,6,2,BlueGlobeZombie,1,SCATTER,20000,20000
CH03_START_W15,6,2,DefTankZombie,3,LINE_CENTER,20000,20000
CH03_START_W15,6,2,ZombieMan,4,SCATTER,20000,20000
CH03_START_W15,7,1,BlueGlobeZombie,1,SCATTER,22000,22000
CH03_START_W15,7,1,DefTankZombie,3,LINE_CENTER,22000,22000
CH03_START_W15,7,1,ZombieWoman,3,SCATTER,22000,22000
CH03_START_W15,7,2,BlueGlobeZombie,1,SCATTER,22000,22000
CH03_START_W15,7,2,DefTankZombie,4,LINE_CENTER,22000,22000
CH03_START_W15,7,2,ZombieWoman,4,SCATTER,22000,22000
CH03_START_W15,8,1,BlueGlobeZombie,1,SCATTER,24000,24000
CH03_START_W15,8,1,DefTankZombie,4,LINE_CENTER,24000,24000
CH03_START_W15,8,1,ZombieWoman,4,SCATTER,24000,24000
CH03_START_W15,8,2,BlueGlobeZombie,2,SCATTER,24000,24000
CH03_START_W15,8,2,DefTankZombie,3,LINE_CENTER,24000,24000
CH03_START_W15,8,2,ZombieMan,3,SCATTER,24000,24000
CH03_START_W15,8,2,ZzangDoleZombie,1,LINE_LEFT,24000,24000
CH03_START_W15,9,1,BlueGlobeZombie,2,SCATTER,26000,26000
CH03_START_W15,9,1,DefTankZombie,2,LINE_CENTER,26000,26000
CH03_START_W15,9,1,ZombieWoman,2,SCATTER,26000,26000
CH03_START_W15,9,1,ZzangDoleZombie,3,LINE_LEFT,26000,26000
CH03_START_W15,9,2,BlueGlobeZombie,4,SCATTER,26000,26000
CH03_START_W15,9,2,DefTankZombie,1,LINE_CENTER,26000,26000
CH03_START_W15,9,2,ZombieMan,5,SCATTER,26000,26000
CH03_START_W15,9,2,ZzangDoleZombie,1,LINE_LEFT,26000,26000
CH03_START_W15,10,1,DefTankZombie,2,LINE_CENTER,28000,28000
CH03_START_W15,10,1,ZombieMan,4,SCATTER,28000,28000
CH03_START_W15,10,2,BlueGlobeZombie,2,SCATTER,28000,28000
CH03_START_W15,10,2,DefTankZombie,4,LINE_CENTER,28000,28000
CH03_START_W15,10,2,ZzangDoleZombie,3,LINE_LEFT,28000,28000
CH03_START_W15,10,2,WorkerZombie,1,LINE_LEFT,28000,28000
CH03_START_W15,11,1,BlueGlobeZombie,2,SCATTER,30000,30000
CH03_START_W15,11,1,DefTankZombie,3,LINE_CENTER,30000,30000
CH03_START_W15,11,1,ZzangDoleZombie,3,LINE_LEFT,30000,30000
CH03_START_W15,11,2,BlueGlobeZombie,1,SCATTER,30000,30000
CH03_START_W15,11,2,DefTankZombie,4,LINE_CENTER,30000,30000
CH03_START_W15,11,2,ZombieMan,5,SCATTER,30000,30000
CH03_START_W15,12,1,BlueGlobeZombie,1,SCATTER,32000,32000
CH03_START_W15,12,1,DefTankZombie,4,LINE_CENTER,32000,32000
CH03_START_W15,12,1,ZombieWoman,4,SCATTER,32000,32000
CH03_START_W15,12,2,BlueGlobeZombie,2,SCATTER,32000,32000
CH03_START_W15,12,2,DefTankZombie,3,LINE_CENTER,32000,32000
CH03_START_W15,12,2,ZombieMan,5,SCATTER,32000,32000
CH03_START_W15,12,2,ZzangDoleZombie,1,LINE_LEFT,32000,32000
CH03_START_W15,13,1,BlueGlobeZombie,2,SCATTER,34000,34000
CH03_START_W15,13,1,DefTankZombie,2,LINE_CENTER,34000,34000
CH03_START_W15,13,1,ZombieWoman,7,SCATTER,34000,34000
CH03_START_W15,13,2,BlueGlobeZombie,1,SCATTER,34000,34000
CH03_START_W15,13,2,DefTankZombie,3,LINE_CENTER,34000,34000
CH03_START_W15,13,2,ZombieMan,5,SCATTER,34000,34000
CH03_START_W15,13,2,ZzangDoleZombie,2,LINE_LEFT,34000,34000
CH03_START_W15,14,1,BlueGlobeZombie,2,SCATTER,36000,36000
CH03_START_W15,14,1,DefTankZombie,2,LINE_CENTER,36000,36000
CH03_START_W15,14,1,ZombieWoman,4,SCATTER,36000,36000
CH03_START_W15,14,1,ZzangDoleZombie,2,LINE_LEFT,36000,36000
CH03_START_W15,14,2,BlueGlobeZombie,4,SCATTER,36000,36000
CH03_START_W15,14,2,DefTankZombie,3,LINE_CENTER,36000,36000
CH03_START_W15,14,2,ZombieMan,3,SCATTER,36000,36000
CH03_START_W15,14,2,ZzangDoleZombie,2,LINE_LEFT,36000,36000
CH03_START_W15,15,1,BlueGlobeZombie,2,SCATTER,38000,38000
CH03_START_W15,15,1,DefTankZombie,3,LINE_CENTER,38000,38000
CH03_START_W15,15,1,ZzangDoleZombie,3,LINE_LEFT,38000,38000
CH03_START_W15,15,2,BlueGlobeZombie,3,SCATTER,38000,38000
CH03_START_W15,15,2,DefTankZombie,4,LINE_CENTER,38000,38000
CH03_START_W15,15,2,ZombieWoman,3,SCATTER,38000,38000
CH03_START_W15,15,2,ZzangDoleZombie,2,LINE_LEFT,38000,38000
CH03_START_W15,15,2,DoctorZombie,1,LINE_LEFT,38000,38000
CH03_MID_W15,1,1,SheildTankZombie,2,LINE_CENTER,10000,10000
CH03_MID_W15,1,1,ZzangDoleZombie,3,LINE_LEFT,10000,10000
CH03_MID_W15,1,2,SheildTankZombie,2,LINE_CENTER,10000,10000
CH03_MID_W15,1,2,ZombieMan,4,SCATTER,10000,10000
CH03_MID_W15,2,1,DefTankZombie,2,LINE_CENTER,12000,12000
CH03_MID_W15,2,1,ZombieWoman,4,SCATTER,12000,12000
CH03_MID_W15,2,2,DefTankZombie,2,LINE_CENTER,12000,12000
CH03_MID_W15,2,2,SheildTankZombie,2,LINE_CENTER,12000,12000
CH03_MID_W15,2,2,ZombieWoman,3,SCATTER,12000,12000
CH03_MID_W15,3,1,BlueGlobeZombie,2,SCATTER,14000,14000
CH03_MID_W15,3,1,SheildTankZombie,1,LINE_CENTER,14000,14000
CH03_MID_W15,3,1,ZombieWoman,4,SCATTER,14000,14000
CH03_MID_W15,3,2,DefTankZombie,2,LINE_CENTER,14000,14000
CH03_MID_W15,3,2,SheildTankZombie,2,LINE_CENTER,14000,14000
CH03_MID_W15,3,2,ZombieWoman,4,SCATTER,14000,14000
CH03_MID_W15,4,1,BlueGlobeZombie,1,SCATTER,16000,16000
CH03_MID_W15,4,1,DefTankZombie,2,LINE_CENTER,16000,16000
CH03_MID_W15,4,1,ZombieWoman,5,SCATTER,16000,16000
CH03_MID_W15,4,2,BlueGlobeZombie,3,SCATTER,16000,16000
CH03_MID_W15,4,2,DefTankZombie,3,LINE_CENTER,16000,16000
CH03_MID_W15,4,2,SheildTankZombie,2,LINE_CENTER,16000,16000
CH03_MID_W15,4,2,VudootwoZombie,1,LINE_LEFT,16000,16000
CH03_MID_W15,5,1,SheildTankZombie,2,LINE_CENTER,18000,18000
CH03_MID_W15,5,1,ZzangDoleZombie,3,LINE_LEFT,18000,18000
CH03_MID_W15,5,2,DefTankZombie,3,LINE_CENTER,18000,18000
CH03_MID_W15,5,2,SheildTankZombie,2,LINE_CENTER,18000,18000
CH03_MID_W15,5,2,ZzangDoleZombie,3,LINE_LEFT,18000,18000
CH03_MID_W15,5,2,WorkerZombie,1,LINE_LEFT,18000,18000
CH03_MID_W15,6,1,BlueGlobeZombie,2,SCATTER,20000,20000
CH03_MID_W15,6,1,DefTankZombie,2,LINE_CENTER,20000,20000
CH03_MID_W15,6,1,ZzangDoleZombie,3,LINE_LEFT,20000,20000
CH03_MID_W15,6,2,BlueGlobeZombie,3,SCATTER,20000,20000
CH03_MID_W15,6,2,DefTankZombie,1,LINE_CENTER,20000,20000
CH03_MID_W15,6,2,ZombieWoman,4,SCATTER,20000,20000
CH03_MID_W15,7,1,SheildTankZombie,2,LINE_CENTER,22000,22000
CH03_MID_W15,7,1,VudooZombie,1,LINE_LEFT,22000,22000
CH03_MID_W15,7,1,ZombieWoman,4,SCATTER,22000,22000
CH03_MID_W15,7,2,BlueGlobeZombie,3,SCATTER,22000,22000
CH03_MID_W15,7,2,DefTankZombie,4,LINE_CENTER,22000,22000
CH03_MID_W15,7,2,SheildTankZombie,2,LINE_CENTER,22000,22000
CH03_MID_W15,7,2,VudooZombie,1,LINE_LEFT,22000,22000
CH03_MID_W15,8,1,SheildTankZombie,2,LINE_CENTER,24000,24000
CH03_MID_W15,8,1,ZombieMan,5,SCATTER,24000,24000
CH03_MID_W15,8,1,ZzangDoleZombie,2,LINE_LEFT,24000,24000
CH03_MID_W15,8,2,DefTankZombie,2,LINE_CENTER,24000,24000
CH03_MID_W15,8,2,SheildTankZombie,1,LINE_CENTER,24000,24000
CH03_MID_W15,8,2,VudootwoZombie,1,LINE_LEFT,24000,24000
CH03_MID_W15,8,2,ZombieMan,5,SCATTER,24000,24000
CH03_MID_W15,9,1,BlueGlobeZombie,2,SCATTER,26000,26000
CH03_MID_W15,9,1,SheildTankZombie,2,LINE_CENTER,26000,26000
CH03_MID_W15,9,1,VudootwoZombie,1,LINE_LEFT,26000,26000
CH03_MID_W15,9,1,ZombieWoman,4,SCATTER,26000,26000
CH03_MID_W15,9,2,BlueGlobeZombie,4,SCATTER,26000,26000
CH03_MID_W15,9,2,DefTankZombie,4,LINE_CENTER,26000,26000
CH03_MID_W15,9,2,SheildTankZombie,2,LINE_CENTER,26000,26000
CH03_MID_W15,9,2,VudootwoZombie,1,LINE_LEFT,26000,26000
CH03_MID_W15,10,1,DefTankZombie,3,LINE_CENTER,28000,28000
CH03_MID_W15,10,1,ZombieWoman,4,SCATTER,28000,28000
CH03_MID_W15,10,2,SheildTankZombie,2,LINE_CENTER,28000,28000
CH03_MID_W15,10,2,VudootwoZombie,1,LINE_LEFT,28000,28000
CH03_MID_W15,10,2,ZombieWoman,5,SCATTER,28000,28000
CH03_MID_W15,10,2,ZzangDoleZombie,1,LINE_LEFT,28000,28000
CH03_MID_W15,10,2,DoctorZombie,1,LINE_LEFT,28000,28000
CH03_MID_W15,11,1,BlueGlobeZombie,2,SCATTER,30000,30000
CH03_MID_W15,11,1,SheildTankZombie,2,LINE_CENTER,30000,30000
CH03_MID_W15,11,1,ZombieWoman,4,SCATTER,30000,30000
CH03_MID_W15,11,2,BlueGlobeZombie,4,SCATTER,30000,30000
CH03_MID_W15,11,2,DefTankZombie,4,LINE_CENTER,30000,30000
CH03_MID_W15,11,2,SheildTankZombie,2,LINE_CENTER,30000,30000
CH03_MID_W15,12,1,BlueGlobeZombie,3,SCATTER,32000,32000
CH03_MID_W15,12,1,DefTankZombie,2,LINE_CENTER,32000,32000
CH03_MID_W15,12,1,ZombieMan,4,SCATTER,32000,32000
CH03_MID_W15,12,2,DefTankZombie,3,LINE_CENTER,32000,32000
CH03_MID_W15,12,2,SheildTankZombie,2,LINE_CENTER,32000,32000
CH03_MID_W15,12,2,VudooZombie,1,LINE_LEFT,32000,32000
CH03_MID_W15,12,2,ZombieWoman,5,SCATTER,32000,32000
CH03_MID_W15,13,1,BlueGlobeZombie,2,SCATTER,34000,34000
CH03_MID_W15,13,1,DefTankZombie,4,LINE_CENTER,34000,34000
CH03_MID_W15,13,1,ZombieMan,5,SCATTER,34000,34000
CH03_MID_W15,13,2,BlueGlobeZombie,4,SCATTER,34000,34000
CH03_MID_W15,13,2,DefTankZombie,4,LINE_CENTER,34000,34000
CH03_MID_W15,13,2,SheildTankZombie,2,LINE_CENTER,34000,34000
CH03_MID_W15,13,2,VudooZombie,1,LINE_LEFT,34000,34000
CH03_MID_W15,14,1,BlueGlobeZombie,2,SCATTER,36000,36000
CH03_MID_W15,14,1,DefTankZombie,3,LINE_CENTER,36000,36000
CH03_MID_W15,14,1,SheildTankZombie,1,LINE_CENTER,36000,36000
CH03_MID_W15,14,1,ZombieMan,4,SCATTER,36000,36000
CH03_MID_W15,14,2,BlueGlobeZombie,2,SCATTER,36000,36000
CH03_MID_W15,14,2,DefTankZombie,3,LINE_CENTER,36000,36000
CH03_MID_W15,14,2,SheildTankZombie,2,LINE_CENTER,36000,36000
CH03_MID_W15,14,2,ZombieWoman,5,SCATTER,36000,36000
CH03_MID_W15,15,1,SheildTankZombie,2,LINE_CENTER,38000,38000
CH03_MID_W15,15,1,VudooZombie,1,LINE_LEFT,38000,38000
CH03_MID_W15,15,1,ZombieWoman,5,SCATTER,38000,38000
CH03_MID_W15,15,2,BlueGlobeZombie,2,SCATTER,38000,38000
CH03_MID_W15,15,2,DefTankZombie,3,LINE_CENTER,38000,38000
CH03_MID_W15,15,2,SheildTankZombie,2,LINE_CENTER,38000,38000
CH03_MID_W15,15,2,ZombieMan,5,SCATTER,38000,38000
CH03_MID_W15,15,2,POShieldZombie,1,LINE_LEFT,38000,38000
CH03_LATE_W15,1,1,PoliceKnightZombie,3,LINE_CENTER,10000,10000
CH03_LATE_W15,1,1,ZombieWoman,2,SCATTER,10000,10000
CH03_LATE_W15,1,2,BlueGlobeZombie,2,SCATTER,10000,10000
CH03_LATE_W15,1,2,ZombieWoman,4,SCATTER,10000,10000
CH03_LATE_W15,2,1,SheildTankZombie,2,LINE_CENTER,12000,12000
CH03_LATE_W15,2,1,ZombieWoman,4,SCATTER,12000,12000
CH03_LATE_W15,2,2,PoliceKnightZombie,2,LINE_CENTER,12000,12000
CH03_LATE_W15,2,2,VudooZombie,1,LINE_LEFT,12000,12000
CH03_LATE_W15,2,2,ZombieWoman,4,SCATTER,12000,12000
CH03_LATE_W15,3,1,PoliceKnightZombie,1,LINE_CENTER,14000,14000
CH03_LATE_W15,3,1,SheildTankZombie,2,LINE_CENTER,14000,14000
CH03_LATE_W15,3,1,ZombieMan,4,SCATTER,14000,14000
CH03_LATE_W15,3,2,PoliceKnightZombie,4,LINE_CENTER,14000,14000
CH03_LATE_W15,3,2,ZombieMan,2,SCATTER,14000,14000
CH03_LATE_W15,3,2,ZombieWoman,2,SCATTER,14000,14000
CH03_LATE_W15,4,1,DefTankZombie,2,LINE_CENTER,16000,16000
CH03_LATE_W15,4,1,SheildTankZombie,2,LINE_CENTER,16000,16000
CH03_LATE_W15,4,1,ZombieWoman,4,SCATTER,16000,16000
CH03_LATE_W15,4,2,BlueGlobeZombie,3,SCATTER,16000,16000
CH03_LATE_W15,4,2,DefTankZombie,2,LINE_CENTER,16000,16000
CH03_LATE_W15,4,2,PoliceKnightZombie,3,LINE_CENTER,16000,16000
CH03_LATE_W15,4,2,VudootwoZombie,1,LINE_LEFT,16000,16000
CH03_LATE_W15,5,1,DefTankZombie,3,LINE_CENTER,18000,18000
CH03_LATE_W15,5,1,ZombieMan,2,SCATTER,18000,18000
CH03_LATE_W15,5,2,BlueGlobeZombie,3,SCATTER,18000,18000
CH03_LATE_W15,5,2,VudooZombie,1,LINE_LEFT,18000,18000
CH03_LATE_W15,5,2,ZombieMan,4,SCATTER,18000,18000
CH03_LATE_W15,5,2,DoctorZombie,1,LINE_LEFT,18000,18000
CH03_LATE_W15,6,1,PoliceKnightZombie,2,LINE_CENTER,20000,20000
CH03_LATE_W15,6,1,ZombieMan,3,SCATTER,20000,20000
CH03_LATE_W15,6,1,ZombieWoman,2,SCATTER,20000,20000
CH03_LATE_W15,6,2,BlueGlobeZombie,3,SCATTER,20000,20000
CH03_LATE_W15,6,2,PoliceKnightZombie,3,LINE_CENTER,20000,20000
CH03_LATE_W15,6,2,SheildTankZombie,2,LINE_CENTER,20000,20000
CH03_LATE_W15,7,1,CheifZombie,1,LINE_LEFT,22000,22000
CH03_LATE_W15,7,1,SheildTankZombie,2,LINE_CENTER,22000,22000
CH03_LATE_W15,7,1,ZombieWoman,4,SCATTER,22000,22000
CH03_LATE_W15,7,2,BlueGlobeZombie,3,SCATTER,22000,22000
CH03_LATE_W15,7,2,CheifZombie,1,LINE_LEFT,22000,22000
CH03_LATE_W15,7,2,DefTankZombie,4,LINE_CENTER,22000,22000
CH03_LATE_W15,7,2,SheildTankZombie,2,LINE_CENTER,22000,22000
CH03_LATE_W15,8,1,DefTankZombie,4,LINE_CENTER,24000,24000
CH03_LATE_W15,8,1,SheildTankZombie,2,LINE_CENTER,24000,24000
CH03_LATE_W15,8,1,ZzangDoleZombie,3,LINE_LEFT,24000,24000
CH03_LATE_W15,8,2,ArmoredZombie,1,LINE_CENTER,24000,24000
CH03_LATE_W15,8,2,BlueGlobeZombie,4,SCATTER,24000,24000
CH03_LATE_W15,8,2,PoliceKnightZombie,4,LINE_CENTER,24000,24000
CH03_LATE_W15,8,2,VudootwoZombie,1,LINE_LEFT,24000,24000
CH03_LATE_W15,9,1,BlueGlobeZombie,1,SCATTER,26000,26000
CH03_LATE_W15,9,1,DefTankZombie,3,LINE_CENTER,26000,26000
CH03_LATE_W15,9,1,SheildTankZombie,2,LINE_CENTER,26000,26000
CH03_LATE_W15,9,1,ZzangDoleZombie,3,LINE_LEFT,26000,26000
CH03_LATE_W15,9,2,BlueGlobeZombie,4,SCATTER,26000,26000
CH03_LATE_W15,9,2,DefTankZombie,3,LINE_CENTER,26000,26000
CH03_LATE_W15,9,2,PoliceKnightZombie,4,LINE_CENTER,26000,26000
CH03_LATE_W15,9,2,VudooZombie,1,LINE_LEFT,26000,26000
CH03_LATE_W15,10,1,DefTankZombie,4,LINE_CENTER,28000,28000
CH03_LATE_W15,10,1,ZzangDoleZombie,3,LINE_LEFT,28000,28000
CH03_LATE_W15,10,2,BlueGlobeZombie,4,SCATTER,28000,28000
CH03_LATE_W15,10,2,VudooZombie,1,LINE_LEFT,28000,28000
CH03_LATE_W15,10,2,ZombieMan,4,SCATTER,28000,28000
CH03_LATE_W15,10,2,POShieldZombie,1,LINE_LEFT,28000,28000
CH03_LATE_W15,11,1,CheifZombie,1,LINE_LEFT,30000,30000
CH03_LATE_W15,11,1,SheildTankZombie,2,LINE_CENTER,30000,30000
CH03_LATE_W15,11,1,ZombieWoman,6,SCATTER,30000,30000
CH03_LATE_W15,11,2,BlueGlobeZombie,3,SCATTER,30000,30000
CH03_LATE_W15,11,2,DefTankZombie,4,LINE_CENTER,30000,30000
CH03_LATE_W15,11,2,SheildTankZombie,2,LINE_CENTER,30000,30000
CH03_LATE_W15,11,2,VudootwoZombie,1,LINE_LEFT,30000,30000
CH03_LATE_W15,12,1,BlueGlobeZombie,3,SCATTER,32000,32000
CH03_LATE_W15,12,1,DefTankZombie,3,LINE_CENTER,32000,32000
CH03_LATE_W15,12,1,ZzangDoleZombie,3,LINE_LEFT,32000,32000
CH03_LATE_W15,12,2,BlueGlobeZombie,2,SCATTER,32000,32000
CH03_LATE_W15,12,2,DefTankZombie,4,LINE_CENTER,32000,32000
CH03_LATE_W15,12,2,PoliceKnightZombie,4,LINE_CENTER,32000,32000
CH03_LATE_W15,12,2,SheildTankZombie,2,LINE_CENTER,32000,32000
CH03_LATE_W15,13,1,ArmoredZombie,1,LINE_CENTER,34000,34000
CH03_LATE_W15,13,1,SheildTankZombie,2,LINE_CENTER,34000,34000
CH03_LATE_W15,13,1,ZombieMan,8,SCATTER,34000,34000
CH03_LATE_W15,13,2,ArmoredZombie,1,LINE_CENTER,34000,34000
CH03_LATE_W15,13,2,DefTankZombie,4,LINE_CENTER,34000,34000
CH03_LATE_W15,13,2,PoliceKnightZombie,4,LINE_CENTER,34000,34000
CH03_LATE_W15,13,2,SheildTankZombie,2,LINE_CENTER,34000,34000
CH03_LATE_W15,14,1,BlueGlobeZombie,2,SCATTER,36000,36000
CH03_LATE_W15,14,1,DefTankZombie,3,LINE_CENTER,36000,36000
CH03_LATE_W15,14,1,VudootwoZombie,1,LINE_LEFT,36000,36000
CH03_LATE_W15,14,1,ZombieMan,4,SCATTER,36000,36000
CH03_LATE_W15,14,2,ArmoredZombie,2,LINE_CENTER,36000,36000
CH03_LATE_W15,14,2,DefTankZombie,4,LINE_CENTER,36000,36000
CH03_LATE_W15,14,2,PoliceKnightZombie,4,LINE_CENTER,36000,36000
CH03_LATE_W15,14,2,SheildTankZombie,2,LINE_CENTER,36000,36000
CH03_LATE_W15,15,1,PoliceKnightZombie,3,LINE_CENTER,38000,38000
CH03_LATE_W15,15,1,VudootwoZombie,1,LINE_LEFT,38000,38000
CH03_LATE_W15,15,1,ZombieWoman,4,SCATTER,38000,38000
CH03_LATE_W15,15,2,BlueGlobeZombie,3,SCATTER,38000,38000
CH03_LATE_W15,15,2,DefTankZombie,3,LINE_CENTER,38000,38000
CH03_LATE_W15,15,2,PoliceKnightZombie,4,LINE_CENTER,38000,38000
CH03_LATE_W15,15,2,SheildTankZombie,2,LINE_CENTER,38000,38000
CH03_LATE_W15,15,2,DoctorZombie,1,LINE_LEFT,38000,38000
CH03_END_W15,1,1,DefTankZombie,3,LINE_CENTER,10000,10000
CH03_END_W15,1,1,ZombieMan,2,SCATTER,10000,10000
CH03_END_W15,1,2,SheildTankZombie,2,LINE_CENTER,10000,10000
CH03_END_W15,1,2,ZombieWoman,3,SCATTER,10000,10000
CH03_END_W15,1,2,ZzangDoleZombie,2,LINE_LEFT,10000,10000
CH03_END_W15,2,1,SheildTankZombie,2,LINE_CENTER,12000,12000
CH03_END_W15,2,1,ZombieWoman,5,SCATTER,12000,12000
CH03_END_W15,2,2,DefTankZombie,3,LINE_CENTER,12000,12000
CH03_END_W15,2,2,SheildTankZombie,1,LINE_CENTER,12000,12000
CH03_END_W15,2,2,ZombieMan,3,SCATTER,12000,12000
CH03_END_W15,3,1,PoliceKnightZombie,2,LINE_CENTER,14000,14000
CH03_END_W15,3,1,SheildTankZombie,2,LINE_CENTER,14000,14000
CH03_END_W15,3,1,ZombieWoman,3,SCATTER,14000,14000
CH03_END_W15,3,2,BlueGlobeZombie,1,SCATTER,14000,14000
CH03_END_W15,3,2,ZombieMan,5,SCATTER,14000,14000
CH03_END_W15,3,2,ZzangDoleZombie,3,LINE_LEFT,14000,14000
CH03_END_W15,4,1,BlueGlobeZombie,1,SCATTER,16000,16000
CH03_END_W15,4,1,DefTankZombie,3,LINE_CENTER,16000,16000
CH03_END_W15,4,1,ZombieWoman,4,SCATTER,16000,16000
CH03_END_W15,4,2,ArmoredZombie,1,LINE_CENTER,16000,16000
CH03_END_W15,4,2,DefTankZombie,4,LINE_CENTER,16000,16000
CH03_END_W15,4,2,PoliceKnightZombie,3,LINE_CENTER,16000,16000
CH03_END_W15,4,2,SheildTankZombie,1,LINE_CENTER,16000,16000
CH03_END_W15,5,1,PoliceKnightZombie,3,LINE_CENTER,18000,18000
CH03_END_W15,5,1,ZombieMan,3,SCATTER,18000,18000
CH03_END_W15,5,2,PoliceKnightZombie,4,LINE_CENTER,18000,18000
CH03_END_W15,5,2,VudooZombie,1,LINE_LEFT,18000,18000
CH03_END_W15,5,2,ZzangDoleZombie,3,LINE_LEFT,18000,18000
CH03_END_W15,5,2,WorkerZombie,1,LINE_LEFT,18000,18000
CH03_END_W15,6,1,BlueGlobeZombie,2,SCATTER,20000,20000
CH03_END_W15,6,1,SheildTankZombie,1,LINE_CENTER,20000,20000
CH03_END_W15,6,1,ZombieMan,4,SCATTER,20000,20000
CH03_END_W15,6,2,BlueGlobeZombie,4,SCATTER,20000,20000
CH03_END_W15,6,2,DefTankZombie,2,LINE_CENTER,20000,20000
CH03_END_W15,6,2,PoliceKnightZombie,2,LINE_CENTER,20000,20000
CH03_END_W15,7,1,DefTankZombie,2,LINE_CENTER,22000,22000
CH03_END_W15,7,1,PoliceKnightZombie,2,LINE_CENTER,22000,22000
CH03_END_W15,7,1,ZombieWoman,3,SCATTER,22000,22000
CH03_END_W15,7,2,DefTankZombie,3,LINE_CENTER,22000,22000
CH03_END_W15,7,2,PoliceKnightZombie,4,LINE_CENTER,22000,22000
CH03_END_W15,7,2,SheildTankZombie,2,LINE_CENTER,22000,22000
CH03_END_W15,7,2,VudootwoZombie,1,LINE_LEFT,22000,22000
CH03_END_W15,8,1,SheildTankZombie,2,LINE_CENTER,24000,24000
CH03_END_W15,8,1,ZombieMan,5,SCATTER,24000,24000
CH03_END_W15,8,1,ZzangDoleZombie,2,LINE_LEFT,24000,24000
CH03_END_W15,8,2,BlueGlobeZombie,4,SCATTER,24000,24000
CH03_END_W15,8,2,CheifZombie,1,LINE_LEFT,24000,24000
CH03_END_W15,8,2,DefTankZombie,3,LINE_CENTER,24000,24000
CH03_END_W15,8,2,SheildTankZombie,2,LINE_CENTER,24000,24000
CH03_END_W15,9,1,DefTankZombie,1,LINE_CENTER,26000,26000
CH03_END_W15,9,1,PoliceKnightZombie,2,LINE_CENTER,26000,26000
CH03_END_W15,9,1,SheildTankZombie,2,LINE_CENTER,26000,26000
CH03_END_W15,9,1,ZombieWoman,4,SCATTER,26000,26000
CH03_END_W15,9,2,BlueGlobeZombie,4,SCATTER,26000,26000
CH03_END_W15,9,2,DefTankZombie,4,LINE_CENTER,26000,26000
CH03_END_W15,9,2,PoliceKnightZombie,2,LINE_CENTER,26000,26000
CH03_END_W15,9,2,SheildTankZombie,2,LINE_CENTER,26000,26000
CH03_END_W15,10,1,PoliceKnightZombie,4,LINE_CENTER,28000,28000
CH03_END_W15,10,1,ZombieMan,3,SCATTER,28000,28000
CH03_END_W15,10,2,PoliceKnightZombie,3,LINE_CENTER,28000,28000
CH03_END_W15,10,2,VudootwoZombie,1,LINE_LEFT,28000,28000
CH03_END_W15,10,2,ZombieMan,5,SCATTER,28000,28000
CH03_END_W15,10,2,POShieldZombie,1,LINE_LEFT,28000,28000
CH03_END_W15,11,1,SheildTankZombie,2,LINE_CENTER,30000,30000
CH03_END_W15,11,1,VudooZombie,1,LINE_LEFT,30000,30000
CH03_END_W15,11,1,ZombieWoman,3,SCATTER,30000,30000
CH03_END_W15,11,1,ZzangDoleZombie,3,LINE_LEFT,30000,30000
CH03_END_W15,11,2,BlueGlobeZombie,4,SCATTER,30000,30000
CH03_END_W15,11,2,DefTankZombie,4,LINE_CENTER,30000,30000
CH03_END_W15,11,2,GentlemanZombie,1,SCATTER,30000,30000
CH03_END_W15,11,2,SheildTankZombie,1,LINE_CENTER,30000,30000
CH03_END_W15,12,1,BlueGlobeZombie,3,SCATTER,32000,32000
CH03_END_W15,12,1,SheildTankZombie,2,LINE_CENTER,32000,32000
CH03_END_W15,12,1,ZombieMan,4,SCATTER,32000,32000
CH03_END_W15,12,2,ArmoredZombie,1,LINE_CENTER,32000,32000
CH03_END_W15,12,2,BlueGlobeZombie,4,SCATTER,32000,32000
CH03_END_W15,12,2,DefTankZombie,3,LINE_CENTER,32000,32000
CH03_END_W15,12,2,PoliceKnightZombie,4,LINE_CENTER,32000,32000
CH03_END_W15,13,1,DefTankZombie,3,LINE_CENTER,34000,34000
CH03_END_W15,13,1,PoliceKnightZombie,2,LINE_CENTER,34000,34000
CH03_END_W15,13,1,ZombieWoman,6,SCATTER,34000,34000
CH03_END_W15,13,2,BlueGlobeZombie,3,SCATTER,34000,34000
CH03_END_W15,13,2,DefTankZombie,3,LINE_CENTER,34000,34000
CH03_END_W15,13,2,PoliceKnightZombie,4,LINE_CENTER,34000,34000
CH03_END_W15,13,2,SheildTankZombie,2,LINE_CENTER,34000,34000
CH03_END_W15,14,1,CheifZombie,1,LINE_LEFT,36000,36000
CH03_END_W15,14,1,PoliceKnightZombie,3,LINE_CENTER,36000,36000
CH03_END_W15,14,1,SheildTankZombie,2,LINE_CENTER,36000,36000
CH03_END_W15,14,1,ZombieMan,4,SCATTER,36000,36000
CH03_END_W15,14,2,BlueGlobeZombie,4,SCATTER,36000,36000
CH03_END_W15,14,2,DefTankZombie,4,LINE_CENTER,36000,36000
CH03_END_W15,14,2,GentlemanZombie,1,SCATTER,36000,36000
CH03_END_W15,14,2,PoliceKnightZombie,4,LINE_CENTER,36000,36000
CH03_END_W15,15,1,BlueGlobeZombie,2,SCATTER,38000,38000
CH03_END_W15,15,1,SheildTankZombie,2,LINE_CENTER,38000,38000
CH03_END_W15,15,1,ZombieWoman,5,SCATTER,38000,38000
CH03_END_W15,15,2,BlueGlobeZombie,4,SCATTER,38000,38000
CH03_END_W15,15,2,DefTankZombie,3,LINE_CENTER,38000,38000
CH03_END_W15,15,2,PoliceKnightZombie,3,LINE_CENTER,38000,38000
CH03_END_W15,15,2,SheildTankZombie,2,LINE_CENTER,38000,38000
CH03_END_W15,15,2,HighArmoredBossZombie,1,LINE_LEFT,38000,38000
CH04_START_W15,1,1,AxSkullZombie,2,LINE_CENTER,10000,10000
CH04_START_W15,1,1,ZzangDoleZombie,3,LINE_LEFT,10000,10000
CH04_START_W15,1,2,AxSkullZombie,3,LINE_CENTER,10000,10000
CH04_START_W15,1,2,ZombieWoman,3,SCATTER,10000,10000
CH04_START_W15,2,1,AxSkullZombie,4,LINE_CENTER,12000,12000
CH04_START_W15,2,1,ZzangDoleZombie,2,LINE_LEFT,12000,12000
CH04_START_W15,2,2,AxSkullZombie,3,LINE_CENTER,12000,12000
CH04_START_W15,2,2,ZombieMan,2,SCATTER,12000,12000
CH04_START_W15,2,2,ZzangDoleZombie,1,LINE_LEFT,12000,12000
CH04_START_W15,3,1,AxSkullZombie,3,LINE_CENTER,14000,14000
CH04_START_W15,3,1,ZombieMan,1,SCATTER,14000,14000
CH04_START_W15,3,1,ZzangDoleZombie,2,LINE_LEFT,14000,14000
CH04_START_W15,3,2,AxSkullZombie,3,LINE_CENTER,14000,14000
CH04_START_W15,3,2,ZombieMan,3,SCATTER,14000,14000
CH04_START_W15,3,2,ZzangDoleZombie,2,LINE_LEFT,14000,14000
CH04_START_W15,4,1,AxSkullZombie,2,LINE_CENTER,16000,16000
CH04_START_W15,4,1,RedPunchZombie,2,SCATTER,16000,16000
CH04_START_W15,4,1,ZombieMan,4,SCATTER,16000,16000
CH04_START_W15,4,2,AxSkullZombie,2,LINE_CENTER,16000,16000
CH04_START_W15,4,2,RedPunchZombie,3,SCATTER,16000,16000
CH04_START_W15,4,2,ZombieMan,3,SCATTER,16000,16000
CH04_START_W15,5,1,AxSkullZombie,3,LINE_CENTER,18000,18000
CH04_START_W15,5,1,ZombieMan,2,SCATTER,18000,18000
CH04_START_W15,5,2,AxSkullZombie,1,LINE_CENTER,18000,18000
CH04_START_W15,5,2,RedPunchZombie,3,SCATTER,18000,18000
CH04_START_W15,5,2,ZombieMan,3,SCATTER,18000,18000
CH04_START_W15,5,2,POShieldZombie,1,LINE_LEFT,18000,18000
CH04_START_W15,6,1,AxSkullZombie,2,LINE_CENTER,20000,20000
CH04_START_W15,6,1,RedPunchZombie,2,SCATTER,20000,20000
CH04_START_W15,6,1,ZombieMan,2,SCATTER,20000,20000
CH04_START_W15,6,2,AxSkullZombie,3,LINE_CENTER,20000,20000
CH04_START_W15,6,2,RedPunchZombie,1,SCATTER,20000,20000
CH04_START_W15,6,2,ZombieMan,4,SCATTER,20000,20000
CH04_START_W15,7,1,AxSkullZombie,3,LINE_CENTER,22000,22000
CH04_START_W15,7,1,RedPunchZombie,1,SCATTER,22000,22000
CH04_START_W15,7,1,ZombieWoman,3,SCATTER,22000,22000
CH04_START_W15,7,2,AxSkullZombie,2,LINE_CENTER,22000,22000
CH04_START_W15,7,2,RedPunchZombie,2,SCATTER,22000,22000
CH04_START_W15,7,2,ZombieWoman,5,SCATTER,22000,22000
CH04_START_W15,8,1,AxSkullZombie,2,LINE_CENTER,24000,24000
CH04_START_W15,8,1,RedPunchZombie,3,SCATTER,24000,24000
CH04_START_W15,8,1,ZombieMan,4,SCATTER,24000,24000
CH04_START_W15,8,2,AxSkullZombie,1,LINE_CENTER,24000,24000
CH04_START_W15,8,2,RedPunchZombie,2,SCATTER,24000,24000
CH04_START_W15,8,2,ZombieWoman,4,SCATTER,24000,24000
CH04_START_W15,8,2,ZzangDoleZombie,2,LINE_LEFT,24000,24000
CH04_START_W15,9,1,AxSkullZombie,2,LINE_CENTER,26000,26000
CH04_START_W15,9,1,RedPunchZombie,2,SCATTER,26000,26000
CH04_START_W15,9,1,ZombieMan,2,SCATTER,26000,26000
CH04_START_W15,9,1,ZzangDoleZombie,3,LINE_LEFT,26000,26000
CH04_START_W15,9,2,AxSkullZombie,1,LINE_CENTER,26000,26000
CH04_START_W15,9,2,RedPunchZombie,4,SCATTER,26000,26000
CH04_START_W15,9,2,ZombieMan,3,SCATTER,26000,26000
CH04_START_W15,9,2,ZzangDoleZombie,3,LINE_LEFT,26000,26000
CH04_START_W15,10,1,RedPunchZombie,3,SCATTER,28000,28000
CH04_START_W15,10,1,ZombieMan,3,SCATTER,28000,28000
CH04_START_W15,10,2,AxSkullZombie,2,LINE_CENTER,28000,28000
CH04_START_W15,10,2,RedPunchZombie,2,SCATTER,28000,28000
CH04_START_W15,10,2,ZombieMan,5,SCATTER,28000,28000
CH04_START_W15,10,2,POShieldZombie,1,LINE_LEFT,28000,28000
CH04_START_W15,11,1,AxSkullZombie,3,LINE_CENTER,30000,30000
CH04_START_W15,11,1,RedPunchZombie,2,SCATTER,30000,30000
CH04_START_W15,11,1,ZombieWoman,3,SCATTER,30000,30000
CH04_START_W15,11,2,AxSkullZombie,2,LINE_CENTER,30000,30000
CH04_START_W15,11,2,RedPunchZombie,3,SCATTER,30000,30000
CH04_START_W15,11,2,ZombieMan,5,SCATTER,30000,30000
CH04_START_W15,12,1,AxSkullZombie,3,LINE_CENTER,32000,32000
CH04_START_W15,12,1,RedPunchZombie,2,SCATTER,32000,32000
CH04_START_W15,12,1,ZombieMan,3,SCATTER,32000,32000
CH04_START_W15,12,2,AxSkullZombie,4,LINE_CENTER,32000,32000
CH04_START_W15,12,2,RedPunchZombie,1,SCATTER,32000,32000
CH04_START_W15,12,2,ZombieMan,2,SCATTER,32000,32000
CH04_START_W15,12,2,ZombieWoman,4,SCATTER,32000,32000
CH04_START_W15,13,1,AxSkullZombie,4,LINE_CENTER,34000,34000
CH04_START_W15,13,1,RedPunchZombie,1,SCATTER,34000,34000
CH04_START_W15,13,1,ZombieMan,5,SCATTER,34000,34000
CH04_START_W15,13,2,AxSkullZombie,3,LINE_CENTER,34000,34000
CH04_START_W15,13,2,RedPunchZombie,3,SCATTER,34000,34000
CH04_START_W15,13,2,ZombieMan,4,SCATTER,34000,34000
CH04_START_W15,13,2,ZzangDoleZombie,1,LINE_LEFT,34000,34000
CH04_START_W15,14,1,AxSkullZombie,2,LINE_CENTER,36000,36000
CH04_START_W15,14,1,RedPunchZombie,2,SCATTER,36000,36000
CH04_START_W15,14,1,ZombieWoman,4,SCATTER,36000,36000
CH04_START_W15,14,1,ZzangDoleZombie,1,LINE_LEFT,36000,36000
CH04_START_W15,14,2,AxSkullZombie,3,LINE_CENTER,36000,36000
CH04_START_W15,14,2,RedPunchZombie,4,SCATTER,36000,36000
CH04_START_W15,14,2,ZombieMan,4,SCATTER,36000,36000
CH04_START_W15,14,2,ZzangDoleZombie,1,LINE_LEFT,36000,36000
CH04_START_W15,15,1,AxSkullZombie,2,LINE_CENTER,38000,38000
CH04_START_W15,15,1,RedPunchZombie,3,SCATTER,38000,38000
CH04_START_W15,15,1,ZombieMan,3,SCATTER,38000,38000
CH04_START_W15,15,2,AxSkullZombie,4,LINE_CENTER,38000,38000
CH04_START_W15,15,2,RedPunchZombie,3,SCATTER,38000,38000
CH04_START_W15,15,2,ZombieMan,3,SCATTER,38000,38000
CH04_START_W15,15,2,ZzangDoleZombie,1,LINE_LEFT,38000,38000
CH04_START_W15,15,2,BatSkullZombie,1,LINE_LEFT,38000,38000
CH04_MID_W15,1,1,AxSkullZombie,2,LINE_CENTER,10000,10000
CH04_MID_W15,1,1,ZombieMan,3,SCATTER,10000,10000
CH04_MID_W15,1,2,HammerZombie,2,LINE_LEFT,10000,10000
CH04_MID_W15,1,2,ZombieMan,4,SCATTER,10000,10000
CH04_MID_W15,2,1,HammerZombie,2,LINE_LEFT,12000,12000
CH04_MID_W15,2,1,ZombieMan,4,SCATTER,12000,12000
CH04_MID_W15,2,2,AxSkullZombie,3,LINE_CENTER,12000,12000
CH04_MID_W15,2,2,RedPunchZombie,1,SCATTER,12000,12000
CH04_MID_W15,2,2,ZzangDoleZombie,3,LINE_LEFT,12000,12000
CH04_MID_W15,3,1,AxSkullZombie,1,LINE_CENTER,14000,14000
CH04_MID_W15,3,1,RedPunchZombie,3,SCATTER,14000,14000
CH04_MID_W15,3,1,ZzangDoleZombie,2,LINE_LEFT,14000,14000
CH04_MID_W15,3,2,AxSkullZombie,4,LINE_CENTER,14000,14000
CH04_MID_W15,3,2,ZombieWoman,2,SCATTER,14000,14000
CH04_MID_W15,3,2,ZzangDoleZombie,2,LINE_LEFT,14000,14000
CH04_MID_W15,4,1,AxSkullZombie,2,LINE_CENTER,16000,16000
CH04_MID_W15,4,1,RedPunchZombie,3,SCATTER,16000,16000
CH04_MID_W15,4,1,ZzangDoleZombie,3,LINE_LEFT,16000,16000
CH04_MID_W15,4,2,AxSkullZombie,1,LINE_CENTER,16000,16000
CH04_MID_W15,4,2,HammerZombie,2,LINE_LEFT,16000,16000
CH04_MID_W15,4,2,MaskKnifeZombie,2,SCATTER,16000,16000
CH04_MID_W15,4,2,RedPunchZombie,3,SCATTER,16000,16000
CH04_MID_W15,5,1,HammerZombie,2,LINE_LEFT,18000,18000
CH04_MID_W15,5,1,ZzangDoleZombie,3,LINE_LEFT,18000,18000
CH04_MID_W15,5,2,AxSkullZombie,3,LINE_CENTER,18000,18000
CH04_MID_W15,5,2,RedPunchZombie,2,SCATTER,18000,18000
CH04_MID_W15,5,2,ZzangDoleZombie,3,LINE_LEFT,18000,18000
CH04_MID_W15,5,2,POShieldZombie,1,LINE_LEFT,18000,18000
CH04_MID_W15,6,1,AxSkullZombie,2,LINE_CENTER,20000,20000
CH04_MID_W15,6,1,MaskKnifeZombie,1,SCATTER,20000,20000
CH04_MID_W15,6,1,ZzangDoleZombie,3,LINE_LEFT,20000,20000
CH04_MID_W15,6,2,AxSkullZombie,3,LINE_CENTER,20000,20000
CH04_MID_W15,6,2,RedPunchZombie,2,SCATTER,20000,20000
CH04_MID_W15,6,2,ZombieWoman,3,SCATTER,20000,20000
CH04_MID_W15,7,1,AxSkullZombie,2,LINE_CENTER,22000,22000
CH04_MID_W15,7,1,HammerZombie,2,LINE_LEFT,22000,22000
CH04_MID_W15,7,1,ZombieWoman,3,SCATTER,22000,22000
CH04_MID_W15,7,2,AxSkullZombie,4,LINE_CENTER,22000,22000
CH04_MID_W15,7,2,HammerZombie,2,LINE_LEFT,22000,22000
CH04_MID_W15,7,2,MaskKnifeZombie,2,SCATTER,22000,22000
CH04_MID_W15,7,2,NativeZombie,1,LINE_LEFT,22000,22000
CH04_MID_W15,8,1,RedPunchZombie,2,SCATTER,24000,24000
CH04_MID_W15,8,1,ZombieMan,3,SCATTER,24000,24000
CH04_MID_W15,8,1,ZombieWoman,4,SCATTER,24000,24000
CH04_MID_W15,8,2,AxSkullZombie,2,LINE_CENTER,24000,24000
CH04_MID_W15,8,2,HammerZombie,2,LINE_LEFT,24000,24000
CH04_MID_W15,8,2,RedPunchZombie,2,SCATTER,24000,24000
CH04_MID_W15,8,2,ZzangDoleZombie,3,LINE_LEFT,24000,24000
CH04_MID_W15,9,1,HammerZombie,2,LINE_LEFT,26000,26000
CH04_MID_W15,9,1,NativeZombie,1,LINE_LEFT,26000,26000
CH04_MID_W15,9,1,RedPunchZombie,2,SCATTER,26000,26000
CH04_MID_W15,9,1,ZombieWoman,4,SCATTER,26000,26000
CH04_MID_W15,9,2,AxSkullZombie,4,LINE_CENTER,26000,26000
CH04_MID_W15,9,2,MaskKnifeZombie,2,SCATTER,26000,26000
CH04_MID_W15,9,2,NativeZombie,1,LINE_LEFT,26000,26000
CH04_MID_W15,9,2,RedPunchZombie,4,SCATTER,26000,26000
CH04_MID_W15,10,1,HammerZombie,2,LINE_LEFT,28000,28000
CH04_MID_W15,10,1,ZombieWoman,4,SCATTER,28000,28000
CH04_MID_W15,10,2,HammerZombie,2,LINE_LEFT,28000,28000
CH04_MID_W15,10,2,NativeZombie,1,LINE_LEFT,28000,28000
CH04_MID_W15,10,2,ZombieWoman,6,SCATTER,28000,28000
CH04_MID_W15,10,2,BatSkullZombie,1,LINE_LEFT,28000,28000
CH04_MID_W15,11,1,AxSkullZombie,3,LINE_CENTER,30000,30000
CH04_MID_W15,11,1,MaskKnifeZombie,1,SCATTER,30000,30000
CH04_MID_W15,11,1,ZombieWoman,4,SCATTER,30000,30000
CH04_MID_W15,11,2,AxSkullZombie,3,LINE_CENTER,30000,30000
CH04_MID_W15,11,2,HammerZombie,2,LINE_LEFT,30000,30000
CH04_MID_W15,11,2,NativeZombie,1,LINE_LEFT,30000,30000
CH04_MID_W15,11,2,RedPunchZombie,4,SCATTER,30000,30000
CH04_MID_W15,12,1,AxSkullZombie,3,LINE_CENTER,32000,32000
CH04_MID_W15,12,1,HammerZombie,2,LINE_LEFT,32000,32000
CH04_MID_W15,12,1,ZombieMan,4,SCATTER,32000,32000
CH04_MID_W15,12,2,HammerZombie,1,LINE_LEFT,32000,32000
CH04_MID_W15,12,2,MaskKnifeZombie,2,SCATTER,32000,32000
CH04_MID_W15,12,2,RedPunchZombie,4,SCATTER,32000,32000
CH04_MID_W15,12,2,ZombieMan,4,SCATTER,32000,32000
CH04_MID_W15,13,1,AxSkullZombie,3,LINE_CENTER,34000,34000
CH04_MID_W15,13,1,HammerZombie,2,LINE_LEFT,34000,34000
CH04_MID_W15,13,1,ZombieMan,6,SCATTER,34000,34000
CH04_MID_W15,13,2,AxSkullZombie,4,LINE_CENTER,34000,34000
CH04_MID_W15,13,2,HammerZombie,2,LINE_LEFT,34000,34000
CH04_MID_W15,13,2,MaskKnifeZombie,2,SCATTER,34000,34000
CH04_MID_W15,13,2,RedPunchZombie,3,SCATTER,34000,34000
CH04_MID_W15,14,1,AxSkullZombie,4,LINE_CENTER,36000,36000
CH04_MID_W15,14,1,HammerZombie,1,LINE_LEFT,36000,36000
CH04_MID_W15,14,1,RedPunchZombie,1,SCATTER,36000,36000
CH04_MID_W15,14,1,ZzangDoleZombie,3,LINE_LEFT,36000,36000
CH04_MID_W15,14,2,AxSkullZombie,2,LINE_CENTER,36000,36000
CH04_MID_W15,14,2,HammerZombie,2,LINE_LEFT,36000,36000
CH04_MID_W15,14,2,RedPunchZombie,2,SCATTER,36000,36000
CH04_MID_W15,14,2,ZombieMan,6,SCATTER,36000,36000
CH04_MID_W15,15,1,HammerZombie,2,LINE_LEFT,38000,38000
CH04_MID_W15,15,1,RedPunchZombie,3,SCATTER,38000,38000
CH04_MID_W15,15,1,ZombieWoman,3,SCATTER,38000,38000
CH04_MID_W15,15,2,AxSkullZombie,1,LINE_CENTER,38000,38000
CH04_MID_W15,15,2,HammerZombie,2,LINE_LEFT,38000,38000
CH04_MID_W15,15,2,RedPunchZombie,3,SCATTER,38000,38000
CH04_MID_W15,15,2,ZombieWoman,6,SCATTER,38000,38000
CH04_MID_W15,15,2,POShieldZombie,1,LINE_LEFT,38000,38000
CH04_LATE_W15,1,1,AxSkullZombie,2,LINE_CENTER,10000,10000
CH04_LATE_W15,1,1,ZombieMan,3,SCATTER,10000,10000
CH04_LATE_W15,1,2,HammerZombie,2,LINE_LEFT,10000,10000
CH04_LATE_W15,1,2,ZombieWoman,4,SCATTER,10000,10000
CH04_LATE_W15,2,1,AxSkullZombie,4,LINE_CENTER,12000,12000
CH04_LATE_W15,2,1,ZzangDoleZombie,2,LINE_LEFT,12000,12000
CH04_LATE_W15,2,2,RedPunchZombie,3,SCATTER,12000,12000
CH04_LATE_W15,2,2,ZombieMan,2,SCATTER,12000,12000
CH04_LATE_W15,2,2,ZzangDoleZombie,2,LINE_LEFT,12000,12000
CH04_LATE_W15,3,1,HammerZombie,2,LINE_LEFT,14000,14000
CH04_LATE_W15,3,1,RedPunchZombie,2,SCATTER,14000,14000
CH04_LATE_W15,3,1,ZombieWoman,3,SCATTER,14000,14000
CH04_LATE_W15,3,2,AxSkullZombie,3,LINE_CENTER,14000,14000
CH04_LATE_W15,3,2,RedPunchZombie,2,SCATTER,14000,14000
CH04_LATE_W15,3,2,ZzangDoleZombie,3,LINE_LEFT,14000,14000
CH04_LATE_W15,4,1,AxSkullZombie,2,LINE_CENTER,16000,16000
CH04_LATE_W15,4,1,HammerZombie,2,LINE_LEFT,16000,16000
CH04_LATE_W15,4,1,ZombieWoman,4,SCATTER,16000,16000
CH04_LATE_W15,4,2,HammerZombie,2,LINE_LEFT,16000,16000
CH04_LATE_W15,4,2,NativeZombie,1,LINE_LEFT,16000,16000
CH04_LATE_W15,4,2,RedPunchZombie,4,SCATTER,16000,16000
CH04_LATE_W15,4,2,WarriorTwoZombie,1,LINE_CENTER,16000,16000
CH04_LATE_W15,5,1,HammerZombie,2,LINE_LEFT,18000,18000
CH04_LATE_W15,5,1,ZombieWoman,3,SCATTER,18000,18000
CH04_LATE_W15,5,2,RedPunchZombie,4,SCATTER,18000,18000
CH04_LATE_W15,5,2,ZombieMan,1,SCATTER,18000,18000
CH04_LATE_W15,5,2,ZzangDoleZombie,3,LINE_LEFT,18000,18000
CH04_LATE_W15,5,2,BatSkullZombie,1,LINE_LEFT,18000,18000
CH04_LATE_W15,6,1,AxSkullZombie,2,LINE_CENTER,20000,20000
CH04_LATE_W15,6,1,ZombieMan,3,SCATTER,20000,20000
CH04_LATE_W15,6,1,ZombieWoman,2,SCATTER,20000,20000
CH04_LATE_W15,6,2,AxSkullZombie,4,LINE_CENTER,20000,20000
CH04_LATE_W15,6,2,HammerZombie,2,LINE_LEFT,20000,20000
CH04_LATE_W15,6,2,NativeZombie,1,LINE_LEFT,20000,20000
CH04_LATE_W15,6,2,WarriorTwoZombie,1,LINE_CENTER,20000,20000
CH04_LATE_W15,7,1,AxSkullZombie,2,LINE_CENTER,22000,22000
CH04_LATE_W15,7,1,WarriorTwoZombie,1,LINE_CENTER,22000,22000
CH04_LATE_W15,7,1,ZombieMan,4,SCATTER,22000,22000
CH04_LATE_W15,7,2,AxSkullZombie,4,LINE_CENTER,22000,22000
CH04_LATE_W15,7,2,HammerZombie,2,LINE_LEFT,22000,22000
CH04_LATE_W15,7,2,MaceZombie,1,LINE_LEFT,22000,22000
CH04_LATE_W15,7,2,MaskKnifeZombie,2,SCATTER,22000,22000
CH04_LATE_W15,8,1,HammerZombie,2,LINE_LEFT,24000,24000
CH04_LATE_W15,8,1,NativeZombie,1,LINE_LEFT,24000,24000
CH04_LATE_W15,8,1,ZombieWoman,3,SCATTER,24000,24000
CH04_LATE_W15,8,1,ZzangDoleZombie,3,LINE_LEFT,24000,24000
CH04_LATE_W15,8,2,AxSkullZombie,4,LINE_CENTER,24000,24000
CH04_LATE_W15,8,2,HammerZombie,2,LINE_LEFT,24000,24000
CH04_LATE_W15,8,2,MaceZombie,1,LINE_LEFT,24000,24000
CH04_LATE_W15,8,2,WarriorZombie,2,LINE_CENTER,24000,24000
CH04_LATE_W15,9,1,HammerZombie,2,LINE_LEFT,26000,26000
CH04_LATE_W15,9,1,MaceZombie,1,LINE_LEFT,26000,26000
CH04_LATE_W15,9,1,RedPunchZombie,3,SCATTER,26000,26000
CH04_LATE_W15,9,1,ZzangDoleZombie,3,LINE_LEFT,26000,26000
CH04_LATE_W15,9,2,AxSkullZombie,4,LINE_CENTER,26000,26000
CH04_LATE_W15,9,2,HammerZombie,2,LINE_LEFT,26000,26000
CH04_LATE_W15,9,2,MaskKnifeZombie,1,SCATTER,26000,26000
CH04_LATE_W15,9,2,RedPunchZombie,4,SCATTER,26000,26000
CH04_LATE_W15,10,1,HammerZombie,2,LINE_LEFT,28000,28000
CH04_LATE_W15,10,1,ZombieWoman,5,SCATTER,28000,28000
CH04_LATE_W15,10,2,AxSkullZombie,2,LINE_CENTER,28000,28000
CH04_LATE_W15,10,2,RedPunchZombie,3,SCATTER,28000,28000
CH04_LATE_W15,10,2,ZombieWoman,4,SCATTER,28000,28000
CH04_LATE_W15,10,2,POShieldZombie,1,LINE_LEFT,28000,28000
CH04_LATE_W15,11,1,MaceZombie,1,LINE_LEFT,30000,30000
CH04_LATE_W15,11,1,RedPunchZombie,4,SCATTER,30000,30000
CH04_LATE_W15,11,1,ZzangDoleZombie,3,LINE_LEFT,30000,30000
CH04_LATE_W15,11,2,AxSkullZombie,2,LINE_CENTER,30000,30000
CH04_LATE_W15,11,2,HammerZombie,2,LINE_LEFT,30000,30000
CH04_LATE_W15,11,2,MaskKnifeZombie,2,SCATTER,30000,30000
CH04_LATE_W15,11,2,RedPunchZombie,4,SCATTER,30000,30000
CH04_LATE_W15,12,1,MaskKnifeZombie,1,SCATTER,32000,32000
CH04_LATE_W15,12,1,RedPunchZombie,3,SCATTER,32000,32000
CH04_LATE_W15,12,1,ZombieWoman,5,SCATTER,32000,32000
CH04_LATE_W15,12,2,AxSkullZombie,4,LINE_CENTER,32000,32000
CH04_LATE_W15,12,2,MaskKnifeZombie,2,SCATTER,32000,32000
CH04_LATE_W15,12,2,RedPunchZombie,3,SCATTER,32000,32000
CH04_LATE_W15,12,2,WarriorZombie,2,LINE_CENTER,32000,32000
CH04_LATE_W15,13,1,AxSkullZombie,4,LINE_CENTER,34000,34000
CH04_LATE_W15,13,1,RedPunchZombie,2,SCATTER,34000,34000
CH04_LATE_W15,13,1,ZombieMan,5,SCATTER,34000,34000
CH04_LATE_W15,13,2,AxSkullZombie,4,LINE_CENTER,34000,34000
CH04_LATE_W15,13,2,HammerZombie,2,LINE_LEFT,34000,34000
CH04_LATE_W15,13,2,RedPunchZombie,4,SCATTER,34000,34000
CH04_LATE_W15,13,2,WarriorZombie,1,LINE_CENTER,34000,34000
CH04_LATE_W15,14,1,AxSkullZombie,2,LINE_CENTER,36000,36000
CH04_LATE_W15,14,1,HammerZombie,2,LINE_LEFT,36000,36000
CH04_LATE_W15,14,1,RedPunchZombie,3,SCATTER,36000,36000
CH04_LATE_W15,14,1,ZzangDoleZombie,3,LINE_LEFT,36000,36000
CH04_LATE_W15,14,2,AxSkullZombie,4,LINE_CENTER,36000,36000
CH04_LATE_W15,14,2,HammerZombie,2,LINE_LEFT,36000,36000
CH04_LATE_W15,14,2,RedPunchZombie,4,SCATTER,36000,36000
CH04_LATE_W15,14,2,WarriorZombie,2,LINE_CENTER,36000,36000
CH04_LATE_W15,15,1,RedPunchZombie,4,SCATTER,38000,38000
CH04_LATE_W15,15,1,WarriorTwoZombie,1,LINE_CENTER,38000,38000
CH04_LATE_W15,15,1,ZombieMan,3,SCATTER,38000,38000
CH04_LATE_W15,15,2,AxSkullZombie,4,LINE_CENTER,38000,38000
CH04_LATE_W15,15,2,HammerZombie,2,LINE_LEFT,38000,38000
CH04_LATE_W15,15,2,MaskKnifeZombie,2,SCATTER,38000,38000
CH04_LATE_W15,15,2,RedPunchZombie,4,SCATTER,38000,38000
CH04_LATE_W15,15,2,RushZombieBoss2,1,LINE_LEFT,38000,38000
CH04_END_W15,1,1,AxSkullZombie,3,LINE_CENTER,10000,10000
CH04_END_W15,1,1,ZombieWoman,2,SCATTER,10000,10000
CH04_END_W15,1,2,RedPunchZombie,3,SCATTER,10000,10000
CH04_END_W15,1,2,ZombieWoman,3,SCATTER,10000,10000
CH04_END_W15,2,1,AxSkullZombie,3,LINE_CENTER,12000,12000
CH04_END_W15,2,1,ZombieWoman,3,SCATTER,12000,12000
CH04_END_W15,2,2,MaskKnifeZombie,1,SCATTER,12000,12000
CH04_END_W15,2,2,RedPunchZombie,3,SCATTER,12000,12000
CH04_END_W15,2,2,ZombieWoman,3,SCATTER,12000,12000
CH04_END_W15,3,1,HammerZombie,2,LINE_LEFT,14000,14000
CH04_END_W15,3,1,MaskKnifeZombie,2,SCATTER,14000,14000
CH04_END_W15,3,1,ZombieWoman,3,SCATTER,14000,14000
CH04_END_W15,3,2,AxSkullZombie,3,LINE_CENTER,14000,14000
CH04_END_W15,3,2,HammerZombie,2,LINE_LEFT,14000,14000
CH04_END_W15,3,2,ZombieMan,3,SCATTER,14000,14000
CH04_END_W15,4,1,HammerZombie,2,LINE_LEFT,16000,16000
CH04_END_W15,4,1,MaceZombie,1,LINE_LEFT,16000,16000
CH04_END_W15,4,1,ZombieWoman,5,SCATTER,16000,16000
CH04_END_W15,4,2,AxSkullZombie,3,LINE_CENTER,16000,16000
CH04_END_W15,4,2,HammerZombie,2,LINE_LEFT,16000,16000
CH04_END_W15,4,2,MaskKnifeZombie,1,SCATTER,16000,16000
CH04_END_W15,4,2,RedPunchZombie,3,SCATTER,16000,16000
CH04_END_W15,5,1,AxSkullZombie,3,LINE_CENTER,18000,18000
CH04_END_W15,5,1,ZombieWoman,2,SCATTER,18000,18000
CH04_END_W15,5,2,AxSkullZombie,2,LINE_CENTER,18000,18000
CH04_END_W15,5,2,RedPunchZombie,3,SCATTER,18000,18000
CH04_END_W15,5,2,ZzangDoleZombie,3,LINE_LEFT,18000,18000
CH04_END_W15,5,2,BatSkullZombie,1,LINE_LEFT,18000,18000
CH04_END_W15,6,1,AxSkullZombie,2,LINE_CENTER,20000,20000
CH04_END_W15,6,1,HammerZombie,2,LINE_LEFT,20000,20000
CH04_END_W15,6,1,ZzangDoleZombie,3,LINE_LEFT,20000,20000
CH04_END_W15,6,2,AxSkullZombie,3,LINE_CENTER,20000,20000
CH04_END_W15,6,2,HammerZombie,2,LINE_LEFT,20000,20000
CH04_END_W15,6,2,NativeZombie,1,LINE_LEFT,20000,20000
CH04_END_W15,6,2,RedPunchZombie,2,SCATTER,20000,20000
CH04_END_W15,7,1,HammerZombie,2,LINE_LEFT,22000,22000
CH04_END_W15,7,1,RedPunchZombie,2,SCATTER,22000,22000
CH04_END_W15,7,1,ZzangDoleZombie,3,LINE_LEFT,22000,22000
CH04_END_W15,7,2,HammerZombie,2,LINE_LEFT,22000,22000
CH04_END_W15,7,2,MaskKnifeZombie,2,SCATTER,22000,22000
CH04_END_W15,7,2,RedPunchZombie,4,SCATTER,22000,22000
CH04_END_W15,7,2,WarriorZombie,2,LINE_CENTER,22000,22000
CH04_END_W15,8,1,RedPunchZombie,2,SCATTER,24000,24000
CH04_END_W15,8,1,WarriorZombie,2,LINE_CENTER,24000,24000
CH04_END_W15,8,1,ZombieMan,5,SCATTER,24000,24000
CH04_END_W15,8,2,AxSkullZombie,2,LINE_CENTER,24000,24000
CH04_END_W15,8,2,MaskKnifeZombie,2,SCATTER,24000,24000
CH04_END_W15,8,2,RedPunchZombie,4,SCATTER,24000,24000
CH04_END_W15,8,2,WarriorZombie,2,LINE_CENTER,24000,24000
CH04_END_W15,9,1,BabaZombie,1,LINE_CENTER,26000,26000
CH04_END_W15,9,1,MaskKnifeZombie,1,SCATTER,26000,26000
CH04_END_W15,9,1,RedPunchZombie,2,SCATTER,26000,26000
CH04_END_W15,9,1,ZombieWoman,5,SCATTER,26000,26000
CH04_END_W15,9,2,AxSkullZombie,4,LINE_CENTER,26000,26000
CH04_END_W15,9,2,NativeZombie,1,LINE_LEFT,26000,26000
CH04_END_W15,9,2,RedPunchZombie,4,SCATTER,26000,26000
CH04_END_W15,9,2,WarriorTwoZombie,2,LINE_CENTER,26000,26000
CH04_END_W15,10,1,HammerZombie,2,LINE_LEFT,28000,28000
CH04_END_W15,10,1,ZombieWoman,3,SCATTER,28000,28000
CH04_END_W15,10,1,ZzangDoleZombie,2,LINE_LEFT,28000,28000
CH04_END_W15,10,2,BabaZombie,1,LINE_CENTER,28000,28000
CH04_END_W15,10,2,HammerZombie,2,LINE_LEFT,28000,28000
CH04_END_W15,10,2,ZombieWoman,3,SCATTER,28000,28000
CH04_END_W15,10,2,ZzangDoleZombie,3,LINE_LEFT,28000,28000
CH04_END_W15,10,2,RushZombieBoss2,1,LINE_LEFT,28000,28000
CH04_END_W15,11,1,AxSkullZombie,2,LINE_CENTER,30000,30000
CH04_END_W15,11,1,RedPunchZombie,3,SCATTER,30000,30000
CH04_END_W15,11,1,ZzangDoleZombie,3,LINE_LEFT,30000,30000
CH04_END_W15,11,2,AxSkullZombie,2,LINE_CENTER,30000,30000
CH04_END_W15,11,2,BabaZombie,2,LINE_CENTER,30000,30000
CH04_END_W15,11,2,HammerZombie,2,LINE_LEFT,30000,30000
CH04_END_W15,11,2,RedPunchZombie,4,SCATTER,30000,30000
CH04_END_W15,12,1,BabaZombie,2,LINE_CENTER,32000,32000
CH04_END_W15,12,1,RedPunchZombie,4,SCATTER,32000,32000
CH04_END_W15,12,1,ZzangDoleZombie,3,LINE_LEFT,32000,32000
CH04_END_W15,12,2,AxSkullZombie,4,LINE_CENTER,32000,32000
CH04_END_W15,12,2,MaskKnifeZombie,2,SCATTER,32000,32000
CH04_END_W15,12,2,RedPunchZombie,4,SCATTER,32000,32000
CH04_END_W15,12,2,WarriorZombie,1,LINE_CENTER,32000,32000
CH04_END_W15,13,1,HammerZombie,2,LINE_LEFT,34000,34000
CH04_END_W15,13,1,RedPunchZombie,3,SCATTER,34000,34000
CH04_END_W15,13,1,ZombieWoman,4,SCATTER,34000,34000
CH04_END_W15,13,1,ZzangDoleZombie,2,LINE_LEFT,34000,34000
CH04_END_W15,13,2,AxSkullZombie,4,LINE_CENTER,34000,34000
CH04_END_W15,13,2,HammerZombie,2,LINE_LEFT,34000,34000
CH04_END_W15,13,2,NativeZombie,1,LINE_LEFT,34000,34000
CH04_END_W15,13,2,RedPunchZombie,4,SCATTER,34000,34000
CH04_END_W15,14,1,AxSkullZombie,4,LINE_CENTER,36000,36000
CH04_END_W15,14,1,BabaZombie,1,LINE_CENTER,36000,36000
CH04_END_W15,14,1,WarriorZombie,2,LINE_CENTER,36000,36000
CH04_END_W15,14,1,ZzangDoleZombie,3,LINE_LEFT,36000,36000
CH04_END_W15,14,2,AxSkullZombie,4,LINE_CENTER,36000,36000
CH04_END_W15,14,2,BabaZombie,2,LINE_CENTER,36000,36000
CH04_END_W15,14,2,RedPunchZombie,4,SCATTER,36000,36000
CH04_END_W15,14,2,WarriorZombie,2,LINE_CENTER,36000,36000
CH04_END_W15,15,1,HammerZombie,2,LINE_LEFT,38000,38000
CH04_END_W15,15,1,MaceZombie,1,LINE_LEFT,38000,38000
CH04_END_W15,15,1,ZombieWoman,5,SCATTER,38000,38000
CH04_END_W15,15,2,AxSkullZombie,4,LINE_CENTER,38000,38000
CH04_END_W15,15,2,HammerZombie,2,LINE_LEFT,38000,38000
CH04_END_W15,15,2,RedPunchZombie,4,SCATTER,38000,38000
CH04_END_W15,15,2,WarriorZombie,2,LINE_CENTER,38000,38000
CH04_END_W15,15,2,AdvBuskerZombie,1,LINE_LEFT,38000,38000
CH05_START_W15,1,1,BasketZombie,3,SCATTER,10000,10000
CH05_START_W15,1,1,ZzangDoleZombie,1,LINE_LEFT,10000,10000
CH05_START_W15,1,2,BasketZombie,2,SCATTER,10000,10000
CH05_START_W15,1,2,ZombieMan,4,SCATTER,10000,10000
CH05_START_W15,2,1,BasketZombie,2,SCATTER,12000,12000
CH05_START_W15,2,1,ZombieWoman,4,SCATTER,12000,12000
CH05_START_W15,2,2,BasketZombie,2,SCATTER,12000,12000
CH05_START_W15,2,2,ZombieWoman,3,SCATTER,12000,12000
CH05_START_W15,2,2,ZzangDoleZombie,1,LINE_LEFT,12000,12000
CH05_START_W15,3,1,BasketZombie,3,SCATTER,14000,14000
CH05_START_W15,3,1,ZombieWoman,1,SCATTER,14000,14000
CH05_START_W15,3,1,ZzangDoleZombie,2,LINE_LEFT,14000,14000
CH05_START_W15,3,2,BasketZombie,4,SCATTER,14000,14000
CH05_START_W15,3,2,ZombieMan,3,SCATTER,14000,14000
CH05_START_W15,3,2,ZzangDoleZombie,1,LINE_LEFT,14000,14000
CH05_START_W15,4,1,BasketZombie,1,SCATTER,16000,16000
CH05_START_W15,4,1,NeighborZombie,3,SCATTER,16000,16000
CH05_START_W15,4,1,ZombieWoman,3,SCATTER,16000,16000
CH05_START_W15,4,2,BasketZombie,3,SCATTER,16000,16000
CH05_START_W15,4,2,NeighborZombie,1,SCATTER,16000,16000
CH05_START_W15,4,2,ZombieWoman,4,SCATTER,16000,16000
CH05_START_W15,5,1,NeighborZombie,3,SCATTER,18000,18000
CH05_START_W15,5,1,ZzangDoleZombie,2,LINE_LEFT,18000,18000
CH05_START_W15,5,2,BasketZombie,3,SCATTER,18000,18000
CH05_START_W15,5,2,NeighborZombie,2,SCATTER,18000,18000
CH05_START_W15,5,2,ZombieMan,2,SCATTER,18000,18000
CH05_START_W15,5,2,RushZombieBoss2,1,LINE_LEFT,18000,18000
CH05_START_W15,6,1,BasketZombie,2,SCATTER,20000,20000
CH05_START_W15,6,1,NeighborZombie,2,SCATTER,20000,20000
CH05_START_W15,6,1,ZombieWoman,2,SCATTER,20000,20000
CH05_START_W15,6,2,NeighborZombie,3,SCATTER,20000,20000
CH05_START_W15,6,2,ZombieMan,2,SCATTER,20000,20000
CH05_START_W15,6,2,ZzangDoleZombie,3,LINE_LEFT,20000,20000
CH05_START_W15,7,1,BasketZombie,2,SCATTER,22000,22000
CH05_START_W15,7,1,NeighborZombie,2,SCATTER,22000,22000
CH05_START_W15,7,1,ZombieWoman,3,SCATTER,22000,22000
CH05_START_W15,7,2,BasketZombie,2,SCATTER,22000,22000
CH05_START_W15,7,2,NeighborZombie,3,SCATTER,22000,22000
CH05_START_W15,7,2,ZombieMan,3,SCATTER,22000,22000
CH05_START_W15,8,1,BasketZombie,2,SCATTER,24000,24000
CH05_START_W15,8,1,NeighborZombie,3,SCATTER,24000,24000
CH05_START_W15,8,1,ZzangDoleZombie,3,LINE_LEFT,24000,24000
CH05_START_W15,8,2,BasketZombie,1,SCATTER,24000,24000
CH05_START_W15,8,2,NeighborZombie,4,SCATTER,24000,24000
CH05_START_W15,8,2,ZombieMan,1,SCATTER,24000,24000
CH05_START_W15,8,2,ZombieWoman,3,SCATTER,24000,24000
CH05_START_W15,9,1,BasketZombie,2,SCATTER,26000,26000
CH05_START_W15,9,1,NeighborZombie,3,SCATTER,26000,26000
CH05_START_W15,9,1,ZombieMan,2,SCATTER,26000,26000
CH05_START_W15,9,1,ZombieWoman,2,SCATTER,26000,26000
CH05_START_W15,9,2,BasketZombie,3,SCATTER,26000,26000
CH05_START_W15,9,2,NeighborZombie,3,SCATTER,26000,26000
CH05_START_W15,9,2,ZombieMan,3,SCATTER,26000,26000
CH05_START_W15,9,2,ZzangDoleZombie,1,LINE_LEFT,26000,26000
CH05_START_W15,10,1,NeighborZombie,3,SCATTER,28000,28000
CH05_START_W15,10,1,ZzangDoleZombie,3,LINE_LEFT,28000,28000
CH05_START_W15,10,2,BasketZombie,4,SCATTER,28000,28000
CH05_START_W15,10,2,NeighborZombie,2,SCATTER,28000,28000
CH05_START_W15,10,2,ZombieMan,3,SCATTER,28000,28000
CH05_START_W15,10,2,RushZombieBoss2,1,LINE_LEFT,28000,28000
CH05_START_W15,11,1,BasketZombie,2,SCATTER,30000,30000
CH05_START_W15,11,1,NeighborZombie,2,SCATTER,30000,30000
CH05_START_W15,11,1,ZombieWoman,4,SCATTER,30000,30000
CH05_START_W15,11,2,BasketZombie,2,SCATTER,30000,30000
CH05_START_W15,11,2,NeighborZombie,4,SCATTER,30000,30000
CH05_START_W15,11,2,ZombieWoman,3,SCATTER,30000,30000
CH05_START_W15,12,1,BasketZombie,3,SCATTER,32000,32000
CH05_START_W15,12,1,NeighborZombie,2,SCATTER,32000,32000
CH05_START_W15,12,1,ZzangDoleZombie,3,LINE_LEFT,32000,32000
CH05_START_W15,12,2,BasketZombie,2,SCATTER,32000,32000
CH05_START_W15,12,2,NeighborZombie,3,SCATTER,32000,32000
CH05_START_W15,12,2,ZombieWoman,3,SCATTER,32000,32000
CH05_START_W15,12,2,ZzangDoleZombie,3,LINE_LEFT,32000,32000
CH05_START_W15,13,1,BasketZombie,2,SCATTER,34000,34000
CH05_START_W15,13,1,NeighborZombie,4,SCATTER,34000,34000
CH05_START_W15,13,1,ZombieWoman,4,SCATTER,34000,34000
CH05_START_W15,13,2,BasketZombie,2,SCATTER,34000,34000
CH05_START_W15,13,2,NeighborZombie,3,SCATTER,34000,34000
CH05_START_W15,13,2,ZombieMan,3,SCATTER,34000,34000
CH05_START_W15,13,2,ZombieWoman,3,SCATTER,34000,34000
CH05_START_W15,14,1,BasketZombie,3,SCATTER,36000,36000
CH05_START_W15,14,1,NeighborZombie,2,SCATTER,36000,36000
CH05_START_W15,14,1,ZombieMan,1,SCATTER,36000,36000
CH05_START_W15,14,1,ZombieWoman,3,SCATTER,36000,36000
CH05_START_W15,14,2,BasketZombie,2,SCATTER,36000,36000
CH05_START_W15,14,2,NeighborZombie,4,SCATTER,36000,36000
CH05_START_W15,14,2,ZombieMan,3,SCATTER,36000,36000
CH05_START_W15,14,2,ZombieWoman,3,SCATTER,36000,36000
CH05_START_W15,15,1,BasketZombie,1,SCATTER,38000,38000
CH05_START_W15,15,1,NeighborZombie,3,SCATTER,38000,38000
CH05_START_W15,15,1,ZombieWoman,4,SCATTER,38000,38000
CH05_START_W15,15,2,BasketZombie,2,SCATTER,38000,38000
CH05_START_W15,15,2,NeighborZombie,3,SCATTER,38000,38000
CH05_START_W15,15,2,ZombieMan,3,SCATTER,38000,38000
CH05_START_W15,15,2,ZombieWoman,3,SCATTER,38000,38000
CH05_START_W15,15,2,AdvandMagBossZombie,1,LINE_LEFT,38000,38000
CH05_MID_W15,1,1,AdvKnifeZombie,2,SCATTER,10000,10000
CH05_MID_W15,1,1,ZzangDoleZombie,3,LINE_LEFT,10000,10000
CH05_MID_W15,1,2,AdvKnifeZombie,3,SCATTER,10000,10000
CH05_MID_W15,1,2,ZombieWoman,3,SCATTER,10000,10000
CH05_MID_W15,2,1,BasketZombie,3,SCATTER,12000,12000
CH05_MID_W15,2,1,ZzangDoleZombie,3,LINE_LEFT,12000,12000
CH05_MID_W15,2,2,AdvKnifeZombie,2,SCATTER,12000,12000
CH05_MID_W15,2,2,ZombieWoman,2,SCATTER,12000,12000
CH05_MID_W15,2,2,ZzangDoleZombie,2,LINE_LEFT,12000,12000
CH05_MID_W15,3,1,AdvKnifeZombie,1,SCATTER,14000,14000
CH05_MID_W15,3,1,BasketZombie,3,SCATTER,14000,14000
CH05_MID_W15,3,1,ZombieWoman,2,SCATTER,14000,14000
CH05_MID_W15,3,2,AdvKnifeZombie,4,SCATTER,14000,14000
CH05_MID_W15,3,2,NeighborZombie,1,SCATTER,14000,14000
CH05_MID_W15,3,2,ZzangDoleZombie,3,LINE_LEFT,14000,14000
CH05_MID_W15,4,1,AdvKnifeZombie,3,SCATTER,16000,16000
CH05_MID_W15,4,1,NeighborZombie,2,SCATTER,16000,16000
CH05_MID_W15,4,1,ZombieWoman,3,SCATTER,16000,16000
CH05_MID_W15,4,2,AdvKnifePotionZombie,2,SCATTER,16000,16000
CH05_MID_W15,4,2,AdvKnifeZombie,1,SCATTER,16000,16000
CH05_MID_W15,4,2,BasketZombie,3,SCATTER,16000,16000
CH05_MID_W15,4,2,NeighborZombie,2,SCATTER,16000,16000
CH05_MID_W15,5,1,BasketZombie,2,SCATTER,18000,18000
CH05_MID_W15,5,1,ZombieMan,3,SCATTER,18000,18000
CH05_MID_W15,5,2,AdvKnifeZombie,2,SCATTER,18000,18000
CH05_MID_W15,5,2,BasketZombie,3,SCATTER,18000,18000
CH05_MID_W15,5,2,ZombieWoman,2,SCATTER,18000,18000
CH05_MID_W15,5,2,RushZombieBoss2,1,LINE_LEFT,18000,18000
CH05_MID_W15,6,1,AdvKnifeZombie,2,SCATTER,20000,20000
CH05_MID_W15,6,1,NeighborZombie,2,SCATTER,20000,20000
CH05_MID_W15,6,1,ZzangDoleZombie,2,LINE_LEFT,20000,20000
CH05_MID_W15,6,2,BasketZombie,3,SCATTER,20000,20000
CH05_MID_W15,6,2,NeighborZombie,2,SCATTER,20000,20000
CH05_MID_W15,6,2,ZombieMan,3,SCATTER,20000,20000
CH05_MID_W15,7,1,AdvKnifePotionZombie,1,SCATTER,22000,22000
CH05_MID_W15,7,1,AdvKnifeZombie,4,SCATTER,22000,22000
CH05_MID_W15,7,1,ZombieMan,2,SCATTER,22000,22000
CH05_MID_W15,7,2,AdvKnifePotionZombie,1,SCATTER,22000,22000
CH05_MID_W15,7,2,AdvSupZombie,1,LINE_LEFT,22000,22000
CH05_MID_W15,7,2,BasketZombie,3,SCATTER,22000,22000
CH05_MID_W15,7,2,NeighborZombie,4,SCATTER,22000,22000
CH05_MID_W15,8,1,AdvKnifePotionZombie,2,SCATTER,24000,24000
CH05_MID_W15,8,1,BasketZombie,3,SCATTER,24000,24000
CH05_MID_W15,8,1,ZombieWoman,4,SCATTER,24000,24000
CH05_MID_W15,8,2,AdvKnifeZombie,2,SCATTER,24000,24000
CH05_MID_W15,8,2,AdvSupZombie,1,LINE_LEFT,24000,24000
CH05_MID_W15,8,2,NeighborZombie,2,SCATTER,24000,24000
CH05_MID_W15,8,2,ZombieMan,4,SCATTER,24000,24000
CH05_MID_W15,9,1,AdvKnifePotionZombie,1,SCATTER,26000,26000
CH05_MID_W15,9,1,AdvKnifeZombie,2,SCATTER,26000,26000
CH05_MID_W15,9,1,NeighborZombie,2,SCATTER,26000,26000
CH05_MID_W15,9,1,ZombieWoman,4,SCATTER,26000,26000
CH05_MID_W15,9,2,AdvKnifeZombie,1,SCATTER,26000,26000
CH05_MID_W15,9,2,AdvSupZombie,1,LINE_LEFT,26000,26000
CH05_MID_W15,9,2,BasketZombie,4,SCATTER,26000,26000
CH05_MID_W15,9,2,NeighborZombie,4,SCATTER,26000,26000
CH05_MID_W15,10,1,NeighborZombie,4,SCATTER,28000,28000
CH05_MID_W15,10,1,ZombieWoman,2,SCATTER,28000,28000
CH05_MID_W15,10,2,AdvKnifePotionZombie,2,SCATTER,28000,28000
CH05_MID_W15,10,2,BasketZombie,4,SCATTER,28000,28000
CH05_MID_W15,10,2,ZzangDoleZombie,3,LINE_LEFT,28000,28000
CH05_MID_W15,10,2,AdvandMagBossZombie,1,LINE_LEFT,28000,28000
CH05_MID_W15,11,1,AdvKnifeZombie,3,SCATTER,30000,30000
CH05_MID_W15,11,1,NeighborZombie,1,SCATTER,30000,30000
CH05_MID_W15,11,1,ZombieWoman,4,SCATTER,30000,30000
CH05_MID_W15,11,2,AdvKnifePotionZombie,2,SCATTER,30000,30000
CH05_MID_W15,11,2,AdvKnifeZombie,3,SCATTER,30000,30000
CH05_MID_W15,11,2,AdvSupZombie,1,LINE_LEFT,30000,30000
CH05_MID_W15,11,2,BasketZombie,4,SCATTER,30000,30000
CH05_MID_W15,12,1,AdvKnifeZombie,2,SCATTER,32000,32000
CH05_MID_W15,12,1,BasketZombie,3,SCATTER,32000,32000
CH05_MID_W15,12,1,ZombieWoman,3,SCATTER,32000,32000
CH05_MID_W15,12,2,AdvKnifePotionZombie,1,SCATTER,32000,32000
CH05_MID_W15,12,2,AdvKnifeZombie,2,SCATTER,32000,32000
CH05_MID_W15,12,2,NeighborZombie,4,SCATTER,32000,32000
CH05_MID_W15,12,2,ZombieMan,4,SCATTER,32000,32000
CH05_MID_W15,13,1,AdvKnifeZombie,4,SCATTER,34000,34000
CH05_MID_W15,13,1,BasketZombie,3,SCATTER,34000,34000
CH05_MID_W15,13,1,ZzangDoleZombie,3,LINE_LEFT,34000,34000
CH05_MID_W15,13,2,AdvKnifePotionZombie,1,SCATTER,34000,34000
CH05_MID_W15,13,2,AdvKnifeZombie,4,SCATTER,34000,34000
CH05_MID_W15,13,2,BasketZombie,3,SCATTER,34000,34000
CH05_MID_W15,13,2,NeighborZombie,3,SCATTER,34000,34000
CH05_MID_W15,14,1,AdvKnifePotionZombie,2,SCATTER,36000,36000
CH05_MID_W15,14,1,AdvKnifeZombie,1,SCATTER,36000,36000
CH05_MID_W15,14,1,BasketZombie,3,SCATTER,36000,36000
CH05_MID_W15,14,1,ZombieMan,3,SCATTER,36000,36000
CH05_MID_W15,14,2,AdvKnifeZombie,4,SCATTER,36000,36000
CH05_MID_W15,14,2,AdvSupZombie,1,LINE_LEFT,36000,36000
CH05_MID_W15,14,2,BasketZombie,4,SCATTER,36000,36000
CH05_MID_W15,14,2,NeighborZombie,3,SCATTER,36000,36000
CH05_MID_W15,15,1,BasketZombie,4,SCATTER,38000,38000
CH05_MID_W15,15,1,NeighborZombie,1,SCATTER,38000,38000
CH05_MID_W15,15,1,ZzangDoleZombie,3,LINE_LEFT,38000,38000
CH05_MID_W15,15,2,AdvKnifePotionZombie,1,SCATTER,38000,38000
CH05_MID_W15,15,2,AdvKnifeZombie,3,SCATTER,38000,38000
CH05_MID_W15,15,2,BasketZombie,4,SCATTER,38000,38000
CH05_MID_W15,15,2,NeighborZombie,3,SCATTER,38000,38000
CH05_MID_W15,15,2,HighArmoredBossZombie,1,LINE_LEFT,38000,38000
CH05_LATE_W15,1,1,AdvKnifeZombie,3,SCATTER,10000,10000
CH05_LATE_W15,1,1,ZzangDoleZombie,2,LINE_LEFT,10000,10000
CH05_LATE_W15,1,2,NeighborZombie,3,SCATTER,10000,10000
CH05_LATE_W15,1,2,ZombieWoman,3,SCATTER,10000,10000
CH05_LATE_W15,2,1,AdvKnifeZombie,3,SCATTER,12000,12000
CH05_LATE_W15,2,1,ZzangDoleZombie,3,LINE_LEFT,12000,12000
CH05_LATE_W15,2,2,AdvArmoredZombie,2,LINE_CENTER,12000,12000
CH05_LATE_W15,2,2,BasketZombie,2,SCATTER,12000,12000
CH05_LATE_W15,2,2,ZombieWoman,3,SCATTER,12000,12000
CH05_LATE_W15,3,1,AdvKnifeZombie,3,SCATTER,14000,14000
CH05_LATE_W15,3,1,AdvSupZombie,1,LINE_LEFT,14000,14000
CH05_LATE_W15,3,1,ZombieMan,2,SCATTER,14000,14000
CH05_LATE_W15,3,2,AdvandMagZombie,1,LINE_LEFT,14000,14000
CH05_LATE_W15,3,2,BasketZombie,4,SCATTER,14000,14000
CH05_LATE_W15,3,2,ZombieWoman,3,SCATTER,14000,14000
CH05_LATE_W15,4,1,AdvSupZombie,1,LINE_LEFT,16000,16000
CH05_LATE_W15,4,1,BasketZombie,3,SCATTER,16000,16000
CH05_LATE_W15,4,1,ZombieMan,4,SCATTER,16000,16000
CH05_LATE_W15,4,2,AdvKnifePotionZombie,1,SCATTER,16000,16000
CH05_LATE_W15,4,2,AdvKnifeZombie,2,SCATTER,16000,16000
CH05_LATE_W15,4,2,BasketZombie,1,SCATTER,16000,16000
CH05_LATE_W15,4,2,NeighborZombie,4,SCATTER,16000,16000
CH05_LATE_W15,5,1,AdvKnifeZombie,3,SCATTER,18000,18000
CH05_LATE_W15,5,1,ZombieWoman,2,SCATTER,18000,18000
CH05_LATE_W15,5,2,AdvKnifeZombie,3,SCATTER,18000,18000
CH05_LATE_W15,5,2,ZombieWoman,2,SCATTER,18000,18000
CH05_LATE_W15,5,2,ZzangDoleZombie,2,LINE_LEFT,18000,18000
CH05_LATE_W15,5,2,AdvandMagBossZombie,1,LINE_LEFT,18000,18000
CH05_LATE_W15,6,1,AdvandMagZombie,1,LINE_LEFT,20000,20000
CH05_LATE_W15,6,1,BasketZombie,3,SCATTER,20000,20000
CH05_LATE_W15,6,1,ZzangDoleZombie,2,LINE_LEFT,20000,20000
CH05_LATE_W15,6,2,AdvKnifePotionZombie,1,SCATTER,20000,20000
CH05_LATE_W15,6,2,BasketZombie,2,SCATTER,20000,20000
CH05_LATE_W15,6,2,NeighborZombie,4,SCATTER,20000,20000
CH05_LATE_W15,6,2,SFUZombie,1,LINE_LEFT,20000,20000
CH05_LATE_W15,7,1,BasketZombie,2,SCATTER,22000,22000
CH05_LATE_W15,7,1,NeighborZombie,2,SCATTER,22000,22000
CH05_LATE_W15,7,1,ZombieMan,3,SCATTER,22000,22000
CH05_LATE_W15,7,2,AdvArmoredZombie,2,LINE_CENTER,22000,22000
CH05_LATE_W15,7,2,AdvKnifeZombie,2,SCATTER,22000,22000
CH05_LATE_W15,7,2,AdvandMagZombie,1,LINE_LEFT,22000,22000
CH05_LATE_W15,7,2,NeighborZombie,4,SCATTER,22000,22000
CH05_LATE_W15,8,1,NeighborZombie,3,SCATTER,24000,24000
CH05_LATE_W15,8,1,SFUZombie,1,LINE_LEFT,24000,24000
CH05_LATE_W15,8,1,ZombieWoman,5,SCATTER,24000,24000
CH05_LATE_W15,8,2,AdvKnifeZombie,2,SCATTER,24000,24000
CH05_LATE_W15,8,2,AdvSupZombie,1,LINE_LEFT,24000,24000
CH05_LATE_W15,8,2,BasketZombie,2,SCATTER,24000,24000
CH05_LATE_W15,8,2,NeighborZombie,4,SCATTER,24000,24000
CH05_LATE_W15,9,1,AdvKnifePotionZombie,1,SCATTER,26000,26000
CH05_LATE_W15,9,1,AdvSupZombie,1,LINE_LEFT,26000,26000
CH05_LATE_W15,9,1,BasketZombie,2,SCATTER,26000,26000
CH05_LATE_W15,9,1,ZombieWoman,5,SCATTER,26000,26000
CH05_LATE_W15,9,2,AdvKnifePotionZombie,2,SCATTER,26000,26000
CH05_LATE_W15,9,2,AdvKnifeZombie,4,SCATTER,26000,26000
CH05_LATE_W15,9,2,AdvandMagZombie,1,LINE_LEFT,26000,26000
CH05_LATE_W15,9,2,BasketZombie,4,SCATTER,26000,26000
CH05_LATE_W15,10,1,AdvKnifeZombie,2,SCATTER,28000,28000
CH05_LATE_W15,10,1,ZombieMan,4,SCATTER,28000,28000
CH05_LATE_W15,10,2,AdvandMagZombie,2,LINE_LEFT,28000,28000
CH05_LATE_W15,10,2,NeighborZombie,4,SCATTER,28000,28000
CH05_LATE_W15,10,2,ZzangDoleZombie,3,LINE_LEFT,28000,28000
CH05_LATE_W15,10,2,HighArmoredBossZombie,1,LINE_LEFT,28000,28000
CH05_LATE_W15,11,1,AdvArmoredZombie,1,LINE_CENTER,30000,30000
CH05_LATE_W15,11,1,AdvKnifeZombie,1,SCATTER,30000,30000
CH05_LATE_W15,11,1,ZombieMan,6,SCATTER,30000,30000
CH05_LATE_W15,11,2,AdvKnifeZombie,4,SCATTER,30000,30000
CH05_LATE_W15,11,2,AdvandMagZombie,2,LINE_LEFT,30000,30000
CH05_LATE_W15,11,2,NeighborZombie,4,SCATTER,30000,30000
CH05_LATE_W15,12,1,AdvKnifePotionZombie,1,SCATTER,32000,32000
CH05_LATE_W15,12,1,BasketZombie,4,SCATTER,32000,32000
CH05_LATE_W15,12,1,ZombieWoman,4,SCATTER,32000,32000
CH05_LATE_W15,12,2,AdvKnifePotionZombie,2,SCATTER,32000,32000
CH05_LATE_W15,12,2,BasketZombie,4,SCATTER,32000,32000
CH05_LATE_W15,12,2,NeighborZombie,4,SCATTER,32000,32000
CH05_LATE_W15,12,2,SFUZombie,1,LINE_LEFT,32000,32000
CH05_LATE_W15,13,1,AdvKnifeZombie,3,SCATTER,34000,34000
CH05_LATE_W15,13,1,NeighborZombie,1,SCATTER,34000,34000
CH05_LATE_W15,13,1,ZombieWoman,6,SCATTER,34000,34000
CH05_LATE_W15,13,2,AdvKnifeZombie,4,SCATTER,34000,34000
CH05_LATE_W15,13,2,AdvandMagZombie,2,LINE_LEFT,34000,34000
CH05_LATE_W15,13,2,BasketZombie,4,SCATTER,34000,34000
CH05_LATE_W15,13,2,SFUZombie,1,LINE_LEFT,34000,34000
CH05_LATE_W15,14,1,AdvKnifeZombie,1,SCATTER,36000,36000
CH05_LATE_W15,14,1,AdvSupZombie,1,LINE_LEFT,36000,36000
CH05_LATE_W15,14,1,NeighborZombie,1,SCATTER,36000,36000
CH05_LATE_W15,14,1,ZombieMan,6,SCATTER,36000,36000
CH05_LATE_W15,14,2,AdvKnifePotionZombie,2,SCATTER,36000,36000
CH05_LATE_W15,14,2,AdvKnifeZombie,4,SCATTER,36000,36000
CH05_LATE_W15,14,2,BasketZombie,2,SCATTER,36000,36000
CH05_LATE_W15,14,2,NeighborZombie,4,SCATTER,36000,36000
CH05_LATE_W15,15,1,AdvKnifePotionZombie,1,SCATTER,38000,38000
CH05_LATE_W15,15,1,NeighborZombie,2,SCATTER,38000,38000
CH05_LATE_W15,15,1,ZombieWoman,5,SCATTER,38000,38000
CH05_LATE_W15,15,2,AdvKnifePotionZombie,1,SCATTER,38000,38000
CH05_LATE_W15,15,2,AdvKnifeZombie,3,SCATTER,38000,38000
CH05_LATE_W15,15,2,BasketZombie,4,SCATTER,38000,38000
CH05_LATE_W15,15,2,NeighborZombie,4,SCATTER,38000,38000
CH05_LATE_W15,15,2,AdvBuskerZombie,1,LINE_LEFT,38000,38000
CH05_END_W15,1,1,AdvKnifeZombie,3,SCATTER,10000,10000
CH05_END_W15,1,1,ZombieMan,2,SCATTER,10000,10000
CH05_END_W15,1,2,BasketZombie,2,SCATTER,10000,10000
CH05_END_W15,1,2,ZombieMan,4,SCATTER,10000,10000
CH05_END_W15,2,1,AdvKnifeZombie,3,SCATTER,12000,12000
CH05_END_W15,2,1,ZombieMan,3,SCATTER,12000,12000
CH05_END_W15,2,2,AdvKnifeZombie,1,SCATTER,12000,12000
CH05_END_W15,2,2,BasketZombie,3,SCATTER,12000,12000
CH05_END_W15,2,2,ZombieMan,3,SCATTER,12000,12000
CH05_END_W15,3,1,AdvSupZombie,1,LINE_LEFT,14000,14000
CH05_END_W15,3,1,BasketZombie,3,SCATTER,14000,14000
CH05_END_W15,3,1,ZombieMan,2,SCATTER,14000,14000
CH05_END_W15,3,2,AdvArmoredZombie,1,LINE_CENTER,14000,14000
CH05_END_W15,3,2,NeighborZombie,2,SCATTER,14000,14000
CH05_END_W15,3,2,ZombieWoman,5,SCATTER,14000,14000
CH05_END_W15,4,1,NeighborZombie,3,SCATTER,16000,16000
CH05_END_W15,4,1,ZombieMan,3,SCATTER,16000,16000
CH05_END_W15,4,1,ZombieWoman,2,SCATTER,16000,16000
CH05_END_W15,4,2,AdvKnifePotionZombie,2,SCATTER,16000,16000
CH05_END_W15,4,2,AdvKnifeZombie,2,SCATTER,16000,16000
CH05_END_W15,4,2,NeighborZombie,3,SCATTER,16000,16000
CH05_END_W15,4,2,SFUZombie,1,LINE_LEFT,16000,16000
CH05_END_W15,5,1,BasketZombie,3,SCATTER,18000,18000
CH05_END_W15,5,1,ZombieMan,2,SCATTER,18000,18000
CH05_END_W15,5,2,AdvandMagZombie,2,LINE_LEFT,18000,18000
CH05_END_W15,5,2,NeighborZombie,3,SCATTER,18000,18000
CH05_END_W15,5,2,ZombieMan,3,SCATTER,18000,18000
CH05_END_W15,5,2,HighArmoredBossZombie,1,LINE_LEFT,18000,18000
CH05_END_W15,6,1,BasketZombie,2,SCATTER,20000,20000
CH05_END_W15,6,1,NeighborZombie,1,SCATTER,20000,20000
CH05_END_W15,6,1,ZzangDoleZombie,3,LINE_LEFT,20000,20000
CH05_END_W15,6,2,AdvKnifeZombie,2,SCATTER,20000,20000
CH05_END_W15,6,2,BasketZombie,3,SCATTER,20000,20000
CH05_END_W15,6,2,NeighborZombie,3,SCATTER,20000,20000
CH05_END_W15,7,1,AdvKnifePotionZombie,1,SCATTER,22000,22000
CH05_END_W15,7,1,BasketZombie,3,SCATTER,22000,22000
CH05_END_W15,7,1,ZombieMan,3,SCATTER,22000,22000
CH05_END_W15,7,2,AdvKnifePotionZombie,1,SCATTER,22000,22000
CH05_END_W15,7,2,AdvKnifeZombie,4,SCATTER,22000,22000
CH05_END_W15,7,2,AdvandMagZombie,2,LINE_LEFT,22000,22000
CH05_END_W15,7,2,NeighborZombie,2,SCATTER,22000,22000
CH05_END_W15,8,1,BasketZombie,3,SCATTER,24000,24000
CH05_END_W15,8,1,NeighborZombie,2,SCATTER,24000,24000
CH05_END_W15,8,1,ZombieMan,4,SCATTER,24000,24000
CH05_END_W15,8,2,AdvArmoredZombie,1,LINE_CENTER,24000,24000
CH05_END_W15,8,2,AdvKnifePotionZombie,1,SCATTER,24000,24000
CH05_END_W15,8,2,BasketZombie,4,SCATTER,24000,24000
CH05_END_W15,8,2,NeighborZombie,3,SCATTER,24000,24000
CH05_END_W15,9,1,AdvArmoredTwoZombie,1,LINE_LEFT,26000,26000
CH05_END_W15,9,1,AdvKnifeZombie,3,SCATTER,26000,26000
CH05_END_W15,9,1,NeighborZombie,2,SCATTER,26000,26000
CH05_END_W15,9,1,ZombieWoman,3,SCATTER,26000,26000
CH05_END_W15,9,2,AdvKnifePotionZombie,2,SCATTER,26000,26000
CH05_END_W15,9,2,AdvKnifeZombie,4,SCATTER,26000,26000
CH05_END_W15,9,2,NeighborZombie,4,SCATTER,26000,26000
CH05_END_W15,9,2,SFUZombie,1,LINE_LEFT,26000,26000
CH05_END_W15,10,1,BasketZombie,4,SCATTER,28000,28000
CH05_END_W15,10,1,ZombieWoman,2,SCATTER,28000,28000
CH05_END_W15,10,2,AdvArmoredTwoZombie,1,LINE_LEFT,28000,28000
CH05_END_W15,10,2,AdvKnifeZombie,4,SCATTER,28000,28000
CH05_END_W15,10,2,ZombieMan,4,SCATTER,28000,28000
CH05_END_W15,10,2,AdvBuskerZombie,1,LINE_LEFT,28000,28000
CH05_END_W15,11,1,AdvArmoredTwoZombie,1,LINE_LEFT,30000,30000
CH05_END_W15,11,1,NeighborZombie,3,SCATTER,30000,30000
CH05_END_W15,11,1,ZombieWoman,4,SCATTER,30000,30000
CH05_END_W15,11,2,AdvArmoredZombie,1,LINE_CENTER,30000,30000
CH05_END_W15,11,2,AdvKnifeZombie,3,SCATTER,30000,30000
CH05_END_W15,11,2,AdvandMagZombie,2,LINE_LEFT,30000,30000
CH05_END_W15,11,2,BasketZombie,4,SCATTER,30000,30000
CH05_END_W15,12,1,AdvArmoredTwoZombie,1,LINE_LEFT,32000,32000
CH05_END_W15,12,1,NeighborZombie,4,SCATTER,32000,32000
CH05_END_W15,12,1,ZombieMan,4,SCATTER,32000,32000
CH05_END_W15,12,2,AdvKnifePotionZombie,2,SCATTER,32000,32000
CH05_END_W15,12,2,AdvKnifeZombie,4,SCATTER,32000,32000
CH05_END_W15,12,2,AdvSupZombie,1,LINE_LEFT,32000,32000
CH05_END_W15,12,2,BasketZombie,4,SCATTER,32000,32000
CH05_END_W15,13,1,AdvKnifeZombie,4,SCATTER,34000,34000
CH05_END_W15,13,1,SFUZombie,1,LINE_LEFT,34000,34000
CH05_END_W15,13,1,ZombieMan,6,SCATTER,34000,34000
CH05_END_W15,13,2,AdvArmoredZombie,2,LINE_CENTER,34000,34000
CH05_END_W15,13,2,AdvKnifeZombie,4,SCATTER,34000,34000
CH05_END_W15,13,2,AdvandMagZombie,2,LINE_LEFT,34000,34000
CH05_END_W15,13,2,BasketZombie,3,SCATTER,34000,34000
CH05_END_W15,14,1,AdvArmoredZombie,1,LINE_CENTER,36000,36000
CH05_END_W15,14,1,BasketZombie,2,SCATTER,36000,36000
CH05_END_W15,14,1,SFUZombie,1,LINE_LEFT,36000,36000
CH05_END_W15,14,1,ZombieWoman,6,SCATTER,36000,36000
CH05_END_W15,14,2,AdvKnifePotionZombie,2,SCATTER,36000,36000
CH05_END_W15,14,2,AdvKnifeZombie,4,SCATTER,36000,36000
CH05_END_W15,14,2,BasketZombie,3,SCATTER,36000,36000
CH05_END_W15,14,2,NeighborZombie,3,SCATTER,36000,36000
CH05_END_W15,15,1,AdvArmoredTwoZombie,1,LINE_LEFT,38000,38000
CH05_END_W15,15,1,AdvKnifeZombie,4,SCATTER,38000,38000
CH05_END_W15,15,1,ZombieMan,3,SCATTER,38000,38000
CH05_END_W15,15,2,AdvArmoredZombie,2,LINE_CENTER,38000,38000
CH05_END_W15,15,2,AdvKnifeZombie,4,SCATTER,38000,38000
CH05_END_W15,15,2,AdvandMagZombie,2,LINE_LEFT,38000,38000
CH05_END_W15,15,2,BasketZombie,4,SCATTER,38000,38000
CH05_END_W15,15,2,YeahMagZombie,1,LINE_LEFT,38000,38000
